name,smiles
CHEMBL66210,N#Cc1cccc(C(=O)O)c1
CHEMBL71197,N#[N+]c1cccc(C(=O)[O-])c1
CHEMBL40426,CC(=O)Oc1ccc(N)cc1
CHEMBL305741,N#[N+]c1nccn1CC(=O)[O-]
CHEMBL282068,Nc1cccc(CC(=O)O)n1
CHEMBL50725,Cc1ccc(C(=O)O)c(O)n1
MESALAMINE,Nc1ccc(O)c(C(=O)O)c1
ARECOLINE,COC(=O)C1=CCCN(C)C1
CHEMBL65298,CCCC(N=C=O)C(=O)OC
CHEMBL72591,CC(C)C1CN(C(=O)O)C1=O
CHEMBL292500,NCC1CCC(C(=O)O)CC1
DIHYDROOROTATE,O=C1CC(C(=O)O)NC(=O)N1
CHEMBL284895,NC(C(=O)O)c1cc(O)no1
CHEMBL75711,O=NN1CCCCC1C(=O)O
CHEMBL38817,C=C(CC(N)C(=O)O)C(=O)O
CHEMBL52461,CC(N)C(=O)NC(C)C(=O)O
CHEMBL33544,C[N+](C)(C)CC(N)CC(=O)[O-]
METHACHOLINE,CC(=O)OC(C)C[N+](C)(C)C
INDOLE-2-CARBOXYLIC ACID,O=C(O)c1cc2ccccc2[nH]1
CHEMBL38241,CC(CC(N)C(=O)O)C(=O)O
CHEMBL37859,NC/C=C/C(N)(CF)C(=O)O
CHEMBL67007,O=C(O)c1cn2ccncc2n1
CHEMBL280922,C=CCOC(=O)c1cnccn1
CHEMBL38759,NCCCC(N)(CF)C(=O)O
DL-PHENYLALANINE,NC(Cc1ccccc1)C(=O)O
BENZOCAINE,CCOC(=O)c1ccc(N)cc1
CHEMBL19792,CCCOC(=O)c1cnccn1
CHEMBL274839,O=C(O)c1cccc([N+](=O)[O-])c1
DIPICOLINIC ACID,O=C(O)c1cccc(C(=O)O)n1
QUINOLINIC ACID,O=C(O)c1cccnc1C(=O)O
CHEMBL69448,N#[N+]c1nc(CC(=O)[O-])cs1
CHEMBL70480,N#[N+]c1ncc(CC(=O)[O-])s1
CHEMBL297209,Cc1nc(CC(N)C(=O)O)c[nH]1
CHEMBL64000,CC(=O)OC1CC2CCCC1N2
CHEMBL304551,CC(=O)OC1CC2CC1N(C)C2
CHEMBL14648,COC(=O)C1CN2CCC1CC2
CHEMBL64788,COC(=O)C1CC2CCCC1N2
ACECLIDINE,CC(=O)OC1CN2CCC1CC2
CHEMBL275510,Cn1cc([N+](=O)[O-])cc1C(=O)O
CHEMBL276267,Cn1c(C(=O)O)ccc1[N+](=O)[O-]
CHEMBL17539,COC(=O)N1N=C(C)N=NC1C
CHEMBL17174,CCc1[nH]c(O)nc1C(=O)OC
CHEMBL294483,CCOC(=O)NN1CC=CCC1
CHEMBL39512,CCC(=O)OC1CCN(C)CC1
GABAPENTIN,NCC1(CC(=O)O)CCCCC1
CHEMBL36767,Nc1ccc(Cl)cc1C(=O)O
CHEMBL41352,CNC(C(=O)O)c1cc(O)no1
CHEMBL9907,NC(Cc1cc(O)no1)C(=O)O
CHEMBL280585,Cc1onc(O)c1C(N)C(=O)O
CHEMBL412445,CC(N)(C(=O)O)C1CC1C(=O)O
CHEMBL77595,N#C/C(=C\c1ccccc1)C(=O)O
CHEMBL275098,O=C(O)c1cnc2ccccc2c1
CHEMBL62690,CN(C)C(=O)Oc1cnsn1
CHEMBL48431,COC(=O)CCCCN=C=S
CHEMBL23328,Cc1ccc2[nH]c(C(=O)O)cc2c1
CHEMBL36834,Cn1c(C(=O)O)cc2ccccc21
CHEMBL67752,NC(C(=O)O)C(C(=O)O)C(=O)O
CHEMBL45286,O=C(O)/C=C/C(=O)c1cccnc1
CHEMBL66697,COC(=O)c1cn2ccncc2n1
CHEMBL11912,O=C(O)C1Cc2ccccc2CN1
5-FLUOROINDOLE-2-CARBOXYLIC ACID,O=C(O)c1cc2cc(F)ccc2[nH]1
HIPPURIC ACID,O=C(O)CNC(=O)c1ccccc1
4-GUANIDINO-BENZOIC ACID,N=C(N)Nc1ccc(C(=O)O)cc1
FUSARIC ACID,CCCCc1ccc(C(=O)O)nc1
CHEMBL26901,NC(CC(=O)O)Cc1ccccc1
CHEMBL288614,NC/C=C/C(N)(C(=O)O)C(F)F
CHEMBL280828,O=C(O)Cc1cccnc1C(=O)O
4-NITROPHENYL ACETATE,CC(=O)Oc1ccc([N+](=O)[O-])cc1
CHEMBL412663,COC(=O)C1=CCC2CCC1N2C
EFLORNITHINE,NCCCC(N)(C(=O)O)C(F)F
CHEMBL293975,O=C1NCC2(CN3CCC2CC3)O1
CHEMBL285843,NC(CCP(=O)(O)O)C(=O)O
CHEMBL66105,NC(C(=O)O)c1cc(O)cc(O)c1
M-FLUOROPHENYLALANINE,NC(Cc1cccc(F)c1)C(=O)O
CHEMBL294352,COC(=O)C1CC2NC1CCC2=O
CHEMBL65182,CC(=O)OC1CC2CC(=O)CC1N2
CHEMBL294273,CC(=O)OC1CC2CCCC1N2C
CHEMBL11468,COC(=O)c1ccc([N+](=O)[O-])n1C
CHEMBL273749,COC(=O)c1cn(C)cc1[N+](=O)[O-]
CHEMBL77348,COC(=O)N(C)CC#CCN(C)C
CHEMBL294000,CCOC(=O)C1=C(NC)OCC1=O
CHEMBL38889,NC1(C(=O)O)CC2CC1C2C(=O)O
CHEMBL76400,NCC(CC(=O)O)C1CCCCC1
"(R,S)-AMPA",Cc1onc(O)c1CC(N)C(=O)O
CHEMBL268762,Cc1c(O)noc1CC(N)C(=O)O
CHEMBL287737,CCNC(C(=O)O)c1cc(O)no1
CHEMBL19384,O=C(OCCCl)c1cnccn1
CHEMBL56060,CCOC(=O)ON1C(=O)CCC1=O
CHEMBL65093,NC(CN1CC(=O)NC1=O)C(=O)O
CHEMBL77278,Cc1ccc(/C=C(\C#N)C(=O)O)cc1
CHEMBL292265,Cc1nsnc1OC(=O)N(C)C
CHEMBL267232,NC(/C=C/CC(N)C(=O)O)C(=O)O
alpha-CYANO-4-HYDROXYCINNAMIC ACID,N#C/C(=C\c1ccc(O)cc1)C(=O)O
TRANSTORINE,O=C(O)c1cc(=O)c2ccccc2[nH]1
GLYCYLGLYCYLGLYCINE,NCC(=O)NCC(=O)NCC(=O)O
CHEMBL57285,O=C(O)C(=O)c1c[nH]c2ccccc12
CARACEMIDE,CNC(=O)ON(C(C)=O)C(=O)NC
CHEMBL67787,COC(=O)C(CCSC)N=C=O
CHEMBL23961,COc1ccc2[nH]c(C(=O)O)cc2c1
CHEMBL66557,CCOC(=O)c1cn2ccncc2n1
CHEMBL58404,O=C1CC(C(=O)O)Nc2ccccc21
CHEMBL297432,COC(=O)/C=C/C(=O)c1cccnc1
CARBENDAZIM,COC(=O)Nc1nc2ccccc2[nH]1
CHEMBL26825,COC(=O)c1ccc2c(c1)CNCC2
CHEMBL273939,COC(=O)C1Cc2ccccc2CN1
CHEMBL8708,NC1(C(=O)O)CCc2ccccc2C1
CHEMBL413545,NNC(N)NCCCC(N)C(=O)O
CHEMBL274877,Cc1ccc(C(=O)NCC(=O)O)cc1
CHEMBL276168,CC(=O)N(CC(=O)O)c1ccccc1
CHEMBL66391,CN(CC(=O)O)C(=O)c1ccccc1
CHEMBL422037,CN(C)/N=N/c1ccc(C(=O)O)cc1
CHEMBL45910,CN(C)/N=N/c1ccccc1C(=O)O
CHEMBL29253,O=C(O)CN(CCS)CC(=O)O
CHEMBL276221,Nc1ccccc1C(=O)NCC(=O)O
CHEMBL286436,NC(=O)CNc1ccc(C(=O)O)cc1
AMINOHIPPURIC ACID,Nc1ccc(C(=O)NCC(=O)O)cc1
CHEMBL440648,NC1(C(=O)O)CC1CP(=O)(O)O
CHEMBL29687,NC(C/C=C/P(=O)(O)O)C(=O)O
CHEMBL49180,CC(CP(=O)(O)C(C)N)C(=O)O
CHEMBL443231,O=C(O)CNc1ccccc1C(=O)O
CHEMBL286270,O=C(O)CNc1ccc(C(=O)O)cc1
CHEMBL30012,NC(C(=O)O)c1cccc(C(=O)O)c1
SALICYLURIC ACID,O=C(O)CNC(=O)c1ccccc1O
CHEMBL72405,COC(=O)c1cccc(C(=O)OC)n1
CHEMBL19567,CN(C)CCOC(=O)c1cnccn1
CHEMBL23134,O=C(O)c1cc2ccc(Cl)cc2[nH]1
5-CHLOROINDOLE-2-CARBOXYLIC ACID,O=C(O)c1cc2cc(Cl)ccc2[nH]1
CHEMBL288945,CNc1ccc([N+](=O)[O-])cc1C(=O)O
CHEMBL22586,O=C(O)c1nc2cc(Cl)ccc2[nH]1
CHEMBL28862,NC(CCCP(=O)(O)O)C(=O)O
CHEMBL62560,CC(=O)OC1CC2CC(=O)CC1N2C
CHEMBL65910,NCCCCC(C(=O)O)c1c[nH]cn1
CHEMBL45225,CC(C)c1nc(CC(N)C(=O)O)c[nH]1
CHEMBL281321,NC(CS)c1cccc(C(=O)O)c1
CHEMBL26382,NC(CS)c1ccc(C(=O)O)cc1
CHEMBL18180,CCCOC(=O)N1N=C(C)N=NC1C
CHEMBL78304,COC(=O)N(C)C(C)C#CCN(C)C
CHEMBL39185,NC1(C(=O)O)C2CCC1C(C(=O)O)C2
CHEMBL39215,NC1(C(=O)O)CC2CCC1C2C(=O)O
CHEMBL40154,CC(C)(C)C(=O)N1CCCC1C(=O)O
CHEMBL277823,CCCCCC(=O)NC1CCOC1=O
CHEMBL305331,COC(=O)C1C(O)CC2CCC1N2C
RONIDAZOLE,Cn1c([N+](=O)[O-])cnc1COC(N)=O
CHEMBL66380,O=C(O)CNC(=O)NC1CCCCC1
CHEMBL301386,CN(N=O)C(=O)ON1C(=O)CCC1=O
CARZENIDE,NS(=O)(=O)c1ccc(C(=O)O)cc1
CARBARIL,CNC(=O)Oc1cccc2ccccc12
CHEMBL27690,CC(C)CC(N)C(=O)CC(C)C(=O)O
CHEMBL8185,C=C(CC(N)C(=O)O)CC(N)C(=O)O
CHEMBL67332,NC(CCCC1(C(=O)O)CN1)C(=O)O
CHEMBL8326,C/C(=C/C(N)C(=O)O)CC(N)C(=O)O
CHEMBL8396,CC(N)(/C=C/CC(N)C(=O)O)C(=O)O
CHEMBL428337,C/C(=C\C(N)C(=O)O)CC(N)C(=O)O
CHEMBL36063,CC(=O)NC(CC(=O)[O-])C[N+](C)(C)C
CHEMBL51773,COc1cc(C(=O)O)nc2ccccc12
CHEMBL39823,Cc1ccc2ccc(C(=O)O)c(O)c2n1
CHEMBL77524,COc1ccc(/C=C(\C#N)C(=O)O)cc1
CHEMBL278124,Cc1ccc2nc(C(=O)O)cc(O)c2c1
CHEMBL35922,O=C1NC(=O)C2(CCc3ccccc32)O1
CHEMBL11707,O=C(O)CN1CCCC(CS)C1=O
CHEMBL268238,CC(CC(N)C(=O)O)CC(N)C(=O)O
CHEMBL7882,CC(N)(CCCC(N)C(=O)O)C(=O)O
CHEMBL284592,N#CCCCNc1ccc(C(=O)O)cc1
XANTHURENATE,O=C(O)c1cc(O)c2cccc(O)c2n1
CHEMBL73820,N#C/C(=C\c1ccc(O)c(O)c1)C(=O)O
CHEMBL40727,CCC1(c2ccccc2)OC(=O)NC1=O
CHEMBL10421,O=C(OCN1CCC1=O)c1ccccc1
CHEMBL33441,O=C(O)c1ccc(N2CCCC2=O)cc1
CHEMBL291407,CCOC(=O)c1[nH]c2nccnc2c1C
CHEMBL303019,CCOC(=O)c1c(C)nc2cnccn12
CHEMBL75295,O=C1OCCN1CC#CCn1ccnc1
CHEMBL19568,O=C(OCC(F)(F)F)c1cnccn1
CHEMBL10787,O=C(O)C1CN=C(c2ccccc2O)N1
CHEMBL72366,NC(Cc1onc(O)c1Cl)C(=O)O
CHEMBL22136,NC1(C(=O)O)CC(=CP(=O)(O)O)C1
CHEMBL32972,NC1(C(=O)O)CC=C(P(=O)(O)O)C1
CHEMBL32651,NC1(C(=O)O)C=C(P(=O)(O)O)CC1
CHEMBL278358,O=C(O)c1cc(O)c2cc(F)ccc2n1
CHEMBL45288,CCOC(=O)c1ncn2ccc(O)nc12
CHEMBL278374,O=C(O)CCNc1[nH]cnc2ncnc1-2
CHEMBL19764,CC(=O)OCn1oc(=O)c2ccccc21
CHEMBL9704,CCN(C)/N=N/c1ccc(C(=O)O)cc1
CHEMBL20485,N=C(N)NC(CC(=O)O)c1ccccc1
CHEMBL296242,COC(=O)c1cccc(/N=N/N(C)C)c1
CHEMBL45287,COC(=O)c1ccccc1/N=N/N(C)C
CHEMBL307955,COC(=O)NCC#CCn1cncc1C
CHEMBL298427,COC(=O)c1ccc(/N=N/N(C)C)cc1
CHEMBL73404,COC(=O)N(C)CC#CCn1ccnc1
TOLOXATONE,Cc1cccc(N2CC(CO)OC2=O)c1
CHEMBL74792,O=C1OCCN1CC#CCN1CCCC1
CHEMBL43839,NC(C(=O)O)C1CC1CP(=O)(O)O
CGP-37849,C/C(=C\C(N)C(=O)O)CP(=O)(O)O
CHEMBL29255,O=C(O)CNC/C=C/CP(=O)(O)O
CHEMBL297948,CCC(CP(=O)(O)C(C)N)C(=O)O
CHEMBL276766,O=C(O)CCNC(=O)c1ccccc1O
CHEMBL8441,COc1ccc(C(=O)NCC(=O)O)cc1
CHEMBL282647,O=C(O)CCNc1ccc(C(=O)O)cc1
CHEMBL299683,CC(N)(C(=O)O)c1ccc(C(=O)O)cc1
CHEMBL287851,O=C(O)C1NCCc2cc(O)c(O)cc21
CHEMBL46746,CCOC(=O)c1ncn2c1NC(=O)CC2
CHEMBL73257,COC(=O)N(C)CC#CCN1CCCC1
CHEMBL29587,NC(CCCCP(=O)(O)O)C(=O)O
CHEMBL310906,CC(=O)OC/C(C)=C1\CN(C(C)=O)C1=O
CHEMBL73514,CC(=O)OC/C(C)=C1/CN(C(C)=O)C1=O
METHYLDOPA (RACEMIC),CC(N)(Cc1ccc(O)c(O)c1)C(=O)O
CHEMBL45171,CC(C)(C)c1nc(CC(N)C(=O)O)c[nH]1
CHEMBL69955,CC(CN)CCC(C(=O)O)c1c[nH]cn1
CHEMBL25915,NC(CS)Cc1ccc(C(=O)O)cc1
CHEMBL283227,NC(CS)Cc1cccc(C(=O)O)c1
CHEMBL11908,O=C(O)c1cc2c3ccccc3nc-2c[nH]1
CHEMBL34382,C/C(=N\NCCC1CCCCC1)C(=O)O
CHEMBL290943,C=C(C)C1CNC(C(=O)O)C1CC(=O)O
FENAMIC ACID,O=C(O)c1ccccc1Nc1ccccc1
CHEMBL288717,CC(=O)OC1COC2(CCN(C)CC2)C1
4-CHLOROHIPPURIC ACID,O=C(O)CNC(=O)c1ccc(Cl)cc1
BACLOFEN,NCC(CC(=O)O)c1ccc(Cl)cc1
CHEMBL294882,CC(c1ccc(C(=O)O)o1)N(O)C(N)=O
CHEMBL12442,Cc1onc(C(=O)O)c1CC(N)C(=O)O
CHEMBL41117,Cc1nc(COC(N)=O)n(C)c1[N+](=O)[O-]
CHEMBL19690,Cc1ccc(OC(=O)c2cnccn2)cc1
CHEMBL66518,COC(=O)CNC(=O)NC1CCCCC1
CHEMBL304297,O=C(O)CCNC(=O)NC1CCCCC1
CHEMBL302840,O=C(O)CCC(=O)N1CCCC1C(=O)O
CHEMBL37054,O=C(O)CNS(=O)(=O)c1ccccc1
CHEMBL33352,O=C(O)C(Cc1ccccc1)c1c[nH]cn1
CHEMBL77436,CN(C)c1ccc(/C=C(\C#N)C(=O)O)cc1
CHEMBL24467,CC(=O)Oc1ccc(Nn2cccc2)cc1
CHEMBL441433,O=C(O)c1cccc(N2C(=O)C=CC2=O)c1
CHEMBL74713,O=C(O)c1cc(C(=O)O)c2ccccc2n1
CHEMBL64455,Cc1cc(=O)n(CC(=O)O)c2ccccc12
CHEMBL278340,CCc1ccc2nc(C(=O)O)cc(O)c2c1
CHEMBL416006,Cc1cc(C)c2c(O)cc(C(=O)O)nc2c1
CHEMBL285628,O=C1NC(=O)C2(CCCc3ccccc32)O1
CHEMBL9143,C#CCN(C)/N=N/c1ccc(C(=O)O)cc1
CHEMBL27686,CC(CS)C(=O)N1CCCC1C(=O)O
CHEMBL26376,NC(CS)CC1CCC(C(=O)O)CC1
CHEMBL27519,NC(CS)CC1CCCC(C(=O)O)C1
CHEMBL67000,CC(C)C(C(=O)NO)C(=O)NCC(=O)O
CHEMBL6781,CCOC(=O)c1cc2ccccn2c(=O)n1
CHEMBL25636,O=C(O)c1cccn1Nc1ccc(O)cc1
CHEMBL274076,O=C(O)c1cn2c(n1)sc1ccccc12
MEPROBAMATE,CCCC(C)(COC(N)=O)COC(N)=O
CHEMBL443001,O=C(O)CCCCc1cccc2cncn12
CHEMBL23754,O=C(O)Cc1c(C(=O)O)[nH]c2ccccc12
CHEMBL20890,COC(=O)Nc1ccc(-c2ncon2)cc1
CHEMBL64582,COC(=O)c1ccc2c(c1)C(=O)C(=O)N2C
CHEMBL21358,COc1ccc2nc(C(=O)O)cc(O)c2c1
CHEMBL300231,O=C(O)C1=C(Nc2ccccc2)OCC1=O
CHEMBL293377,CC1C=C(c2ccc([N+](=O)[O-])cc2)C(=O)O1
CHEMBL52722,O=C(O)c1cccc(N2C(=O)CCC2=O)c1
CHEMBL45014,CC(=O)c1ccc(N2CC(C)OC2=O)cc1
CHEMBL10887,COC(=O)/C=C/CNC(=O)c1ccccc1
CHEMBL294697,Cc1cc(C)c2c(c1)NC(C(=O)O)CC2=O
CHEMBL9486,C=CCN(C)/N=N/c1ccc(C(=O)O)cc1
CHEMBL41666,CCC1(c2ccccc2)OC(=O)N(C)C1=O
CHEMBL74424,Cc1cncn1CC#CCN1CCOC1=O
CHEMBL47521,CC1CN(c2ccc(C(C)C)cc2)C(=O)O1
CHEMBL37965,CN1CCC(OC(=O)c2ccccc2)CC1
CHEMBL21349,O=C(O)CNc1cc(Cl)cc(Cl)c1
SNAP (S-NITROSO-N-ACETYLPENICILLAMINE),CC(=O)NC(C(=O)O)C(C)(C)SN=O
CHEMBL309829,COC(=O)N(C)CC#CCn1cncc1C
CHEMBL310020,CCOC(=O)N(C)CC#CCn1ccnc1
CHEMBL9942,CC(C)N(C)/N=N/c1ccc(C(=O)O)cc1
CHEMBL9731,CCCN(C)/N=N/c1ccc(C(=O)O)cc1
CHEMBL49010,CC(=N)Nc1cccc(CC(N)C(=O)O)c1
CHEMBL52280,CC(=N)Nc1ccccc1CC(N)C(=O)O
CHEMBL309080,COC(=O)N(C)C(C)C#CCn1ccnc1
CARBOFURAN,CNC(=O)Oc1cccc2c1OC(C)(C)C2
CHEMBL27745,CCCCCCNc1ccc(C(=O)O)cc1
CHEMBL19807,CNC(=O)OCn1oc(=O)c2ccccc21
CHEMBL77379,CNC(=O)CNC(=O)OCc1ccccc1
CHEMBL49934,N=C(N)Nc1cccc(CC(N)C(=O)O)c1
CHEMBL298404,NC(N)=Nc1ccccc1CC(N)C(=O)O
CHEMBL8137,NC(/C=C(\Cl)CC(N)C(=O)O)C(=O)O
CHEMBL45167,NC(C(=O)O)C1CC1CCP(=O)(O)O
CHEMBL283915,O=C(O)CCCNc1ccc(C(=O)O)cc1
CHEMBL16897,O=C(O)CCCNC(=O)c1ccccc1O
CHEMBL39613,COc1cc2c(cc1O)C(C(=O)O)NCC2
CHEMBL37400,O=C(O)CC1Sc2ccccc2NC1=O
CHEMBL8770,O=C(O)C1CSC(c2ccccc2O)=N1
CHEMBL295705,CCOC(=O)c1ncn2ccc(S)nc12
CHEMBL16524,O=C(NCC1CC1)OCCCc1c[nH]cn1
CHEMBL46711,CSc1ccc(N2CC(C)OC2=O)cc1
NEOSTIGMINE,CN(C)C(=O)Oc1cccc([N+](C)(C)C)c1
CHEMBL12435,CC(NC(=O)N(CCCl)N=O)C(=O)O
CHEMBL22274,O=C(O)c1cc(O)c2cc(Cl)ccc2n1
CHEMBL21826,O=C(O)c1cc(O)c2cccc(Cl)c2n1
CHEMBL22493,O=C(O)c1cc(O)c2c(Cl)cccc2n1
7-CHLOROKYNURENIC ACID,O=C(O)c1cc(O)c2ccc(Cl)cc2n1
CHEMBL29244,O=C(O)C1CN(CP(=O)(O)O)CCN1
CHEMBL8682,O=C(O)CNC(=O)c1ccc([N+](=O)[O-])cc1
CHEMBL11165,O=C(O)C1CSC(c2ncccc2O)=N1
CHEMBL419451,C=CCN1C(=O)OC2(CCN(C)CC2)C1=O
CHEMBL77533,CCOC(=O)N(C)CC#CCN1CCCC1
CHEMBL76067,COC(=O)N(C)C(C)C#CCN1CCCC1
AP-7,NC(CCCCCP(=O)(O)O)C(=O)O
CHEMBL50541,CCOC(=O)c1[nH]c(C)c(C(=O)OC)c1C
CHEMBL295141,CCOC(=O)c1ncn2c1N=C(S)CC2
CHEMBL69883,CC(C)(CN)CCC(C(=O)O)c1c[nH]cn1
CHEMBL282364,NC(CS)Cc1ccc(CC(=O)O)cc1
CHEMBL71880,COC(=O)Nc1nc2cc(Cl)ccc2[nH]1
CHEMBL58163,O=C1CC(C(=O)O)Nc2cc(Cl)ccc21
CHEMBL36962,O=C(O)Cc1cc(Cl)c2c(c1)CCCN2
CHEMBL37201,CCOC(=O)CSC(=O)NCCCl
CHEMBL75499,COC(=O)c1[nH]ccc2c3ccccc3nc1-2
CHEMBL273753,O=C(O)c1ccc(/N=N/c2ccccc2)cc1
CHEMBL18545,NCCC(=O)NC(Cc1c[nH]cn1)C(=O)O
CHEMBL17693,CCCCCOC(=O)N1N=C(C)N=NC1C
CHEMBL17335,CCCC1=NN(C(=O)OC)C(CCC)N=N1
CHEMBL18179,CC1=NN(C(=O)OCCC(C)C)C(C)N=N1
CHEMBL51843,CSC(CP(=O)(O)C(C)N)C(=O)O
CHEMBL59867,CO/N=C(\C#N)C(=O)NC(=O)OC(C)(C)C
CHEMBL12816,O=C(O)c1ccc2c(c1)Nc1ccccc1O2
CHEMBL289109,CC(=O)OCCc1nc(C)n(C)c1[N+](=O)[O-]
CHEMBL274905,O=C(O)c1cccc2c1Nc1ccccc1O2
CHEMBL40524,CCOC(=O)N1CCC2(CC1)CC(=O)CO2
CHEMBL32051,O=C(O)c1ccc(NCc2ccccc2)cc1
CHEMBL23479,Cc1cccc(Nc2ccccc2C(=O)O)c1
CHEMBL62956,NCC(CCC(=O)O)c1ccc(Cl)cc1
CHEMBL70516,O=C(O)Cc1cccc(Nc2ccccn2)c1
CHEMBL31554,O=C(O)c1ccc(NCc2ccccc2)cn1
CHEMBL10339,CCCCc1c(O)noc1CC(N)C(=O)O
CHEMBL73365,O=C(O)Cc1ccc(Nc2ccccn2)cc1
OZAGREL,O=C(O)/C=C/c1ccc(Cn2ccnc2)cc1
CHEMBL308642,COC(=O)CCNC(=O)NC1CCCCC1
CHEMBL267256,O=C(O)c1cc2c3ccccc3nc(O)n2n1
CHEMBL13199,O=C(O)c1ncn2c1c(O)nc1ccccc12
CHEMBL306898,O=C(O)CNC(=O)c1cccc2ccccc12
CHEMBL23592,O=C(O)c1ccccc1Nc1cccc(O)c1
CHEMBL287486,Cc1ccc(S(=O)(=O)NCC(=O)O)cc1
CHEMBL292103,CCSC1CCC2NC1CC2C(=O)OC
CHEMBL34613,O=NN(CCCl)C(=O)Oc1cccnc1
CHEMBL61560,C[N+](C)(CC(=O)O)Cc1ccccc1.[Cl-]
CHEMBL301556,O=C(O)c1cc2c(Cl)cc(Cl)cc2[nH]1
CHEMBL415979,O=C(O)c1nnn2c1c(O)nc1ccccc12
CHEMBL46859,Cc1onc(OCC(=O)O)c1C(N)C(=O)O
CHEMBL295310,NC(Cc1cc(OCC(=O)O)no1)C(=O)O
CHEMBL289897,Nc1cccc(S(=O)(=O)NCC(=O)O)c1
CHEMBL33259,O=C(O)C(Cc1ccccc1)Cc1c[nH]cn1
CHEMBL286373,O=NN(CCCl)C(=O)Oc1cncnc1
CHEMBL282701,O=C(OCCBr)c1cnccn1
CHEMBL277475,NC(C(=O)O)c1ccc(P(=O)(O)O)cc1
CHEMBL29184,NC(C(=O)O)c1cccc(P(=O)(O)O)c1
CHEMBL25599,O=C(O)Cc1cc2ccccc2nc1C(=O)O
CHEMBL22806,CC(=O)c1ccc2c(O)cc(C(=O)O)nc2c1
CHEMBL8992,O=C(O)C1=NN2C(=O)Nc3ccccc3C2C1
CHEMBL62329,Cc1cc(=O)n(CCC(=O)O)c2ccccc12
CHEMBL288437,CCn1cc(C(=O)O)c(=O)c2ccc(C)cc21
CHEMBL45013,C=CC1CN(c2ccc(C(C)=O)cc2)C(=O)O1
CHEMBL27040,NC(CS)CC1CCC(CC(=O)O)CC1
CHEMBL273594,CC1=NN(C(=O)Oc2ccccc2)C(C)N=N1
CHEMBL302067,Nc1ccc(CC(C(=O)O)c2c[nH]cn2)cn1
DAZOXIBEN,O=C(O)c1ccc(OCCn2ccnc2)cc1
CHEMBL33407,O=C(O)c1cccc(OCCn2ccnc2)c1
CHEMBL66284,CC(C)C(C(=O)NO)C(=O)NCCC(=O)O
NALIDIXIC ACID,CCn1cc(C(=O)O)c(=O)c2ccc(C)nc21
CHEMBL34386,C/C(=C/c1ccccc1)CN/N=C(\C)C(=O)O
CHEMBL286902,CCOC(=O)c1ccc(NCCCC#N)cc1
PIRMAGREL,O=C(O)CCCCCc1cccc2cncn12
CHEMBL72332,O=C(O)c1cc(C(=O)O)c2cccc(O)c2n1
CHEMBL65123,CN1C(=O)c2ccccc2C(CC(=O)O)C1=O
CHEMBL287485,O=C(O)CNS(=O)(=O)c1ccc(F)cc1
CHEMBL278097,O=C(O)CCc1c(C(=O)O)[nH]c2ccccc12
CHEMBL38168,CCOC(=O)/C(C#N)=C/c1ccc(O)c(O)c1
CHEMBL414185,COC(=O)c1ccccc1NCC1=NCCN1
CHEMBL9142,O=C(c1ccc2n1CCC2C(=O)O)C1CCC1
CHEMBL61035,O=C(O)c1cccc(C(=O)N2CCCCC2)c1
CHEMBL29367,CCOC(=O)c1ccc(N2CCCC2=O)cc1
CHEMBL44372,CCC1CN(c2ccc(C(C)C)cc2)C(=O)O1
CHEMBL34186,Cc1ccc(C(=O)OC2CCN(C)CC2)cc1
CHEMBL285947,O=C(O)c1ccc(NCC2CCCCC2)cc1
CHEMBL31613,O=C(O)c1ccc(NCCC2CCCC2)cc1
METHYLPHENIDATE,COC(=O)C(c1ccccc1)C1CCCCN1
CHEMBL22083,O=C(O)C(=O)Nc1cc(Cl)cc(Cl)c1
CHEMBL302611,O=C(O)c1cc2ccc([N+](=O)[O-])cc2nc1O
CHEMBL441504,O=C(O)c1cc(O)c2cc([N+](=O)[O-])ccc2n1
CHEMBL284593,N#CC(C(=O)O)C1C(=O)Nc2ccc(F)cc21
CHEMBL16610,CC(=O)NCC1CN(c2ccccc2)C(=O)O1
CHEMBL295142,CC(=O)c1ccc(N2CC(CN)OC2=O)cc1
CHEMBL269255,CCOC(=O)c1cc2ccccn2c(=S)n1
CHEMBL75762,O=C(O)c1cc(C(=O)O)c2cccc(F)c2n1
CHEMBL307648,O=C(O)c1cc(C(=O)O)c2c(F)cccc2n1
CHEMBL53968,O=C(O)/C=C\C(=O)Nc1cccc(C(=O)O)c1
CHEMBL416264,CCOC(=O)/C=C/c1ccc(O)c(C(N)=O)c1
CHEMBL45301,CC(=O)c1ccc(N2CC(CO)OC2=O)cc1
CHEMBL417273,CC(C)C(=O)OCn1oc(=O)c2ccccc21
CHEMBL32613,O=C1NC(=O)C2(CCSc3ccccc32)O1
CHEMBL66792,O=C(O)Cc1sc(-c2ccccc2)nc1O
CHEMBL276964,CSc1ccc2nc(C(=O)O)cc(O)c2c1
CHEMBL37110,CN1CCC(OC(=O)c2cccc(O)c2)CC1
CHEMBL8737,CC(C)(C)C(=O)c1ccc2n1CCC2C(=O)O
CHEMBL295800,CC(C)c1ccc(N2CC(CO)OC2=O)cc1
CHEMBL307600,COC(=O)N(C)C(C)C#CCn1cncc1C
CHEMBL309054,CCOC(=O)N(C)C(C)C#CCn1ccnc1
CHEMBL417425,CCCCN(C)/N=N/c1ccc(C(=O)O)cc1
CHEMBL56216,O=C(O)CCN1CCN(c2ccccn2)CC1
CHEMBL75027,CCOC(=O)N(C)CC#CCn1cncc1C
CHEMBL55440,CC(=O)Nc1ccc(C(=O)O)cc1NC(=N)N
CHEMBL77648,CN(C)C(=O)CNC(=O)OCc1ccccc1
CHEMBL49881,C/N=C(/N)Nc1ccccc1CC(N)C(=O)O
CHEMBL48861,C/N=C(/N)Nc1cccc(CC(N)C(=O)O)c1
PROCAINE,CCN(CC)CCOC(=O)c1ccc(N)cc1
CHEMBL44270,NC(C(=O)O)C1CC1CCCP(=O)(O)O
CHEMBL439734,O=C1NC(=O)C2(CCOc3ccc(F)cc32)O1
CHEMBL296834,O=C(O)CCC(=O)Nc1cccc(C(=O)O)c1
CHEMBL45275,CC(=O)c1ccc(N2CC(CF)OC2=O)cc1
CHEMBL418619,CCOC(=O)C(Cc1ccccc1)C(=O)NO
CHEMBL291050,COC(=O)C1NCCc2cc(O)c(OC)cc21
CHEMBL17160,O=C(O)CCCCNC(=O)c1ccccc1O
CHEMBL283864,CCCC(Nc1ccc(C(=O)O)cc1)C(=O)O
CHEMBL267060,COC(=O)C1CSC(c2ccccc2O)=N1
CHEMBL16957,O=C(NCC1CCC1)OCCCc1c[nH]cn1
CHEMBL414019,CC(C)NCC(O)COC(=O)c1ccccc1
CHEMBL12923,CC(C)(NC(=O)N(CCCl)N=O)C(=O)O
CHEMBL67109,Cn1cnc2c1c(=O)n(CC(=O)O)c(=O)n2C
CHEMBL23983,NC(CC(=O)c1cccc([N+](=O)[O-])c1)C(=O)O
ACEFYLLINE,Cn1c(=O)c2c(ncn2CC(=O)O)n(C)c1=O
CHEMBL267209,NC(CCC(=O)Nc1ccc(O)cc1)C(=O)O
CHEMBL23101,N#Cc1cccc(Nc2ccccc2C(=O)O)c1
CHEMBL75026,CCOC(=O)N(C)C(C)C#CCN1CCCC1
CHEMBL293883,CCCCC(NC(=O)n1ccnc1)C(=O)OC
CHEMBL66487,CCOC(=O)c1cc2c(cn1)Cc1ccccc1-2
CHEMBL72176,CCCC(=O)N1C/C(=C(/C)COC(C)=O)C1=O
CHEMBL73736,CCCC(=O)N1C/C(=C(\C)COC(C)=O)C1=O
CHEMBL297180,CSc1ccc(N2CC(CO)OC2=O)cc1
CHEMBL284504,CC1CCc2cc(CC(=O)O)cc(Cl)c2N1
CHEMBL22435,O=C(O)c1cc2cc(Br)ccc2[nH]1
CHEMBL11709,CCOC(=O)c1cc2c3ccccc3nc-2c[nH]1
CHEMBL14156,COC(=O)Cc1nccc2c1[nH]c1ccccc12
CHEMBL275607,CCCC1=NN(C(=O)OCC)C(CCC)N=N1
CHEMBL294255,N=C(N)Nc1ncc(Cl)cc1/C=C/C(=O)O
CHEMBL301142,CC(=O)ON1C(=O)c2ccccc2S1(=O)=O
CHEMBL306839,CN1CCC2(CC1)OC(=O)N(CC(N)=O)C2=O
CHEMBL274541,COC(=O)c1cccc2c1Nc1ccccc1O2
CHEMBL12681,COC(=O)c1ccc2c(c1)Nc1ccccc1O2
CHEMBL70086,CCOC(=O)c1cc2c(cn1)oc1ccccc12
CHEMBL71186,O=C(O)c1ccc(NC(=O)c2ccccc2)cc1
CHEMBL40045,CCOC(=O)N1CCC2(CC1)CC(=O)C(C)O2
CHEMBL27614,O=C(O)c1ccc(NCCc2ccccc2)cc1
CHEMBL280425,Cc1cccc(C)c1Nc1ccccc1C(=O)O
CHEMBL307475,CC(C(=O)O)c1ccc(Nc2ccccc2)cc1
MEFENAMIC ACID,Cc1cccc(Nc2ccccc2C(=O)O)c1C
CHEMBL22098,O=C(O)CCCc1ccc(NCCCl)cc1
CHEMBL42885,O=C(O)COc1noc2c1CC(C(=O)O)NC2
CHEMBL280224,COc1ccc2[nH]c3c(C(=O)O)nccc3c2c1
CHEMBL30897,O=C(Nc1ccc(C(=O)O)nc1)c1ccccc1
CHEMBL10047,CCCCCc1c(O)noc1CC(N)C(=O)O
CHEMBL432354,CC(C(=O)O)c1ccc(Nc2ccncc2)cc1
CHEMBL307472,CC(C(=O)O)c1cccc(Nc2ccccn2)c1
CHEMBL72565,CC(C(=O)O)c1ccc(Nc2ccccn2)cc1
CHEMBL56037,N=C(N)Nc1ncc(Cl)cc1CCC(=O)O
CHEMBL51166,N=C(N)NS(=O)(=O)c1cccc(C(=O)O)c1
CHEMBL51347,N=C(N)NS(=O)(=O)c1ccccc1C(=O)O
CHEMBL53358,N=C(N)NS(=O)(=O)c1ccc(C(=O)O)cc1
CHEMBL50871,CCOC(=O)C1CCCCN1C(=O)C(=O)OC
CHEMBL296810,CCOC(=O)C1CNC(=O)CC1C(=O)OCC
CHEMBL308152,Cc1cc(Nc2ccc(CC(=O)O)cc2)ncn1
CHEMBL57196,O=C(O)CCCNS(=O)(=O)c1ccccc1
CHEMBL31897,O=C(O)c1ncn2c(=O)n(CCCl)nnc12
CHEMBL26482,CCOC(=O)n1cc(F)c(=O)n(C(C)=O)c1=O
CHEMBL291274,Cc1onc(OCC(=O)O)c1CC(N)C(=O)O
CHEMBL71946,CC(Cc1ccc(O)c(O)c1)(NN)C(=O)O.O
CHEMBL280572,Nc1ccccc1S(=O)(=O)CC(N)C(=O)O
AMIDATE,CCOC(=O)c1cncn1C(C)c1ccccc1
CHEMBL12327,COC(=O)C1Cc2c([nH]c3ccccc23)C(C)N1
CHEMBL34341,O=C(O)C(CCc1c[nH]cn1)Cc1ccccc1
CHEMBL55816,N=C(N)Nc1ncc(Cl)cc1OCC(=O)O
CHEMBL22168,NC(C(=O)O)c1ccc(CP(=O)(O)O)cc1
CHEMBL30021,NC(C(=O)O)c1cccc(CP(=O)(O)O)c1
CHEMBL19692,O=C(Oc1ccc([N+](=O)[O-])cc1)c1cnccn1
CHEMBL20091,N#CCCc1cccc(C(=O)CC(=O)C(=O)O)c1
CHEMBL50744,O=C(O)CCc1cc(C(=O)O)nc2ccccc12
CHEMBL266559,COC(=O)C1=NN2C(=O)Nc3ccccc3C2C1
CHEMBL273229,N#CN1CCC(NC(=O)OCc2ccccc2)C1
CHEMBL300799,CC(C)CC(NC(=O)CN)C(=O)NCC(=O)O
CHEMBL16142,O=C(Nc1ccccc1)OCCCc1c[nH]cn1
CHEMBL62285,CCOC(=O)Cn1c(=O)cc(C)c2ccccc21
CHEMBL16199,CC(C)(C)Nc1nc(C(=O)O)nc2ccccc12
CHEMBL67700,CC(=O)OC1CC2CC1CN2Cc1ccccc1
CHEMBL23523,CC(CS)C(=O)N(CC(=O)O)C1CCCC1
CHEMBL57955,O=C(O)C1CCc2c(Cl)cc(Cl)cc2N1
CHEMBL30729,O=C(O)c1ccc(NCc2ccc(F)cc2)cn1
CHEMBL31147,O=C(O)c1ccc(NCc2cccc(F)c2)cn1
CHEMBL69793,CC(C)C(CC(=O)NO)C(=O)NCCC(=O)O
CHEMBL284963,O=C(O)Cc1ccccc1OCCn1ccnc1
CHEMBL276069,CC1=NN(C(=O)OCc2ccccc2)C(C)N=N1
CHEMBL303664,Cc1cc(CC(C(=O)O)c2c[nH]cn2)cnc1N
CHEMBL45685,O=C(O)CCCCCCc1cccc2cncn12
CHEMBL20586,[N-]=[N+]=NCc1ccc(C(=O)CC(=O)C(=O)O)cc1
CHEMBL73509,COc1ccc2c(C(=O)O)cc(C(=O)O)nc2c1
CHEMBL298643,O=C(O)COc1cc(C(=O)O)nc2ccccc12
CHEMBL73508,COc1cccc2c(C(=O)O)cc(C(=O)O)nc12
CHEMBL20378,[N-]=[N+]=NCc1cccc(C(=O)CC(=O)C(=O)O)c1
CHEMBL73488,COc1ccc2nc(C(=O)O)cc(C(=O)O)c2c1
CHEMBL10888,COC(=O)/C=C/CNC(=O)CCc1ccccc1
CHEMBL64103,CCOC(=O)N1CCCC(c2ccccc2)C1=O
CHEMBL44470,CCC(C)C(C(=O)O)N1Cc2ccccc2C1=O
CHEMBL12829,COC(=O)/C=C/C(Cc1ccccc1)NC(C)=O
CHEMBL40293,CC(C)CC(C(=O)O)N1Cc2ccccc2C1=O
CHEMBL15876,O=C(CCCc1ccccc1)NC1CCOC1=O
CHEMBL267191,COC(=O)Nc1ccc(C2CC3CCC2N3)cn1
CHEMBL280570,O=C(O)c1ccc(NCCc2cccs2)cc1
CHEMBL279865,CCC(=O)OC1(c2ccccc2)CCN(C)CC1
MEPERIDINE,CCOC(=O)C1(c2ccccc2)CCN(C)CC1
CHEMBL22815,O=C(O)c1ccccc1Nc1cccc(Cl)c1
CHEMBL23878,O=C(O)c1ccccc1Nc1ccccc1Cl
CHEMBL11655,CNC(=O)c1ccc2[nH]c(NC(=O)OC)nc2c1
CHEMBL287785,O=C(O)C(NCc1ccccc1)c1cc(O)no1
CHEMBL50010,Nc1ccc2c(CCC(=O)O)c(C(=O)O)[nH]c2c1
CHEMBL9515,NC(Cc1onc(O)c1-c1ccccc1)C(=O)O
CHEMBL16815,CC(=O)NCC1CN(c2cccc(C)c2)C(=O)O1
CHEMBL48351,O=C(Nc1ccccc1)OCCN1CCCCC1
CHEMBL287204,CCOC(=O)Cn1c([N+](=O)[O-])nc2ccccc21
NALDIXIC ACID,CCn1cc(C(=O)O)c(=O)c2cc(F)c(C)cc21
CHEMBL19528,CC(C)(C)C(=O)OCn1oc(=O)c2ccccc21
CHEMBL16974,CC(=O)NCC1CN(c2cccc(N)c2)C(=O)O1
CHEMBL16015,O=C(COCc1ccccc1)NC1CCOC1=O
CHEMBL429773,O=C(O)C1CCCN1C(=O)OCc1ccccc1
CHEMBL16331,O=C(NCc1ccco1)OCCCc1c[nH]cn1
CHEMBL65312,CCOC(=O)c1sc(-c2ccccc2)nc1O
CHEMBL307979,COC(=O)c1ccc(-c2nc(O)c(C)s2)cc1
CHEMBL294325,CN(C)C(=O)Oc1nsnc1-c1ccccc1
CHEMBL268460,CCC(C)CN(C)/N=N/c1ccc(C(=O)O)cc1
CHEMBL9721,CCCCCN(C)/N=N/c1ccc(C(=O)O)cc1
CHEMBL37187,COc1ccccc1C(=O)OC1CCN(C)CC1
CHEMBL73909,CCOC(=O)N(C)C(C)C#CCn1cncc1C
CHEMBL37963,COc1cccc(C(=O)OC2CCN(C)CC2)c1
CHEMBL32515,CCCCCCNc1ccc(C(=O)OCC)cc1
CHEMBL31536,CCCCCCCCNc1ccc(C(=O)O)cc1
CHEMBL287427,O=C(Oc1ccccc1)n1c(=O)[nH]cc(F)c1=O
7-AMINO-FLUOROQUINONE,CCn1cc(C(=O)O)c(=O)c2cc(F)c(N)cc21
CHEMBL440090,CC(=O)NCC1CN(c2cccc(O)c2)C(=O)O1
CHEMBL287892,Cc1[nH]c(C)c(C(=O)OC2CCN(C)CC2)c1C
CHEMBL73698,NC(Cc1onc(O)c1Br)C(=O)O
CHEMBL54120,O=C(O)CCc1c(C(=O)O)[nH]c2cccc(F)c12
CHEMBL53980,O=C(O)CCc1c(C(=O)O)[nH]c2cc(F)ccc12
CHEMBL51196,O=C(O)CSc1c(C(=O)O)[nH]c2ccccc12
CHEMBL31560,CCOC(=O)CNc1ccc(C(=O)OCC)cc1
CHEMBL30700,O=C(O)CCCCCNc1ccc(C(=O)O)cc1
CHEMBL277335,O=C(O)CCCCCNC(=O)c1ccccc1O
CHEMBL417226,O=C(O)C1c2ccccc2CN1C(=O)CCS
CHEMBL283586,O=C(O)C1Cc2ccccc2N1C(=O)CCS
CHEMBL269360,Cc1ccccc1C(=O)OCC(O)CNC(C)C
CHEMBL6957,Cc1cccc(C(=O)OCC(O)CNC(C)C)c1
CHEMBL16407,O=C(NCC1CCCC1)OCCCc1c[nH]cn1
CHEMBL16593,O=C(NC1CCCCC1)OCCCc1c[nH]cn1
CHEMBL266546,CC(C)(C)NCC(O)COC(=O)c1ccccc1
CHEMBL6840,Cc1ccc(C(=O)OCC(O)CNC(C)C)cc1
CHEMBL307821,O=C(O)c1cc(C(=O)O)c2cc(Cl)ccc2n1
CHEMBL22304,O=C(O)C1CN(CCCP(=O)(O)O)CCN1
CHEMBL27970,CCCn1c(=O)n(CC(=O)O)c(=O)c2[nH]cnc21
CHEMBL16646,CC(=O)NCC1CN(c2cccc(F)c2)C(=O)O1
CHEMBL72884,CCCCOC(=O)N1C/C(=C(\C)CN=[N+]=[N-])C1=O
CHEMBL266268,CC(C)NCC(O)COC(=O)c1cccc(N)c1
CHEMBL11095,CC(=O)N(C)CC#CCN1CCC(C(=O)O)CC1
CHEMBL16868,CCOC(=O)NCCNCC(O)c1ccccc1
CHEMBL7310,CC(C)NCC(O)COC(=O)c1ccc(N)cc1
CHEMBL283283,O=C([O-])CCNc1ccc(C(=O)[O-])cc1.[Na+].[Na+]
CHEMBL30503,O=C(O)CN(CC(=O)O)c1ccc(C(=O)O)cc1
CHEMBL35788,O=C1NC(=O)C2(CCSc3ccc(F)cc32)O1
CHEMBL297323,CCOC(=O)c1[nH]c(C=O)c(C(=O)OCC)c1C
CHEMBL76126,O=C(O)Cc1cccc2c(-c3ccccc3)onc12
CHEMBL28240,CC(=O)Oc1ccccc1-c1nc2ccc[nH]c-2n1
CHEMBL67772,CCOC(=O)c1cc2c(cn1)C(=O)c1ccccc1-2
CHEMBL273438,O=C(O)/C=C/c1ccc2c(c1)Nc1ccccc1O2
CHEMBL267879,CCOC(=O)C1=C(O)C(=O)N(C2CCCCC2)C1
CHEMBL31598,COC(=O)CNCC(O)COc1ccccc1C
CHEMBL31494,O=C(O)c1ccc(NC/C=C/c2ccccc2)cc1
CHEMBL31392,CCOC(=O)CNCC(O)COc1ccccc1
CHEMBL6535,CC(C)NCC(O)COC(=O)c1ccc(O)cc1
THIORPHAN,O=C(O)CNC(=O)C(CS)Cc1ccccc1
CHEMBL38405,O=C(O)CC(=O)NC(CS)Cc1ccccc1
CHEMBL15908,O=C(CCCC1CCCCC1)NC1CCOC1=O
CHEMBL7795,Cc1noc2c(Cl)c3c(cc12)CC(C(=O)O)O3
CHEMBL32799,O=C1NC(=O)C2(CCOc3ccc(Cl)cc32)O1
CHEMBL23255,O=C(O)Cc1c(C(=O)O)[nH]c2cc(Cl)ccc12
CHEMBL295747,CC(=O)c1ccc(N2CC(CCl)OC2=O)cc1
CHEMBL37133,CN1CCC(OC(=O)c2ccc(Cl)cc2)CC1
CHEMBL44371,CC(C)c1ccc(N2CC(CCl)OC2=O)cc1
CHEMBL308652,CC(=O)OCC(NC(=O)C(C)N)P(=O)(O)O
CHEMBL420005,CC(N)C(=O)NC(CCC(=O)O)P(=O)(O)O
CHEMBL72814,COCCOC(=O)N1C/C(=C(\C)CN=[N+]=[N-])C1=O
CHEMBL12063,CCc1[nH]c(C(=O)OC)cc2c3ccccc3nc1-2
CHEMBL274847,CCCOC(=O)c1cc2c3ccccc3nc-2c[nH]1
SPARFOSIC ACID,O=C(O)CC(NC(=O)CP(=O)(O)O)C(=O)O
ALRESTATIN,O=C(O)CN1C(=O)c2cccc3cccc(c23)C1=O
CHEMBL51377,CC(=O)OCN1C(=O)c2ccccc2S1(=O)=O
AMFENAC,Nc1c(CC(=O)O)cccc1C(=O)c1ccccc1
CHEMBL306321,CCOC(=O)c1cc(C2NCC(O)C2O)oc1C
CHEMBL9318,O=C(c1ccccc1)c1ccc2n1CC(C(=O)O)C2
CHEMBL31331,O=C(CNC(=O)c1ccccc1)Oc1ccccc1
KETOROLAC,O=C(c1ccccc1)c1ccc2n1CCC2C(=O)O
CHEMBL294873,Cc1nc2c(c(N)c1C(=O)O)c1ccccc1n2C
CHEMBL57848,COC(=O)c1c(C)[nH]c2nc3ccccc3c-2c1N
CHEMBL297862,CC1CN(c2ccc(S(C)(=O)=O)cc2)C(=O)O1
CHEMBL6863,CC(C)NCC(O)COC(=O)c1ccc(F)cc1
CHEMBL6981,CC(C)NCC(O)COC(=O)c1cccc(F)c1
CHEMBL47260,C[S+]([O-])c1ccc(N2CC(CO)OC2=O)cc1
CHEMBL266760,CC(C)NCC(O)COC(=O)c1ccccc1F
CHEMBL31196,CCOC(=O)c1ccc(NCc2ccccc2)cc1
CHEMBL21843,CN(C/C=C/C(=O)O)Cc1cccc2ccccc12
CHEMBL31867,O=C(O)c1ccc(NCCCc2ccccc2)cc1
ALAPROCLATE,CC(N)C(=O)OC(C)(C)Cc1ccc(Cl)cc1
CHEMBL76063,COC(=O)CN1C(=O)OC2(CCN(C)CC2)C1=O
CHEMBL44149,Cc1c(Cn2ccnc2)oc2ccc(C(=O)O)cc12
CHEMBL54222,O=C(O)Cn1nc2c(cc1=O)CCc1ccccc1-2
CHEMBL9758,CCCCCCc1c(O)noc1CC(N)C(=O)O
CHEMBL73898,Cc1ccc(Nc2ccc(C(C)C(=O)O)cc2)nc1
CHEMBL73051,Cc1ccnc(Nc2ccc(C(C)C(=O)O)cc2)c1
CHEMBL308730,Cc1cccc(Nc2ccc(C(C)C(=O)O)cc2)n1
CHEMBL73108,Cc1cc(C(C)C(=O)O)ccc1Nc1ccccn1
CHEMBL73125,Cc1cccnc1Nc1ccc(C(C)C(=O)O)cc1
CHEMBL19137,CC(C)(C)c1ccc(OC(=O)c2cnccn2)cc1
CHEMBL41879,CCOC(=O)NC1CC2(CCN(C)CC2)OC1C
CHEMBL11448,CC(C)(C)OC(=O)CNC(=O)NC1CCCCC1
CHEMBL16919,O=C(O)CCCCCCCNC(=O)C1CCCN1
CHEMBL21419,O=C(O)c1cc(O)c2cc(C(F)(F)F)ccc2n1
CHEMBL277961,NC1(C(=O)O)CCc2cc(P(=O)(O)O)ccc21
CHEMBL267929,CCOC(=O)c1cc2c3ccccc3nc(O)n2n1
CHEMBL11984,COc1ccc2c(c1C(=O)O)Nc1ccccc1O2
CHEMBL31782,COc1ccc(CNc2ccc(C(=O)O)cc2)cc1
CHEMBL291117,COC(=O)/C(=C\C=C\c1cc2ccccc2[nH]1)OC
CHEMBL74691,Cc1cc(Nc2ccc(C(C)C(=O)O)cc2)ncn1
TOLMETIN,Cc1ccc(C(=O)c2ccc(CC(=O)O)n2C)cc1
CHEMBL55630,CCOC(=O)c1cc2c(cn1)sc1ccccc12
CHEMBL56420,O=C(O)CCCCNS(=O)(=O)c1ccccc1
MECLOFENOXATE,CN(C)CCOC(=O)COc1ccc(Cl)cc1
CHEMBL291185,CSc1ccc(N2CC(CCl)OC2=O)cc1
CHEMBL304631,O=C(O)c1cc2c(Cl)cc(Cl)cc2nc1O
CHEMBL50267,O=C(O)c1cc(O)c2c(Cl)cc(Cl)cc2n1
CHEMBL65723,O=C(O)c1cc2cc(Cl)c(Cl)cc2nc1O
CHEMBL7664,O=C(O)CNC(=O)c1ccccc1Br
CHEMBL27400,CCOC(=O)n1cc(F)c(=O)n(C(=O)CC)c1=O
CHEMBL53303,COC(=N)NS(=O)(=O)c1ccccc1C(=O)O
CHEMBL51385,NS(=O)(=O)c1ccc(C(=O)NCC(=O)O)cc1
CHEMBL52275,COC(=N)NS(=O)(=O)c1ccc(C(=O)O)cc1
CHEMBL54196,COC(=N)NS(=O)(=O)c1cccc(C(=O)O)c1
CHEMBL51674,N=C(N)NNS(=O)(=O)c1cccc(C(=O)O)c1
CHEMBL300188,N=C(N)NNS(=O)(=O)c1ccccc1C(=O)O
CHEMBL51458,N=C(N)NNS(=O)(=O)c1ccc(C(=O)O)cc1
CHEMBL25173,CC(=O)Oc1ccc(N(C(C)=O)n2cccc2)cc1
CHEMBL6801,O=C(O)C1CN(c2cnc3ccccc3n2)CCN1
CHEMBL46912,O=C(O)c1ccc2sc(Cn3ccnc3)cc2c1
CHEMBL286584,O=C(O)C(CCCc1c[nH]cn1)Cc1ccccc1
CHEMBL27735,O=C(O)CNCc1ccc(CP(=O)(O)O)cc1
CHEMBL418204,NC(Cc1cccc(CP(=O)(O)O)c1)C(=O)O
CHEMBL28609,O=C(O)CNCc1cccc(CP(=O)(O)O)c1
CHEMBL29634,NC(Cc1ccccc1CP(=O)(O)O)C(=O)O
CHEMBL28745,NC(Cc1ccc(CP(=O)(O)O)cc1)C(=O)O
CHEMBL68897,CCOC(=O)c1nc2c3ccccc3oc(=O)n2n1
CHEMBL8910,O=C(O)c1cc2n(n1)C(C(=O)O)Nc1ccccc1-2
CHEMBL432277,O=C(O)c1ccc(NCCc2ccc(F)cc2)cc1
CHEMBL308903,CCC1(CC(=O)O)OCCc2c1[nH]c1ccccc21
CHEMBL16348,Cc1ccc(NC(=O)OCCCc2c[nH]cn2)cc1
CHEMBL279823,CN1CCC(OC(=O)c2cccc3[nH]cnc23)CC1
CHEMBL16592,O=C(NCc1ccccc1)OCCCc1c[nH]cn1
CHEMBL23518,CC(CS)C(=O)N(CC(=O)O)C1CCCCC1
CHEMBL64548,COC(=O)C1CC2NC1CCC21SCCS1
CHEMBL63533,COc1cccc(C[N+](C)(C)CC(=O)O)c1.[Cl-]
CHEMBL71807,COC(=O)Nc1nc2cc(Cl)c(Cl)cc2[nH]1
CHEMBL58586,O=C1CC(C(=O)O)Nc2cc(Cl)cc(Cl)c21
CHEMBL47692,CC(=O)c1ccc(N2CC(CN=[N+]=[N-])OC2=O)cc1
CHEMBL33747,CCOC(=O)c1ccccc1OCCn1ccnc1
CHEMBL294945,CC(C)c1ccc(N2CC(CN=[N+]=[N-])OC2=O)cc1
IMITRODAST,O=C(O)C1=Cc2sc(Cn3ccnc3)cc2CC1
CHEMBL60379,CCN1CCC2CC1c1ccc(OC(=O)NC)cc12
CHEMBL49633,O=C(O)CCCCCCCc1cccc2cncn12
PYRIDOSTIGMINE BROMIDE,CN(C)C(=O)Oc1ccc[n+](C)c1.[Br-]
CHEMBL73626,O=C(O)c1cc(C(=O)O)c2cc3c(cc2n1)OCO3
OXOLINIC ACID,CCn1cc(C(=O)O)c(=O)c2cc3c(cc21)OCO3
CHEMBL15678,O=C(CC(=O)NC1CCOC1=O)Cc1ccccc1
CHEMBL269550,CCOC(=O)C1=C(O)C(=O)N(Cc2ccccc2)C1
CHEMBL61423,CCCN(C)C(=O)Oc1nonc1-c1ccccc1
CHEMBL285763,O=C1Cc2cc([N+](=O)[O-])c(C3CCCCC3)cc2O1
CHEMBL75230,CCOC(=O)c1c(N)c2cccnc2n(CC)c1=O
CHEMBL50319,CCN(CC)C(=O)/C=C\c1ccccc1OC(C)=O
CHEMBL31281,CCOC(=O)c1ccc(NCc2cccs2)cc1
CHEMBL39853,Cc1cc(C)c(C(=O)OC2CCN(C)CC2)cc1C
CHEMBL285244,CCOC(=O)C1(c2ccccc2)CCN(CC)CC1
CHEMBL30601,CCOC(=O)c1ccc(NCCC2CCCC2)cc1
CHEMBL285716,O=C(O)c1ccc(NCc2ccc(Cl)cc2)cc1
CHEMBL12293,O=C(O)c1ccc(N(CCCl)CCCl)cc1
CHEMBL292639,O=C(O)CN1C(=O)C(=O)N(Cc2ccccc2)C1=O
CARBADOX,COC(=O)N/N=C/c1c[n+]([O-])c2ccccc2[n+]1[O-]
CHEMBL34041,O=C(O)COc1ccc(OCCn2ccnc2)cc1
CHEMBL266773,CCOC(=O)C1=C(O)C(=O)N(Cc2ccncc2)C1
CHEMBL292232,N=C(N)Nc1cc(C(=O)O)ccc1N1CCCC1=O
CHEMBL277968,CC(=O)NCC1CN(c2cc(C)cc(C)c2)C(=O)O1
CHEMBL422571,CCc1cccc(N2CC(CNC(C)=O)OC2=O)c1
CHEMBL7694,CC(C)NCC(O)COC(=O)c1ccc(C#N)cc1
CHEMBL65405,CCOC(=O)N1CCCC(N)(c2ccccc2)C1=O
CHEMBL23942,O=C(O)C1CCc2cc(Cn3ccnc3)sc2C1
CHEMBL50361,CC(=O)OC(C)c1cc(C)c(/N=C/N(C)C)c(C)c1
QUAZOLAST,COC(=O)c1nc2cc(Cl)c3cccnc3c2o1
CHEMBL30305,O=C(O)c1ccc(NCc2cccc(Cl)c2)cn1
CHEMBL68409,COC(=O)c1ccc(/C=C/c2ccc([N+](=O)[O-])o2)o1
CHEMBL298929,COc1ccc2c(CCC(=O)O)c(C(=O)O)[nH]c2c1
CHEMBL300469,O=C(O)C1CCC(=O)N1C(=O)OCc1ccccc1
CHEMBL21730,CCOC(=O)c1cnc2cc(CO)c(O)cc2c1O
CHEMBL288475,NC(Cc1nc2ccccc2n1CC(=O)O)C(=O)O
CHEMBL274989,O=C(Nc1ccc(F)cc1)OCCCc1c[nH]cn1
CHEMBL62298,CCOC(=O)N1CCCC(O)(c2ccccc2)C1=O
CHEMBL31593,O=C([O-])CNCC(O)COc1ccccc1.[K+]
CHEMBL16577,O=C(O)CCCCCCCNC(=O)c1ccccc1
CHEMBL9593,CCCCCCN(C)/N=N/c1ccc(C(=O)O)cc1
CHEMBL9044,O=C(O)c1cc2c3ccc(Cl)cc3nc(O)n2n1
CHEMBL12922,O=NN(CCCl)C(=O)NC1(C(=O)O)CCCC1
CHEMBL27692,O=C(OCc1ccccc1)n1c(=O)[nH]cc(F)c1=O
CHEMBL307180,COC1=CC(=O)c2c(c(COC(N)=O)cn2C)C1=O
CHEMBL279607,COc1cccc(N2CC(CNC(C)=O)OC2=O)c1
CHEMBL78147,CCN(CC)C(=O)CNC(=O)OCc1ccccc1
CHEMBL16548,O=C(O)CCCCCCCNC(=O)c1ccccn1
TETRACAINE,CCCCNc1ccc(C(=O)OCCN(C)C)cc1
CHEMBL16675,O=C(O)CNC(=O)C(CC(=O)O)Cc1ccccc1
CHEMBL278949,CC1(C)CC(N)(C(=O)O)c2ccc(C(=O)O)cc2O1
CHEMBL74433,O=C(O)c1ccc(N2C(=O)CCC2(CO)CO)cc1
CHEMBL35392,COc1ccc(C2CNC(=O)C2C(=O)O)cc1OC
CHEMBL288077,O=C(O)CNS(=O)(=O)c1ccc2ccccc2c1
CHEMBL54439,O=C(O)CCCN(O)C(=O)CCCc1ccccc1
CHEMBL30512,CCOC(=O)CCNc1ccc(C(=O)OCC)cc1
CHEMBL279858,COc1ccccc1C(=O)NCCCCCC(=O)O
CHEMBL30627,CCOC(=O)c1ccc(NC(C)C(=O)OCC)cc1
CHEMBL17207,O=C(O)CCCCCCNC(=O)c1ccccc1O
CHEMBL304529,O=C1NC(=S)S/C1=C\c1ccccc1C(=O)O
CHEMBL303126,O=C(O)C1CC2CC(Cc3nnn[nH]3)CCC2CN1
CHEMBL16014,O=C(CSCc1ccccc1)NC1CCOC1=O
CHEMBL23527,O=C(O)C1CCc2ccccc2N1C(=O)CCS
CHEMBL62203,CC(CS)C(=O)N1Cc2ccccc2C1C(=O)O
CHEMBL278025,O=C(NCc1cccs1)OCCCc1c[nH]cn1
CHEMBL7620,Cc1cccc(C(=O)OCC(O)CNC(C)(C)C)c1
CHEMBL7337,Cc1ccccc1C(=O)OCC(O)CNC(C)(C)C
CHEMBL64268,CCCN(CCC)CCc1ccc(C(=O)O)c(O)c1
CHEMBL267374,CC(C)(C)NCC(O)COC(=O)Cc1ccccc1
CHEMBL16056,O=C(NCC1CCCCC1)OCCCc1c[nH]cn1
CHEMBL275106,O=C(O)C1=NN2C(=O)Nc3cc(Cl)ccc3C2C1
CHEMBL57509,O=C(O)CCCCCCNC(=O)CBr
CHEMBL297999,NC(Cc1cc(OCP(=O)(O)O)no1)C(=O)O
CHEMBL16457,O=CN(O)C(Cc1ccccc1)C(=O)NCC(=O)O
CHEMBL17107,O=C(O)CNC(=O)C(Cc1ccccc1)C(=O)NO
CHEMBL25373,CC(=O)OCCn1cnc2c1c(=O)n(C)c(=O)n2C
CHEMBL28419,CCCn1c(=O)n(CCC(=O)O)c(=O)c2[nH]cnc21
CHEMBL29209,CCCn1c(=O)n(C)c(=O)c2c1ncn2CC(=O)O
CHEMBL36690,O=C(O)CCCCCn1cnc2c1NC=NCC2O
CHEMBL44365,Cc1c(Cn2ccnc2)ccc2c(C(=O)O)cccc12
CHEMBL37174,COC(=O)CCCCn1cnc2c1NC=NCC2O
CHEMBL7665,CC(C)(C)NCC(O)COC(=O)c1cccc(N)c1
CHEMBL6878,CC(C)(C)NCC(O)COC(=O)c1ccc(N)cc1
CHEMBL294631,CC(=O)OCCCOn1cnc2c(O)nc(N)nc21
CHEMBL277281,O=C(O)c1cn2c3c(nc(O)c2n1)-c1ccccc1C3
CHEMBL71508,O=C1OC(C(O)CO)C(OCc2ccccn2)=C1O
CHEMBL63549,O=C(O)/C(=C\c1ccccc1)NC(=O)c1ccccc1
CHEMBL23399,O=C(O)c1cc2c(OCc3ccccc3)cccc2[nH]1
CHEMBL24850,O=C(O)c1cc2cc(OCc3ccccc3)ccc2[nH]1
CHEMBL12117,O=C(O)Cc1ccc2c(c1)NCc1ccccc1C2=O
CHEMBL290067,N#Cc1ccc(-c2ccc(OCCC(=O)O)cc2)cc1
CHEMBL305946,CC1(C)OC(=O)Nc2ccc(-c3ccc(C#N)[nH]3)cc21
CHEMBL44661,O=C([O-])C(Sc1ccccn1)c1ccccc1.[Na+]
CHEMBL31938,COC(=O)CCNCC(O)COc1ccccc1C
CHEMBL72746,CCCC(=O)OC/C(C)=C1/CN(C(=O)CCC)C1=O
CHEMBL7233,CC(C)(C)NCC(O)COC(=O)c1ccc(O)cc1
CHEMBL69445,CCCCCC(=O)N1C/C(=C(\C)COC(C)=O)C1=O
CHEMBL307676,CCCC(=O)OC/C(C)=C1\CN(C(=O)CCC)C1=O
CHEMBL13504,COC(=O)c1ccc(OCC(O)CNC(C)C)cc1
CHEMBL282537,CCOC(=O)CNCC(O)COc1ccccc1C
CHEMBL7692,CC(C)(C)NCC(O)COC(=O)c1cccc(O)c1
CHEMBL31772,CCOC(=O)CCNCC(O)COc1ccccc1
CHEMBL13284,COC(=O)c1ccccc1OCC(O)CNC(C)C
CHEMBL418249,COC(=O)C1=C(C)N=C(C)/C(=C(/O)OC)C1C(C)C
CHEMBL414207,CC(C)(C)NCC(O)COC(=O)c1ccccc1O
CHEMBL266130,COc1ccc(C(=O)OCC(O)CNC(C)C)cc1
CHEMBL6974,CC(C)NCC(O)COC(=O)c1ccc(CO)cc1
CHEMBL273748,CC(c1ccccc1)C(CS)C(=O)NCC(=O)O
CHEMBL66508,CC(C)CCn1cnc(C(CCCCN)C(=O)O)c1
CHEMBL415462,COC(=O)Cc1c(C(=O)O)[nH]c2cc(Cl)ccc12
CHEMBL50160,O=C(O)CCc1c(C(=O)O)[nH]c2cccc(Cl)c12
CHEMBL417544,O=C(O)CCc1c(C(=O)O)[nH]c2ccc(Cl)cc12
CHEMBL32216,Cc1cc(Cl)cc2c1OCCC21OC(=O)NC1=O
CHEMBL267652,CCc1noc2c(Cl)c3c(cc12)CC(C(=O)O)O3
CHEMBL66203,CN1C(=O)c2ccc(Cl)cc2C(CC(=O)O)C1=O
CHEMBL295718,O=C(O)CCc1c(C(=O)O)[nH]c2cc(Cl)ccc12
CHEMBL53744,O=C(O)CCc1c(C(=O)O)[nH]c2c(Cl)cccc12
CHEMBL37378,CC1(C)C(C(=O)O)N2C(=O)C(Cl)C2S1(=O)=O
CHEMBL289379,COC(=O)C1C(C)N=CN1Nc1cccc(Cl)c1
CHEMBL46413,COC(=O)C1CN(C)CCC1c1ccc(Cl)cc1
CHEMBL36712,CCCC1CCc2cc(CC(=O)O)cc(Cl)c2N1
CHEMBL22026,O=C(O)c1cc(O)c2ccc(Br)cc2n1
CHEMBL22556,O=C(O)c1cc(O)c2cc(Br)ccc2n1
CHEMBL75373,COC(=O)c1cc2c3ccccc3n(C(C)=O)c2cn1
CHEMBL66841,CCOC(=O)c1cc2c(cn1)nc(O)c1ccccc12
CHEMBL35583,Cc1nc2cc3ccccc3cc2c(=O)n1CC(=O)O
CHEMBL303932,CCOC(=O)c1cc2c3ccccc3c(N=O)c-2c[nH]1
CHEMBL307783,CC(C)(C)OC(=O)c1cc2c3ccccc3nc-2c[nH]1
CHEMBL11664,Nc1ccccc1SCCCCCC(N)C(=O)O
CHEMBL36761,Cn1c(=O)n(CC(=O)O)c(=O)c2cc(Cl)ccc21
CHEMBL16388,CC(=O)NCC1CN(c2cccc(Cl)c2)C(=O)O1
CHEMBL307806,NC1C=C(CC(=O)O)C(=O)C1.O=C(O)C(F)(F)F
CHEMBL53914,O=C(O)CCc1c(C(=O)O)[nH]c2cc(F)cc(F)c12
CHEMBL47365,O=C(O)c1cccc2c1C(=O)c1cc([N+](=O)[O-])ccc1-2
CHEMBL10606,O=C(O)Cc1ccc2c(c1)Oc1ccccc1NC2=O
CHEMBL10939,O=C(O)Cc1ccc2c(c1)C(=O)Nc1ccccc1O2
CHEMBL9299,Cc1ccccc1C(=O)c1ccc2n1CCC2C(=O)O
CHEMBL46571,Cc1c(Cn2ccnc2)n(C)c2ccc(C(=O)O)cc12
CHEMBL67572,O=C(NC(Cc1ccccc1)C(=O)O)c1ccccc1
CHEMBL30943,Cc1ccc(OC(=O)CNC(=O)c2ccccc2)cc1
CHEMBL43300,Cc1nc(CCOC(=O)C(C)(C)C)c([N+](=O)[O-])n1C
CHEMBL9002,Cc1ccc(C(=O)c2ccc3n2CCC3C(=O)O)cc1
CHEMBL268524,CC1(C(=O)O)CCn2c(C(=O)c3ccccc3)ccc21
CHEMBL275326,O=C(c1ccccc1)c1ccc2n1CCCC2C(=O)O
CHEMBL9009,Cc1cccc(C(=O)c2ccc3n2CCC3C(=O)O)c1
CHEMBL275714,CN(Cc1ccccc1)/N=N/c1ccc(C(=O)O)cc1
CHEMBL58160,COC(=O)c1c(C)nc2c(c1N)c1ccccc1n2C
CHEMBL9246,O=C(Cc1ccccc1)c1ccc2n1CCC2C(=O)O
CHEMBL45946,CCC1CN(c2ccc(S(C)(=O)=O)cc2)C(=O)O1
CHEMBL7313,CC(C)(C)NCC(O)COC(=O)c1ccc(F)cc1
CHEMBL7024,CC(C)(C)NCC(O)COC(=O)c1ccccc1F
CHEMBL40803,CCOC(=O)N/N=C1/CC2(CCN(C)CC2)OC1C
CHEMBL39641,CN1CCC(OC(=O)c2ccc3ccccc3c2)CC1
CHEMBL29054,Cc1ccc(CCCNc2ccc(C(=O)O)cc2)cc1
CHEMBL16479,O=C(O)CCCCCCCNC(=O)c1cccs1
CHEMBL274216,NC(CCCCCSc1ccccc1O)C(=O)O
CHEMBL17278,O=C(O)CCCCCCCNC(=O)C1CCCCC1
CHEMBL29989,CCn1cc(C(=O)O)c(=O)c2cc(F)c(Cl)cc21
CHEMBL35283,O=C1NC(=O)C2(CCSc3ccc(Cl)cc32)O1
CHEMBL66733,CCOC(=O)c1cn2c(Br)cncc2n1
CHEMBL31054,Nc1ccc(OC(=O)CNC(=O)c2ccccc2)cc1
CHEMBL267310,CCCn1c(=O)c2cc(C(=O)O)cn2c2ccccc21
CHEMBL48337,CS(=O)(=O)c1ccc(N2CC(CN)OC2=O)cc1
CHEMBL27998,CC(=O)Oc1ccc2[nH]cc(C3=CCN(C)CC3)c2c1
NORTROPISETRON,O=C(OC1CC2CCC(C1)N2)c1c[nH]c2ccccc12
CHEMBL27719,COC(=O)c1ccc2[nH]cc(C3=CCN(C)CC3)c2c1
CHEMBL282397,Nc1ccccc1CCCNc1ccc(C(=O)O)cc1
CHEMBL9752,CCCCCCCc1c(O)noc1CC(N)C(=O)O
CHEMBL418877,CCOC(=O)C(=C1SCCCS1)n1ccnc1
CHEMBL288299,CC(=O)OCCOCn1cnc2c(Cl)ncnc21
CHEMBL45082,CC(=O)c1ccc(N2CC(CN)OC2=O)cc1.Cl
CHEMBL427991,NC(Cc1cc([N+](=O)[O-])cc([N+](=O)[O-])c1O)C(=O)O
CHEMBL280850,O=C(O)C1Cc2cc(CP(=O)(O)O)ccc2CN1
CHEMBL7207,CC(=O)Oc1ccc2c(ccc3oc([N+](=O)[O-])cc32)c1
CHEMBL294687,CCOC(=O)ON1C(=O)c2ccccc2S1(=O)=O
CHEMBL266370,O=C(c1cccc(O)c1)c1ccc2n1CCC2C(=O)O
CHEMBL9340,O=C(c1ccccc1O)c1ccc2n1CCC2C(=O)O
CHEMBL17462,O=C(CCc1ccccc1)Oc1ccc([N+](=O)[O-])cc1
P-HYDROXY KETOROLAC,O=C(c1ccc(O)cc1)c1ccc2n1CCC2C(=O)O
CHEMBL13334,CCCn1c(=O)c2nc(C(=O)O)cn2c2ccccc21
CHEMBL275458,CCCn1c(=O)c2cc(C(=O)O)nn2c2ccccc21
CHEMBL44602,CS(=O)(=O)c1ccc(N2CC(CO)OC2=O)cc1
CHEMBL275356,O=C(OC1CN2CCC1CC2)c1cccc2[nH]cnc12
CHEMBL292818,O=C(O)CCCCCNS(=O)(=O)c1ccccc1
CHEMBL23467,O=C(O)C1Cc2sccc2CN1C(=O)CCS
CHEMBL280616,CCOC(=O)c1ncn2c(=O)n(CCCl)nnc12
CHEMBL7622,CC(C)NCC(O)COC(=O)c1ccccc1Cl
CHEMBL22700,COc1cc(C(=O)O)nc2cc(Cl)cc(Cl)c12
CHEMBL278325,Cn1c(C(=O)O)cc(=O)c2c(Cl)cc(Cl)cc21
CHEMBL284880,N/C(=N\CC(=O)O)c1cccc(CP(=O)(O)O)c1
CHEMBL42705,COC(=O)c1nc(NCC(O)CO)cnc1[N+](=O)[O-]
CHEMBL36641,O=C(O)c1cc([N+](=O)[O-])ccc1NCc1ccccc1
CHEMBL8780,CCOC(=O)c1cc2c3cc(N)ccc3nc(O)n2n1
CHEMBL298196,NS(=O)(=O)c1ccc(N2CC(CO)OC2=O)cc1
CHEMBL51534,NS(=O)(=O)c1ccc(C(=O)NCCC(=O)O)cc1
CHEMBL47164,Cc1c(Cn2ccnc2)sc2cc(C(=O)O)ccc12
CHEMBL8950,O=C(O)c1ccc(N/C(S)=N/c2ccccc2)cc1
CHEMBL42462,Cc1c(C(=O)O)sc2cc(Cn3ccnc3)ccc12
CHEMBL43141,Cc1c(Cn2ccnc2)sc2ccc(C(=O)O)cc12
CHEMBL29340,NC(Cc1ccccc1CCP(=O)(O)O)C(=O)O
CHEMBL29193,O=C(O)CNCCc1cccc(CP(=O)(O)O)c1
CHEMBL283843,O=C(CNC(=O)c1ccccc1)Oc1ccc(F)cc1
CHEMBL9317,O=C(c1cccc(F)c1)c1ccc2n1CCC2C(=O)O
CHEMBL268127,O=C(c1ccc(F)cc1)c1ccc2n1CCC2C(=O)O
CHEMBL433312,O=C(O)CC1=CC(NC(=O)Cc2ccccc2)CC1=O
CHEMBL16682,O=C(NC(=O)c1ccccc1)OCCCc1c[nH]cn1
CHEMBL49000,CC1OC(=O)NN=C1c1ccc2c(c1)C(C)(C)C(=O)N2
CHEMBL71163,O=C(O)C1Cc2cc(CCc3nnn[nH]3)ccc2CN1
CHEMBL31222,O=C(O)c1ccc(NCCCc2cccc(F)c2)cc1
CHEMBL31226,O=C(O)c1ccc(NCCCc2ccc(F)cc2)cc1
CHEMBL29093,O=C(O)c1ccc(NCCCc2ccccc2F)cc1
CHEMBL31287,CCOC(=O)c1ccc(NCCCc2ccco2)cc1
CHEMBL60823,COC(=O)C1C(=O)C=C(NCc2ccccc2)CC1C
CHEMBL16404,CN(Cc1ccccc1)C(=O)OCCCc1c[nH]cn1
CHEMBL274262,O=C(NCCc1ccccc1)OCCCc1c[nH]cn1
CHEMBL16876,CC(NC(=O)OCCCc1c[nH]cn1)c1ccccc1
CHEMBL16031,CCOC(=O)c1nc(NC(C)(C)C)c2ccccc2n1
CHEMBL296876,CCOC(=O)C(Sc1ccccn1)c1ccccc1
CHEMBL40883,Cc1cc(C)cc(C(=O)OC2CC3CCC(C2)N3C)c1
CHEMBL23841,CC(CS)C(=O)N(CC(=O)O)C1CCCCCC1
CHEMBL295821,C[S+]([O-])c1ccc(N2CC(CCl)OC2=O)cc1
CHEMBL283970,O=C(OC(C(F)(F)F)C(F)(F)F)c1cnccn1
CHEMBL8678,O=C(O)c1cc2c3cc([N+](=O)[O-])ccc3nc(O)n2n1
CHEMBL50845,CCOC(=O)c1ccc2c(c1)[n+]([O-])c(N)c(C#N)[n+]2[O-]
CHEMBL36488,O=C([O-])CCCCn1cnc2c1NC=NCC2O.[Na+]
CHEMBL291950,COC(=O)c1sc(Oc2ccccc2)c(C#N)c1N
CHEMBL275755,O=C(O)CCC1=CCCN(NC(=O)c2ccccc2)C1
CHEMBL277285,Nc1ccc(CNC(=O)OCCCc2c[nH]cn2)cc1
CHEMBL10979,O=C(O)CCC1=CCN(NC(=O)c2ccccc2)CC1
CHEMBL34574,CCOC(=O)Cc1ccc(OCCn2ccnc2)cc1
CHEMBL302855,COC(=O)C1C(c2ccc(N)cc2)CC2CCC1N2C
CHEMBL72266,O=C(O)c1cc(C(=O)O)c2cc3c(cc2n1)OCCO3
CHEMBL36028,O=C([O-])c1cc2cc(Cc3cccnc3)ccc2o1.[Na+]
CHEMBL304939,CC(C)C(C(=O)NO)C(=O)NC(CC(N)=O)C(=O)O
CHEMBL34633,CC(=O)OCCOCn1cc(C#N)c2c(N)ncnc21
ONO-1581,C/C(=C\c1ccc(Cc2cccnc2)cc1)C(=O)[O-].[Na+]
CHEMBL418159,CC(=O)OC1CCC(NC(=O)N(CCF)N=O)CC1
CHEMBL280948,CCOC(=O)c1nc(-c2ccc(N=C=S)cc2)no1
METUREDEPA,CCOC(=O)NP(=O)(N1CC1(C)C)N1CC1(C)C
CHEMBL15125,Cc1ccc(CC(=O)CC(=O)NC2CCOC2=O)cc1
CHEMBL6836,COC(=O)c1ccc(N2C(N)=NC(N)=NC2(C)C)cc1
CHEMBL62107,COC(=O)c1ccc2c(c1)N(C)CC(C1=NCCN1)O2
CHEMBL72587,CSc1nccc(Nc2ccc(CC(=O)O)cc2)n1
CHEMBL11773,CNC(=O)Oc1ccc2c(c1)C1(C)CCN(C)C1N2C
CHEMBL304372,CCC1(CC(=O)O)SCCc2c1[nH]c1ccccc21
CHEMBL28763,CCOC(=O)c1ccc(NCCc2cccs2)cc1
CHEMBL32135,O=C(O)c1ccc(NCCCCc2cccs2)cc1
CHEMBL294839,CCC(=O)OC1(c2ccccc2)CCN(C)CC1(C)C
CHEMBL283239,O=C(O)c1ccc(NCCc2ccc(Cl)cc2)cc1
CHEMBL48830,COC(=O)CCC(=O)Nc1ccc(Cl)c(Cl)c1
CHLORPHENACYL,O=C(O)Cc1ccc(N(CCCl)CCCl)cc1
CHEMBL36385,O=C(O)c1ccc(Cn2cnc3c2NC=NCC3O)o1
CHEMBL56506,O=C(O)CN1C(=O)C(=O)N(CCc2ccccc2)C1=O
CHEMBL293088,Cc1ccccc1CN1C(=O)C(=O)N(CC(=O)O)C1=O
CHEMBL305543,CC(=O)OCCOCn1nc(C#N)c2c(N)ncnc21
CHEMBL281992,O=C(Oc1ccc(-c2ccccc2)cc1)c1cnccn1
CHEMBL50242,COC(=O)SNN(C)S(=O)(=O)c1ccccc1
CHEMBL45217,CC(=O)NCC1CN(c2ccc(C(C)C)cc2)C(=O)O1
CHEMBL275186,CCCc1cccc(N2CC(CNC(C)=O)OC2=O)c1
CHEMBL67434,CCCc1sc(-c2ccccc2)nc1OC(=O)NC
CHEMBL52902,CCOC(=O)C(C)c1cc(C)c(/N=C/N(C)C)c(C)c1
CHEMBL557333,O=C(O)c1ccc2oc(Cn3ccnc3)c(Cl)c2c1
CHEMBL72673,CC(C(=O)O)c1ccc(Nc2ccccn2)c(Cl)c1
CHEMBL31028,CN(Cc1cccc(Cl)c1)c1ccc(C(=O)O)nc1
CHEMBL73366,CC(C(=O)O)c1ccc(Nc2ccccn2)cc1Cl
CHEMBL74408,CC(C(=O)O)c1ccc(Nc2ccc(Cl)cn2)cc1
CHEMBL540961,COc1cc(OC)c2c(C(=O)O)cc(C(=O)O)nc2c1
CHEMBL73175,COc1ccc(OC)c2c(C(=O)O)cc(C(=O)O)nc12
CHEMBL73448,COc1cc2nc(C(=O)O)cc(C(=O)O)c2cc1OC
CHEMBL71315,O=C(O)CCC(C(=O)O)N1C(=O)c2ccccc2C1=O
CHEMBL75882,COc1cc(OC)c2nc(C(=O)O)cc(C(=O)O)c2c1
CHEMBL20702,COc1ccc(C(=O)CC(=O)C(=O)O)cc1CN=[N+]=[N-]
CHEMBL20117,COc1ccc(CN=[N+]=[N-])cc1C(=O)CC(=O)C(=O)O
AMFENAC SODIUM,Nc1c(CC(=O)[O-])cccc1C(=O)c1ccccc1.[Na+]
CHEMBL65631,O=C(O)C1CC2CC(CP(=O)(O)O)CCC2CN1
CHEMBL24064,O=C(O)CCCC(=O)N1c2ccccc2CC1C(=O)O
CHEMBL60566,CCCN(C)C(=O)Oc1no[n+]([O-])c1-c1ccccc1
CHEMBL263070,O=C(NCc1ccc(F)cc1)OCCCc1c[nH]cn1
CHEMBL285503,O=C(O)c1ccccc1NS(=O)(=O)c1ccccc1
CHEMBL47332,CC(=O)OCC1CN(c2ccc(C(C)C)cc2)C(=O)O1
CHEMBL72482,CCOC(=O)N1CCCCC(O)(c2ccccc2)C1=O
CHEMBL305109,CCOC(=O)N1CCCC(OC)(c2ccccc2)C1=O
CHEMBL16785,Cc1ccccc1C(=O)NCCCCCCCC(=O)O
CHEMBL424599,CCCN(CCC)C1Cc2ccc(C(=O)O)c(O)c2C1
CHEMBL9674,CCCCCCCN(C)/N=N/c1ccc(C(=O)O)cc1
CHEMBL273983,O=NN(CCCl)C(=O)NC1CCCC(C(=O)O)C1
CHEMBL12920,O=NN(CCCl)C(=O)NC1CCC(C(=O)O)CC1
CHEMBL47945,O=C(O)C1Cc2c(OCP(=O)(O)O)noc2CN1
CHEMBL51414,O=C(O)CCc1c(C(=O)O)[nH]c2cccc([N+](=O)[O-])c12
CHEMBL50753,O=C(O)CCc1c(C(=O)O)[nH]c2cc([N+](=O)[O-])ccc12
CHEMBL307061,COC(=O)c1cc2c3ccccc3n3c(=O)ccc(n1)c23
CHEMBL29651,CCn1cc(C(=O)O)c(=O)c2cc(F)c(N(C)C)cc21
CHEMBL303209,CC1(C)OC(=O)Nc2ccc(-c3cccc(C#N)c3)cc21
CHEMBL72915,O=C(O)Cc1ccc(Nc2ccc3ccccc3n2)cc1
CHEMBL266500,Cc1nn(-c2ccccc2)c(-c2ccccc2)c1C(=O)O
CHEMBL78274,CCN(CC)C(=O)C(C)NC(=O)OCc1ccccc1
CHEMBL17180,Nc1ccccc1C(=O)NCCCCCCCC(=O)O
CHEMBL51251,COc1ccccc1NC(=O)OCCN1CCCCC1
CHEMBL46161,Nc1cc2c(=O)c(C(=O)O)cn(C3CC3)c2cc1Cl
CHEMBL294792,O=C(O)c1cc2cc([N+](=O)[O-])c([N+](=O)[O-])cc2nc1O
CHEMBL22497,CCn1cc(C(=O)O)c(=O)c2cc(F)c(C(=O)O)cc21
CHEMBL16356,CC(=O)NCC1CN(c2cccc([N+](=O)[O-])c2)C(=O)O1
CHEMBL73348,Nc1c(CC(=O)[O-])cccc1C(O)c1ccccc1.[Na+]
CHEMBL15975,O=C(CC(=O)NC1CCOC1=O)Cc1ccc(F)cc1
CHEMBL30454,CCOC(=O)c1ccc(NC(=O)CCC(=O)OC)cc1
CHEMBL9235,C#Cc1ccc(C(=O)c2ccc3n2CCC3C(=O)O)cc1
CHEMBL268430,C#CC(C)(C)NCC(O)COC(=O)c1ccccc1F
CHEMBL16578,O=C(O)CCCCCCCNC(=O)c1ccc(O)cc1
CHEMBL7234,CC(C)(C)NCC(O)COC(=O)c1ccc(C=O)cc1
CHEMBL16798,O=C(O)CCCCCCCNC(=O)c1cccc(O)c1
CHEMBL16315,O=C(O)C1CC2CC(CCc3nnn[nH]3)CCC2CN1
CHEMBL30452,CCOC(=O)CCCNc1ccc(C(=O)OCC)cc1
CHEMBL284162,COc1ccc(C(=O)OC2CCN(C)CC2)cc1OC
CHEMBL31450,C=COC(=O)c1cccc(OCC(O)CNC(C)C)c1
CHEMBL31036,C=COC(=O)c1ccc(OCC(O)CNC(C)C)cc1
CHEMBL284909,C=COC(=O)c1ccccc1OCC(O)CNC(C)C
CHEMBL66070,O=C(O)CN1C(=O)/C(=C/c2ccccc2)SC1=S
SALCAPROZIC ACID,O=C(O)CCCCCCCNC(=O)c1ccccc1O
CHEMBL61916,CC(CS)C(=O)N1CCc2ccccc2C1C(=O)O
CHEMBL279737,CC(CS)C(=O)N1Cc2ccccc2CC1C(=O)O
CHEMBL7323,CC(C)(C)NCC(O)COC(=O)CCc1ccccc1
CHEMBL418644,NCCCCN(CCCN)C(=O)OCc1ccccc1
CHEMBL9037,COC(=O)C1=NN2C(=O)Nc3cc(Cl)ccc3C2C1
CHEMBL16231,O=C(Nc1ccc(Cl)cc1)OCCCc1c[nH]cn1
CHEMBL58578,O=C(O)CCCCCCCNC(=O)CBr
CHEMBL48037,Cc1onc(OCP(=O)(O)O)c1CC(N)C(=O)O
CHEMBL277014,Cc1noc(C2CN=CNC2)n1.O=C(O)C(F)(F)F
CHEMBL295427,COc1cc2nc(O)c(O)nc2c(OC(C)=O)c1OC
CHEMBL61957,O=C(O)CSc1cc2ccc([N+](=O)[O-])cc2nc1O
CHEMBL29052,CCCn1c(=O)n(C)c(=O)c2c1ncn2CCC(=O)O
CHEMBL299588,CC(C(=O)O)C(=O)NC(Cc1ccccc1)C(=O)NO
CHEMBL16779,O=C(O)CNC(=O)C(CC(=O)NO)Cc1ccccc1
CHEMBL16622,O=CN(O)CC(Cc1ccccc1)C(=O)NCC(=O)O
CHEMBL9468,N#Cc1cccc(C(=O)c2ccc3n2CCC3C(=O)O)c1
CHEMBL9186,N#Cc1ccc(C(=O)c2ccc3n2CCC3C(=O)O)cc1
CHEMBL16549,O=C(O)CCCCCCCNC(=O)c1cccnc1O
CHEMBL37135,O=C(O)CCCCCCn1cnc2c1NC=NCC2O
CHEMBL17086,CSc1cccc(N2CC(CNC(C)=O)OC2=O)c1
CHEMBL416536,CSc1ccc(N2CC(CNC(C)=O)OC2=O)cc1
CHEMBL419810,O=C(O)CCCNC(=O)NC12CC3CC(CC(C3)C1)C2
CHEMBL7725,Cc1cc(N)ccc1C(=O)OCC(O)CNC(C)(C)C
CHEMBL19857,O=C(O)c1cn2c3c(nc(O)c2n1)-c1ccccc1C3=O
FLUFENAMIC ACID,O=C(O)c1ccccc1Nc1cccc(C(F)(F)F)c1
CHEMBL38420,O=C(O)c1ccc2ccc(/C=C/c3ccco3)nc2c1O
CHEMBL40654,O=C(CNC(=O)CNC(=O)OCc1ccccc1)NO
CHEMBL21629,O=C(Nc1ccc(-c2ncon2)cc1)Oc1ccccc1
CHEMBL43521,Cc1c(-c2ccccc2)nc2ccc(F)cc2c1C(=O)O
CHEMBL9129,C=Cc1ccc(C(=O)c2ccc3n2CCC3C(=O)O)cc1
CHEMBL273714,CCOC(=O)/C=C/c1ccc2c(c1)Nc1ccccc1O2
CHEMBL266548,CC(C)NCC(O)COC(=O)c1ccc2c(c1)OCO2
CHEMBL37725,Cn1c(C(=O)O)cc2cc(OCc3ccccc3)ccc21
CHEMBL12176,CN1Cc2ccccc2C(=O)c2ccc(CC(=O)O)cc21
CHEMBL67860,Cn1c(C#N)ccc1-c1ccc2c(c1)C(C)(C)OC(=O)N2
INDOPROFEN,CC(C(=O)O)c1ccc(N2Cc3ccccc3C2=O)cc1
CHEMBL70114,Cn1cc(-c2ccc3c(c2)C(C)(C)OC(=O)N3)cc1C#N
CHEMBL16964,O=C(O)CCCCCCCNC(=O)c1ccc(F)cc1
CHEMBL17053,O=C(O)CCCCCCCNC(=O)c1cccc(F)c1
CHEMBL16808,O=C(O)CCCCCCCNC(=O)c1ccccc1F
CHEMBL290591,CCOC(=O)C1=C(C)N=C(C)/C(=C(/O)OCC)C1CC
CHEMBL30292,COC(=O)Cc1ccc(OCC(O)CNC(C)C)cc1
CHEMBL273251,CCCOC(=O)c1cc(OC)c(CC(C)N)cc1OC
CHEMBL30899,COC(=O)c1ccc(OCC(O)CNC(C)(C)C)cc1
CHEMBL13365,COC(=O)c1ccccc1OCC(O)CNC(C)(C)C
CHEMBL31608,CCOC(=O)c1ccc(OCC(O)CNC(C)C)cc1
CHEMBL31568,CCOC(=O)CCNCC(O)COc1cccc(C)c1
CHEMBL283289,CCOC(=O)CCNCC(O)COc1ccccc1C
CHEMBL31860,CCOC(=O)c1ccc(NC/C=C/c2ccccc2)cc1
(E)-ISBOGREL,O=C(O)CCCC/C=C(\c1ccccc1)c1cccnc1
ISBOGREL,O=C(O)CCCC/C=C(/c1ccccc1)c1cccnc1
CHEMBL417796,O=NN(CCCl)C(=O)NC(CCC(=O)O)C(=O)O
CHEMBL56654,CCOC(=O)C1=C(Nc2ccc(Cl)cc2)OCC1=O
CHEMBL277411,CCOC(=O)Cc1c(C(=O)O)[nH]c2cc(Cl)ccc12
CHEMBL40554,C[N+](C)(C)CC#CCOC(=O)Nc1cccc(Cl)c1
CHEMBL23831,O=C(O)c1ccccc1Nc1cc(Cl)ccc1Cl
CLOFENAMIC ACID,O=C(O)c1ccccc1Nc1cccc(Cl)c1Cl
CHEMBL23167,O=C(O)c1ccccc1Nc1c(Cl)cccc1Cl
CHEMBL22876,O=C(O)c1ccccc1Nc1cc(Cl)cc(Cl)c1
CHEMBL22483,O=C(O)c1ccccc1Nc1ccc(Cl)c(Cl)c1
NIFLUMIC ACID,O=C(O)c1cccnc1Nc1cccc(C(F)(F)F)c1
CHEMBL277711,NC1c2ccccc2-c2nc(O)c3nc(C(=O)O)cn3c21
CHEMBL15002,Nc1ccc2c(c1)Cc1c-2nc(O)c2nc(C(=O)O)cn12
CHEMBL283014,CCOC(=O)c1nc(O)n2cccc(-c3ccccc3)c12
CHEMBL35255,COC(=O)Nc1cccc(-c2nc3cc(C)ccc3o2)c1
CHEMBL293270,CC(C)c1ccc2nc3ccc(C(=O)O)cn3c(=O)c2c1
CHEMBL7459,CC(C)NCC(O)COC(=O)c1cccc([N+](=O)[O-])c1
CHEMBL56385,COC(=O)c1[nH]c(C(C)=O)c2nc3ccccc3c-2c1C
CHEMBL282591,COC(=O)c1nc(O)n2cccc(-c3ccc(C)cc3)c12
CHEMBL267516,CC(C)NCC(O)COC(=O)c1ccc([N+](=O)[O-])cc1
CHEMBL67951,CC(C)(C)COC(=O)c1cc2c3ccccc3nc-2c[nH]1
CHEMBL416358,CCCC1=NN(C(=O)OCCC(C)C)C(CCC)N=N1
CHEMBL17598,CCCCCOC(=O)N1N=C(CCC)N=NC1CCC
CHEMBL300476,O=C(Nc1cccc(Cl)c1)OCCN1CCCCC1
CHEMBL284979,O=C(O)Cn1cnc2ccc(Br)cc2c1=O
CHEMBL10810,CC(C(=O)O)c1ccc2c(c1)C(=O)Nc1ccccc1O2
CHEMBL300437,O=C(O)CCc1c(C(=O)O)[nH]c2c1ccc1ccccc12
CHEMBL288297,C=C(C(=O)c1ccc(C(=O)OC)cc1)n1ccccc1=O
CHEMBL20057,Cc1ccc(C(=O)OCn2oc(=O)c3ccccc32)cc1
CHEMBL75896,Nc1c(CC(=O)[O-])cccc1C(=O)C1CCCCC1.[Na+]
CHEMBL31814,Cc1ccc(CCC(=O)Nc2ccc(C(=O)O)cc2)cc1
CHEMBL57419,CNc1c(C(=O)OC)c(C)nc2c1c1ccccc1n2C
CHEMBL73295,CCOC(=O)Cc1cccc(C(=O)c2ccccc2)c1N
CHEMBL292622,CCn1c2ccccc2c2c(N)c(C(=O)OC)c(C)nc21
DAZMEGREL,Cc1c(Cn2ccnc2)c2ccccc2n1CCC(=O)O
CHEMBL75646,CN(C)c1c(CC(=O)O)cccc1C(=O)c1ccccc1
CHEMBL265091,O=C(c1ccccc1)c1ccc2n1CCCCC2C(=O)O
CHEMBL32177,CC(C)c1cccc(NC(=O)c2ccc(C(=O)O)cc2)c1
CHEMBL8947,Cc1ccc(C(=O)c2ccc3n2CCCC3C(=O)O)cc1
CHEMBL303207,CC(C)c1ccc(NC(=O)c2ccc(C(=O)O)cc2)cc1
CHEMBL275203,CCCNC(=O)Oc1ccc2c(c1)[nH]c1c(C)nccc12
CHEMBL57474,CCOC(=O)c1c(C)nc2c(c1N)c1ccccc1n2C
CHEMBL267416,CCC(C)(C)NCC(O)COC(=O)c1ccccc1F
CHEMBL418761,O=C(O)CN(CCSCc1ccccc1)CC(=O)O
CHEMBL286404,COC(=O)c1[nH]c2ccccc2c1Sc1ccccc1
CHEMBL51641,CCOC(=O)C1CCCCN1C(=O)C(=O)C(C)(C)CC
CHEMBL58414,COC(=O)C1C2CC3CCC1N3C/C2=C\c1ccccc1
CHEMBL32028,O=C(O)c1ccc(NCCCCCc2ccccc2)cc1
CHEMBL31868,CCOC(=O)c1ccc(NCCCc2ccccc2)cc1
CHEMBL283343,CCOC(=O)/C=C/CN(C)Cc1cccc2ccccc12
CHEMBL31282,O=C([O-])c1ccc(NCc2ccc(Cl)cc2)cc1.[Na+]
CHEMBL292028,CN(C)C(=O)Oc1nsnc1-c1ccccc1Cl
CHEMBL10534,CCOC(=O)c1[nH]cc2nc3ccccc3c-2c1COC
CHEMBL32445,CN(C)c1cccc(NC(=O)c2ccc(C(=O)O)cc2)c1
CHEMBL276806,CC(=O)OCCOc1ccc2c(c1)[nH]c1c(C)nccc12
CHEMBL435958,O=C(O)c1cccc(Cn2cnc(-c3ccsc3)c2)c1
CHEMBL8197,CN1C2CCC1CC(OC(=O)c1c[nH]c3ccccc13)C2
CHEMBL26311,CCOC(=O)c1ccc2[nH]cc(C3=CCN(C)CC3)c2c1
CHEMBL67185,CCOC(=O)/C(=C1/SCCC(C)S1)n1ccnc1
CHEMBL68141,CCOC(=O)c1cnc2c(C(F)(F)F)cccc2c1O
CHEMBL14725,O=C(O)c1cn2c3c(nc(O)c2n1)-c1ccc(F)cc1C3
CHEMBL29877,O=C(O)C1Cc2c(CCP(=O)(O)O)cccc2CN1
CHEMBL451236,O=C(O)Cc1cccc(C(=O)c2ccccc2)c1[N+](=O)[O-]
CHEMBL267286,COC(=O)Cc1ccc2c(ccc3oc([N+](=O)[O-])cc32)c1
CHEMBL33938,COc1cccc(OC(=O)CNC(=O)c2ccccc2)c1
CHEMBL8880,COc1cccc(C(=O)c2ccc3n2CCC3C(=O)O)c1
RO-147437,CCOC(=O)c1ncn2c1CN(C)C(=O)c1ccccc1-2
CHEMBL31989,COc1ccc(OC(=O)CNC(=O)c2ccccc2)cc1
ANIROLAC,COc1ccc(C(=O)c2ccc3n2CCC3C(=O)O)cc1
CHEMBL31443,COc1ccccc1CCCNc1ccc(C(=O)O)cc1
CHEMBL31834,COc1ccc(CCCNc2ccc(C(=O)O)cc2)cc1
CHEMBL32295,CCOC(=O)c1ccc(NCc2ccc(OC)cc2)cc1
CHEMBL49955,COC(=O)CSc1nc2sc(C)c(C)c2c(=O)o1
CHEMBL38600,CN1C2CCC1CC(OC(=O)c1[nH]nc3ccccc13)C2
CHEMBL56419,O=C(O)CCCCCCNS(=O)(=O)c1ccccc1
PROBENECID,CCCN(CCC)S(=O)(=O)c1ccc(C(=O)O)cc1
CHEMBL417744,CCc1cccc2c3c([nH]c12)C(CC)(CC(=O)O)CCC3
CHEMBL287800,CC(=O)OCCOCn1cnc2c(Cl)nc(N)nc21
CHEMBL16576,O=C(O)CCCCCNC(=O)c1ccc(Cl)cc1O
CHEMBL290626,CC1N=C(S)N(Nc2cccc(Cl)c2)C1C(=O)O
CHEMBL268141,CC(C)(C)NCC(O)COC(=O)c1ccccc1Cl
CHEMBL73222,O=C(O)c1cc(C(=O)O)c2ccc(Cl)c(Cl)c2n1
CHEMBL60875,O=C(O)c1cc(C(=O)O)c2c(Cl)cc(Cl)cc2n1
CHEMBL43250,CC(=O)OCC1OC(n2cc(C)c(=O)[nH]c2=O)CC1F
CHEMBL296705,CC(C)(C)c1onc(OCC(=O)O)c1CC(N)C(=O)O
CHEMBL65533,O=C1CCCC(=O)OC2(NCC3(CN2)COCOC3)O1
CHEMBL298490,CCCCc1onc(OCC(=O)O)c1CC(N)C(=O)O
CHEMBL418085,NS(=O)(=O)c1ccc(C(=O)NCCCC(=O)O)cc1
CHEMBL21407,COC(=O)CCCc1nc(N)nc(N)c1-c1ccccc1
CHEMBL7959,CCOC(=O)Nc1ccc(Nc2cccc(OC)c2)cc1
CHEMBL308394,COC(=O)c1ccccc1/N=c1\ssnc1Cl
CHEMBL12137,CC(=O)OC(C)C[N+](C)(C)C.[I-]
CHEMBL8967,CCOC(=O)c1cc2n(n1)C(C(=O)O)Nc1ccccc1-2
CHEMBL72477,CC(C(=O)O)c1ccc(Nc2ccc([N+](=O)[O-])cn2)cc1
CHEMBL9205,O=C(c1ccc(F)cc1)c1ccc2n1CCCC2C(=O)O
CHEMBL35594,NS(=O)(=O)c1ccc(NC(=O)CNCC(=O)O)cc1
CHEMBL35595,NS(=O)(=O)c1ccccc1NC(=O)CNCC(=O)O
CHEMBL285238,NS(=O)(=O)c1cccc(NC(=O)CNCC(=O)O)c1
CHEMBL22441,COc1ccc2cc(C(C)C(=O)NCC(=O)O)ccc2c1
GABAZINE,COc1ccc(-c2ccc(=N)n(CCCC(=O)O)n2)cc1
CHEMBL67403,CN1C2CCC1C(OC(=O)n1c(=O)[nH]c3ccccc31)C2
THIONIN ACETATE,CC(=O)[O-].Nc1ccc2nc3ccc(N)cc3[s+]c2c1
CHEMBL301682,CCc1ccc(NC2=CC(=O)C(C(=O)OC)C(C)C2)cc1
CHEMBL31923,O=C(O)c1ccc(NCCCCCCc2ccco2)cc1
CHEMBL7739,CC(C)NCC(O)COC(=O)c1ccc2ccccc2c1
CHEMBL66824,CCc1cccc2c3c([nH]c12)C(CC)(CC(=O)O)COC3
CHEMBL273549,CCN(Cc1ccccc1)C(=O)OCCCc1c[nH]cn1
CHEMBL16639,O=C(NCCCc1ccccc1)OCCCc1c[nH]cn1
CHEMBL6984,CC(C)NCC(O)COC(=O)c1cccc2ccccc12
CHEMBL47458,CC(C)c1nc(CC(N)C(=O)O)cn1Cc1ccccc1
ETODOLAC,CCc1cccc2c3c([nH]c12)C(CC)(CC(=O)O)OCC3
CHEMBL34885,O=NN(CCCl)C(=O)OCc1ccc([N+](=O)[O-])cc1
CHEMBL285270,O=NN(CCCl)C(=O)OCc1ccccc1[N+](=O)[O-]
CHEMBL306135,O=C(O)Cc1cccc2c(-c3ccc(Cl)cc3)onc12
CHEMBL29100,O=C(O)c1ccc(NC/C=C/c2ccc(Cl)cc2)cc1
CHEMBL303080,O=C(O)Cc1c(C(=O)O)[nH]c2cc(Cl)cc(Cl)c12
CHEMBL285911,O=C1NC(=O)C2(CCOc3c(Cl)cc(Cl)cc32)O1
CHEMBL37028,O=C([O-])CCCCCn1cnc2c1NC=NCC2O.[Na+]
CHEMBL279522,CC(=O)NCC1OC(=O)N2c3ccc(C(C)=O)cc3CC12
PIROMIDIC ACID,CCn1cc(C(=O)O)c(=O)c2cnc(N3CCCC3)nc21
CHEMBL273423,O=C(O)c1ccc(N/C(S)=N/c2ccccc2)cc1O
CHEMBL296807,COC(=O)c1sc(Oc2cccc(C)c2)c(C#N)c1N
CHEMBL10818,COC(=O)CCC1=CCN(NC(=O)c2ccccc2)CC1
CHEMBL16319,CN(C)c1ccc(NC(=O)OCCCc2c[nH]cn2)cc1
CHEMBL10828,COC(=O)CCC1=CCCN(NC(=O)c2ccccc2)C1
CHEMBL312800,O=C(O)c1ccccc1C(=O)c1ccc(F)c([N+](=O)[O-])c1
CHEMBL50605,O=C(O)C(=O)CC(=O)c1cccn1Cc1ccc(F)cc1
CHEMBL67348,CC(C)C(CC(=O)NO)C(=O)NC(CC(N)=O)C(=O)O
CHEMBL274622,CC(=O)OCC1CCC(NC(=O)N(CCF)N=O)CC1
CHEMBL22181,CCOC(=O)Cc1nc(-c2ccc(N=C=S)cc2)no1
CHEMBL293788,CC(=O)Oc1cccc2ccc(/C=C/c3ccccc3)nc12
CHEMBL61612,CC(=O)Oc1ccc2[nH]c3c(C)c4cccc-4ccc3c2c1
CHEMBL268356,CCOC(=O)c1cccc(N2C(N)=NC(N)=NC2(C)C)c1
CHEMBL6613,CCOC(=O)c1ccc(N2C(N)=NC(N)=NC2(C)C)cc1
CHEMBL281604,CSc1cc(CC(=O)O)n(C)c1C(=O)c1ccccc1
CHEMBL273937,CC(C)Cc1ccc(C(C)C(=O)OCN2CCC2=O)cc1
CHEMBL301310,CCN(CC)C(=O)/C=C\c1c(C)ccc(C)c1OC(C)=O
CHEMBL54210,CCN(CC)C(=O)/C=C\c1c(C)cc(C)cc1OC(C)=O
CHEMBL26835,CCCN(CCC)C1CCc2cccc(C(=O)OC)c2C1
CARAMIPHEN,CCN(CC)CCOC(=O)C1(c2ccccc2)CCCC1
CHEMBL9420,O=C(c1ccc(Cl)cc1)c1ccc2n1CC(C(=O)O)C2
CHEMBL31734,O=C(CNC(=O)c1ccccc1)Oc1ccc(Cl)cc1
CHEMBL9497,O=C(c1cccc(Cl)c1)c1ccc2n1CCC2C(=O)O
CHEMBL31203,O=C(CNC(=O)c1ccccc1)Oc1cccc(Cl)c1
CHEMBL9154,O=C(c1ccccc1Cl)c1ccc2n1CCC2C(=O)O
CHEMBL9351,O=C(c1ccc(Cl)cc1)c1ccc2n1CCC2C(=O)O
CHEMBL295060,CS(=O)(=O)c1ccc(N2CC(CCl)OC2=O)cc1
CHEMBL27674,COC(=O)CCCCCn1cc[n+](C)c1/C=N/O.[Cl-]
CHEMBL440656,O=C(O)c1cccc(NCCCc2ccc(Cl)cc2)c1
CHEMBL285653,O=C(O)c1ccc(NCCCc2cccc(Cl)c2)cc1
CHEMBL28794,CCOC(=O)c1ccc(NCc2ccc(Cl)cc2)cc1
CHEMBL31775,O=C(O)c1ccc(NCCCc2ccc(Cl)cc2)cc1
CHEMBL20124,O=C(Oc1c(F)c(F)c(F)c(F)c1F)c1cnccn1
CHEMBL290418,O=C([O-])CCCOCn1cnc2c1NC=NCC2O.[Na+]
CHEMBL293609,COC(=O)NC(=O)CC1C(=O)N(C)C(=O)c2ccccc21
CHEMBL11415,O=C(OCCOCn1ccc(=O)[nH]c1=O)c1ccccc1
CHEMBL431718,CCOC(=O)c1cnc(C)nc1NN1C(=O)C=C(C)C1=O
CHEMBL279617,O=C(Nc1cccc([N+](=O)[O-])c1)OCCCc1c[nH]cn1
CHEMBL15883,O=C(Nc1ccc([N+](=O)[O-])cc1)OCCCc1c[nH]cn1
CHEMBL16109,O=C(Nc1ccccc1[N+](=O)[O-])OCCCc1c[nH]cn1
CHEMBL290153,C/C=N/OCC(O)CNC(C)C.O=C(O)/C=C/C(=O)O
CHEMBL39682,CCO/N=C/C(O)CNC(C)C.O=C(O)/C=C/C(=O)O
CHEMBL440087,CCN(CC)C(=O)c1ccc2[nH]c(NC(=O)OC)nc2c1
CHEMBL26169,CC(CCC(N)=O)C(=O)N1c2ccccc2CC1C(=O)O
CHEMBL10696,CC(=O)NC(Cc1ccccc1)C(=O)NC/C=C/C(=O)O
CHEMBL11882,CCCCNC(=O)c1ccc2[nH]c(NC(=O)OC)nc2c1
CHEMBL74370,CCC(CC)Nc1cc(C(=O)O)ccc1N1CCCC1=O
CHEMBL52377,COC(=O)SNN(C)S(=O)(=O)Cc1ccccc1
CARTAZOLATE,CCCCNc1c(C(=O)OCC)cnc2c1cnn2CC
CHEMBL51844,COC(=O)SNN(C)S(=O)(=O)c1ccc(C)cc1
SUXAMETHONIUM,C[N+](C)(C)CCOC(=O)CCC(=O)OCC[N+](C)(C)C
CHEMBL48282,NS(=O)(=O)c1ccc(N2CC(CCl)OC2=O)cc1
CHEMBL12559,NCCCC(=O)OCC(O)CO.O=C(O)C(F)(F)F
CHEMBL267731,O=C(c1c(F)cccc1F)c1ccc2n1CCC2C(=O)O
CHEMBL9460,O=C(c1ccc(F)cc1F)c1ccc2n1CCC2C(=O)O
CHEMBL29028,Cc1cc(CC(=O)[O-])c(N)c(C(=O)c2ccccc2)c1.[Na+]
CHEMBL29327,Cc1ccc(C(=O)c2ccccc2)c(N)c1CC(=O)[O-].[Na+]
CHEMBL28185,Cc1ccc(CC(=O)[O-])c(N)c1C(=O)c1ccccc1.[Na+]
CHEMBL285781,Cc1ccccc1C(=O)c1cccc(CC(=O)[O-])c1N.[Na+]
CHEMBL28703,Cc1ccc(C(=O)c2cccc(CC(=O)[O-])c2N)cc1.[Na+]
CHEMBL284932,CC(CC(=O)O)CC(=O)N1c2ccccc2CC1C(=O)O
CHEMBL280697,CC(CCC(=O)N1c2ccccc2CC1C(=O)O)C(=O)O
CHEMBL26168,CC(CCC(=O)O)C(=O)N1c2ccccc2CC1C(=O)O
CHEMBL15893,COc1ccc(CC(=O)CC(=O)NC2CCOC2=O)cc1
CHEMBL414208,CCOC(=O)C1=C(O)C(=O)N(Cc2ccc(OC)cc2)C1
CHEMBL419638,CCc1ccc2nc(O)c(O)nc2c1CN(C)CC(=O)O
CHEMBL76650,NCC1CCC(=O)N1c1ccc(C(=O)O)cc1N=C(N)N
CHEMBL68589,O=C(O)c1ccc(C(=O)Nc2ccc3ccccc3c2)cc1
CHEMBL16728,CC(=O)NCC1CN(c2ccc(C(C)=O)c(N)c2)C(=O)O1
CHEMBL40148,O=C(O)c1ccc2ccc(/C=C/c3ccccc3)nc2c1O
CHEMBL34534,Cc1ccc(S(=O)(=O)Nc2ccccc2C(=O)O)cc1
CHEMBL32462,O=C(O)c1ccc(NCCc2cccc3ccccc23)cc1
CHEMBL303632,CCCc1sc(-c2ccccc2)nc1OC(=O)OCC
CHEMBL61842,CCCN(CCC)C1CCc2c(ccc(C(=O)O)c2O)C1
CHEMBL267259,CCOC(=O)c1cc2c3ccc(Cl)cc3nc(O)n2n1
ZOMEPIRAC,Cc1cc(CC(=O)O)n(C)c1C(=O)c1ccc(Cl)cc1
CHEMBL12651,O=NN(CCCl)C(=O)NC(C(=O)O)C1CCCCC1
CHEMBL12682,O=COCC1CCC(NC(=O)N(CCCl)N=O)CC1
CHEMBL12637,CC(=O)OC1CCC(NC(=O)N(CCCl)N=O)CC1
CHEMBL12805,CCOC(=O)C1(NC(=O)N(CCCl)N=O)CCCC1
CHEMBL23827,O=C(O)c1ccccc1Nc1cccc(Br)c1
CHEMBL11579,Cn1cc(NC(=O)c2cc([N+](=O)[O-])cn2C)cc1C(=O)O
CHEMBL307940,CC(N)C(=O)NCC(O)C1OC(C(=O)O)CC(O)C1O
CHEMBL16307,CC(=O)NCC1CN(c2ccc(C(C)=O)c(O)c2)C(=O)O1
CHEMBL39143,O=C(O)c1ccc2ccc(/C=C/c3cccnc3)nc2c1O
CHEMBL57556,O=C(O)c1cccc(Nc2nccc(-c3cccnc3)n2)c1
CHEMBL57426,N=C(N)Nc1cc(C(=O)O)ccc1N1C(=O)CCC1CO
CHEMBL51812,COC(=O)c1sc(Oc2ccccc2)c(C(N)=O)c1N
CHEMBL25665,Cc1ccc(C(=O)Oc2ccc(Nn3cccc3)cc2)cc1
CHEMBL442956,O=C(O)C1Cc2c([nH]c3ccccc23)C(c2ccccc2)N1
CHEMBL307185,CC(C(=O)O)c1ccc(Nc2ccc3ccccc3n2)cc1
CHEMBL54248,CCOC(=O)C(C)(O)c1cc(C)c(/N=C/N(C)C)c(C)c1
CHEMBL36861,O=C(O)CCN1CCN(CCOCc2ccccc2)CC1
CHEMBL298920,CCOc1ccccc1NC(=O)OCCN1CCCCC1
CHEMBL22530,O=C(O)c1cc(O)c2c(Cl)c(Cl)c(Cl)cc2n1
CHEMBL70162,CCOC(=O)c1cnn2c1n[n+]([O-])c1ccc(Cl)cc12
CHEMBL297892,NS(=O)(=O)c1cc(C(=O)NCC(=O)O)ccc1Cl
CHEMBL47165,O=C(O)c1ccc2c(Cl)c(Cn3ccnc3)sc2c1
CHEMBL296006,O=C(O)c1ccc2sc(Cn3ccnc3)c(Cl)c2c1
CHEMBL50976,COc1cc(OC)c2c(CCC(=O)O)c(C(=O)O)[nH]c2c1
CHEMBL56314,CC(=O)Nc1c(N=C(N)N)cc(C(=O)O)cc1N=C(N)N
7-DESETHYL-NORFLOXACIN,CCn1cc(C(=O)O)c(=O)c2cc(F)c(NCCN)cc21
CHEMBL431939,CCOC(=O)c1cc2ccc3c(c4ccccc4n3C)c2o1
CHEMBL35958,COc1ccc(C2CNC(=O)C2)cc1OCCCC(=O)O
CHEMBL36182,CCOC(=O)C1C(=O)NCC1c1ccc(OC)c(OC)c1
CHEMBL7260,CCOC(=O)c1cc2ccccn2/c(=N/c2ccccc2)n1
CHEMBL13195,CC(C)(CCC(=O)O)CCn1cnc2c(O)nc(N)nc21
CHEMBL16970,Cc1cccc(C(=O)NCCCCCCCC(=O)O)c1O
CHEMBL7332,C=CCOc1cccc(C(=O)OCC(O)CNC(C)C)c1
CHEMBL276547,Cc1ccc(O)c(C(=O)NCCCCCCCC(=O)O)c1
CHEMBL266529,C=CCOc1ccccc1C(=O)OCC(O)CNC(C)C
CHEMBL54438,CCOC(=O)CCCN(O)C(=O)CCCc1ccccc1
CHEMBL30775,CCCC(Nc1ccc(C(=O)OCC)cc1)C(=O)OCC
CHEMBL16744,Cc1ccc(C(=O)NCCCCCCCC(=O)O)c(O)c1
CHEMBL30289,COC(=O)/C=C/c1ccc(OCC(O)CNC(C)C)cc1
CHEMBL290310,CCCCn1ccc2cc(-c3ccc(C(=O)O)cc3)ccc21
CHEMBL278348,CC(CS)C(=O)N(CC(=O)O)C1Cc2ccccc2C1
CHEMBL38063,CC1C(C(=O)OC2(C)CCN(C)CC2)CC2CC1C2(C)C
CHEMBL302990,CCOC(=O)c1nc2c3cc(Cl)ccc3oc(=O)n2n1
CHEMBL8995,O=C(O)c1cc2n(n1)C(C(=O)O)Nc1cc(Cl)ccc1-2
CHEMBL39470,O=C(O)Cc1cc(Cl)c2c(c1)CCC(C(F)(F)F)N2
CHEMBL61966,COC(=O)C1C(=O)C=C(Nc2ccc(Cl)cc2)CC1C
CHEMBL277149,O=C(NCc1ccc(Cl)cc1)OCCCc1c[nH]cn1
CHEMBL306208,COC(=O)C1C(c2ccc(Cl)cc2)CC2CCC1N2C
CHEMBL26602,CCOC(=O)Cn1c([N+](=O)[O-])nc2ccc([N+](=O)[O-])cc21
CHEMBL27303,CCOC(=O)Cn1c([N+](=O)[O-])nc2cc([N+](=O)[O-])ccc21
CHEMBL416736,CCc1noc(C2CN=CNC2)n1.O=C(O)C(F)(F)F
CHEMBL16691,CC(=O)NCC1CN(c2ccc(C(C)=O)c(F)c2)C(=O)O1
CHEMBL16046,CC(NC(=O)C(CC(=O)NO)Cc1ccccc1)C(=O)O
CHEMBL57446,Cc1cccc2c1/C(=C/c1[nH]cc3c1CCOC3=O)C(=O)N2
CHEMBL440104,O=C(O)CCNC(=O)C(CC(=O)NO)Cc1ccccc1
CHEMBL16575,COc1cc(OC)cc(N2CC(CNC(C)=O)OC2=O)c1
CHEMBL55056,CC(C(=O)O)C(=O)NC(CC(=O)NO)Cc1ccccc1
CHEMBL22280,COc1ccccc1NC(=O)Oc1cccc2cccnc12
ROSOXACIN,CCn1cc(C(=O)O)c(=O)c2ccc(-c3ccncc3)cc21
CHEMBL441247,CC(c1cc2ccccc2s1)N(O)C(=O)NCC(=O)O
CHEMBL62447,COC(=O)c1c(C)nc2c(CCc3ccccc3)cccn12
CHEMBL7434,CC(=O)Nc1ccc(C(=O)OCC(O)CNC(C)C)cc1
CHEMBL266803,CC(=O)Nc1cccc(C(=O)OCC(O)CNC(C)C)c1
CHEMBL291112,CC(C)(CCCCn1cnc2c1NC=NCC2O)C(=O)O
CHEMBL285450,CCOC(=O)CCCCCn1cnc2c1NC=NCC2O
CHEMBL38305,O=C(O)CCCCCCCn1cnc2c1NC=NCC2O
CHEMBL17599,CCCC1=NN(C(=O)OC2CCCCC2)C(CCC)N=N1
CHEMBL432525,COC(=O)CCCNC(=O)NC12CC3CC(CC(C3)C1)C2
CHEMBL38994,O=C(O)CC1CCc2cc(Cl)cc3[nH]c(=O)c(=O)n1c23
CHEMBL74823,CN1CCC2(CC1)OC(=O)N(c1cccc(Cl)c1)C2=O
CHEMBL28955,Nc1c(CC(=O)[O-])cc(F)cc1C(=O)c1ccccc1.[Na+]
CHEMBL58150,NC1=CC(=O)c2ccc(-c3cccc(C(=O)O)n3)nc2C1=O
CHEMBL283661,Nc1c(CC(=O)[O-])cccc1C(=O)c1ccc(F)cc1.[Na+]
CHEMBL275820,O=C(O)CCn1c(=O)c2ccccc2c2ccccc2c1=O
CHEMBL21746,CNC(=O)OCc1ccc2c(c1)C(=O)c1ccccc1C2=O
CHEMBL14639,CCOC(=O)c1cn2c3c(nc(O)c2n1)-c1ccccc1C3
CHEMBL43548,CCn1cc(C(=O)O)c(=O)c2ccc(-c3ccncc3)nc21
CHEMBL50718,COC(=O)OCC(CO)CCn1cnc2cnc(N)nc21
CHEMBL34770,NS(=O)(=O)c1nnc(NC(=O)CNCC(=O)O)s1
MEBENDAZOLE,COC(=O)Nc1nc2cc(C(=O)c3ccccc3)ccc2[nH]1
CHEMBL303287,O=C(O)c1ccc(S(=O)(=O)NCCc2c[nH]cn2)cc1
CHEMBL65435,O=C(O)c1cccc(S(=O)(=O)NCCc2c[nH]cn2)c1
CHEMBL65133,O=C(O)c1ccccc1S(=O)(=O)NCCc1c[nH]cn1
CHEMBL65240,CCOC(=O)NCCCC(O)(C(=O)OC)c1ccccc1
CHEMBL427995,CC(C)(C)NCC(O)COC(=O)c1ccc2c(c1)OCO2
CHEMBL16978,O=C(O)CCCCCCCNC(=O)c1ccc(O)cc1O
CHEMBL16915,O=C(O)CCCCCCCNC(=O)c1cc(O)ccc1O
DIACETYLISOPROTERENOL,CC(=O)Oc1ccc(C(O)CNC(C)C)cc1OC(C)=O
CHEMBL17034,O=C(O)CCCCCCCNC(=O)c1c(O)cccc1O
CHEMBL294170,C=CCOC(=O)c1c(C)nc2c(c1N)c1ccccc1n2C
CHEMBL16605,O=C(O)CCCCCCCNC(=O)c1cc(O)cc(O)c1
CHEMBL273221,CCN1Cc2ccccc2C(=O)c2ccc(CC(=O)O)cc21
CHEMBL431380,CCn1c(C#N)ccc1-c1ccc2c(c1)C(C)(C)OC(=O)N2
CHEMBL16274,O=C(Nc1ccc2ccccc2c1)OCCCc1c[nH]cn1
CHEMBL12164,CC(C(=O)O)c1ccc2c(c1)N(C)Cc1ccccc1C2=O
CHEMBL6943,CC(C)(C)OC(=O)C1=C(O)C(=O)N(Cc2cccs2)C1
CHEMBL308214,CC(=O)Oc1nc(-c2ccccc2)sc1-c1ccccc1
CHEMBL7484,CCCOc1ccccc1C(=O)OCC(O)CNC(C)C
CHEMBL63467,CN(C)CC/C=C(/c1ccccc1)c1cccc(C(=O)O)c1
CHEMBL36881,CN1CCC(OC(=O)c2ccc(-c3ccccc3)cc2)CC1
CHEMBL281294,CCOC(=O)c1ccccc1OCC(O)CNC(C)(C)C
CHEMBL281967,COC(=O)CCc1ccccc1OCC(O)CNC(C)C
CHEMBL36387,CN1CCC(OC(=O)c2ccccc2-c2ccccc2)CC1
ESMOLOL,COC(=O)CCc1ccc(OCC(O)CNC(C)C)cc1
CHEMBL6915,CCC(NC(=O)C(CS)C(C)c1ccccc1)C(=O)O
CHEMBL9350,CC(C)Cc1noc2c(Cl)c3c(cc12)CC(C(=O)O)O3
CHEMBL277954,O=C(CC(=O)NC1CCOC1=O)Cc1cccc(Cl)c1
CHEMBL273574,O=C(CC(=O)NC1CCOC1=O)Cc1ccc(Cl)cc1
CHEMBL16100,O=C(CC(=O)NC1CCOC1=O)Cc1ccccc1Cl
CHEMBL72744,O=C(O)c1cc(C(=O)O)c2cccc(Br)c2n1
CHEMBL74323,O=C(O)c1cc(C(=O)O)c2cc(Br)ccc2n1
CHEMBL72615,O=C(O)c1cc(C(=O)O)c2c(Br)cccc2n1
DICLOFENAC,O=C(O)Cc1ccccc1Nc1c(Cl)cccc1Cl
MECLOFENAMIC ACID,Cc1ccc(Cl)c(Nc2ccccc2C(=O)O)c1Cl
CHEMBL281393,O=Nc1c2n3cc(C(=O)O)[nH]c3c(O)nc-2c2ccccc12
CHEMBL310176,CC(=O)OCC(NC(=O)C(N)CC(C)C)P(=O)(O)O
CHEMBL305291,CC(C)CC(N)C(=O)NC(CCC(=O)O)P(=O)(O)O
CHEMBL417323,O=C(O)Cn1c(=O)c2ccccc2n(-c2ccccc2)c1=O
CHEMBL14459,COC(=O)c1c(CS(C)(=O)=O)nc2ccccc2[n+]1[O-]
CHEMBL47859,CS(=O)(=O)c1ccc(N2CC(CN=[N+]=[N-])OC2=O)cc1
CHEMBL7533,CC(C)(C)NCC(O)COC(=O)c1cccc([N+](=O)[O-])c1
CHEMBL6999,CC(C)(C)NCC(O)COC(=O)c1ccc([N+](=O)[O-])cc1
CHEMBL34140,COC(=O)Nc1ccc(C)c(-c2nc3cc(C)ccc3o2)c1
CHEMBL280470,CC(=O)NCC1CN(c2ccc([S+](C)[O-])cc2)C(=O)O1
CHEMBL274275,CC(=O)NCC1CN(c2cccc([S+](C)[O-])c2)C(=O)O1
CHEMBL58024,O=C(O)CN1C(=O)C(=O)N(Cc2cccc(Cl)c2)C1=O
CHEMBL287552,Cc1nc2ccc(Br)cc2c(=O)n1CC(=O)O
CHEMBL276434,CC(=O)c1cc2c3c(cccc3c1)C(=O)N(CC(=O)O)C2=O
CHEMBL295496,[N-]=[N+]=NCC1CN(c2ccc(S(N)(=O)=O)cc2)C(=O)O1
CHEMBL37880,COc1cc2cc(C(=O)O)[nH]c2cc1OCc1ccccc1
CHEMBL31585,CC(=O)c1ccc(OC(=O)CNC(=O)c2ccccc2)cc1
CHEMBL36187,COc1ccc(C2CCNC2)cc1OC.O=C(O)C(=O)O
CHEMBL29066,COc1ccc(/C=C/C(=O)Nc2ccc(C(=O)O)cc2)cc1
CHEMBL49201,O=C(/C=C/c1cccn1Cc1ccccc1)CC(=O)C(=O)O
CHEMBL33351,CC(=O)c1cccc(OC(=O)CNC(=O)c2ccccc2)c1
CHEMBL12454,COc1ccc2c(c1)CNc1cc(CC(=O)O)ccc1C2=O
CHEMBL75445,Nc1c(C(=O)CCC(=O)O)cccc1C(=O)c1ccccc1
CHEMBL273364,CC(=O)c1ccc(C(=O)c2ccc3n2CCC3C(=O)O)cc1
CHEMBL287903,O=C(O)c1ccc2ccc(/C=C/c3ccsc3)nc2c1O
CHEMBL71236,CC(C)(C)c1cccc(C(=O)Nc2ccc(C(=O)O)cc2)c1
CHEMBL39772,O=C(CCc1ccccc1)NCC(=O)OCc1ccccc1
CHEMBL71840,CCc1ccc(NC(=O)c2ccc(C(=O)O)cc2)cc1CC
CHEMBL68502,CC(C)(C)c1ccc(NC(=O)c2ccc(C(=O)O)cc2)cc1
CHEMBL33606,CC(C)c1ccc(OC(=O)CNC(=O)c2ccccc2)cc1
CHEMBL281298,COC(=O)c1ccccc1OCC(O)CNC(C)(C)CO
CHEMBL33061,CC(C)(C)c1cccc(NC(=O)c2ccc(C(=O)O)cc2)c1
CHEMBL71357,CC(C)(C)c1ccc(C(=O)Nc2ccc(C(=O)O)cc2)cc1
CHEMBL299256,CCCOC(=O)c1c(C)nc2c(c1N)c1ccccc1n2C
CHEMBL68862,CCOC(=O)Cc1ccc(-c2nc3ccccc3s2)cc1
CHEMBL60540,COC(=O)C1C2CC3CCC1N3C/C2=C\c1ccc(C)cc1
CHEMBL31050,CCOC(=O)CCNCC(O)COC1=CC=CCC1(C)C
CHEMBL265511,CCOC(=O)c1ccc(NCCCc2ccc(C)cc2)cc1
CHEMBL288900,CCN(CC)CCOC(=O)c1ccccc1-c1ccccc1
CHEMBL32057,O=C(O)c1ccc(NCCCCCCc2ccccc2)cc1
CHEMBL275273,CCOC(=O)Nc1ccc2c(Cl)c(OC)oc(=O)c2c1
CHEMBL275840,O=C(O)CCCCCCCNC(=O)c1ccc(Cl)cc1
CHEMBL16731,O=C(O)CCCCCCCNC(=O)c1ccccc1Cl
CHEMBL9281,O=C(O)c1cc2c3cc(Cl)c(Cl)cc3nc(O)n2n1
CHEMBL290564,O=C1NC(=O)C2(CCOc3ccc(Br)cc32)O1
CHEMBL45051,NC(Cc1c(OCC(=O)O)noc1C(F)(F)F)C(=O)O
CHEMBL288172,CN1CCC(OC(=O)c2ccccc2Br)CC1
CHEMBL59110,O=C1Nc2ccc(F)cc2/C1=C/c1[nH]cc2c1CCOC2=O
CHEMBL56969,COC(=O)c1[nH]c(C(=O)OC)c(C)c2c3ccccc3nc1-2
AZIETOMIDATE,CC(c1ccccc1)n1cncc1C(=O)OCCC1(C)N=N1
CHEMBL418215,CCOC(=O)c1ccc(NCCCc2ccc(N)cc2)cc1
CHEMBL31688,CCOC(=O)c1ccc(NCCCc2ccccc2N)cc1
CHEMBL302070,CCCCCOC(=O)CCCNC(=O)NC1CCCCC1
CHEMBL17315,O=C(O)CCCCCCCNC(=O)c1cccnc1Cl
CHEMBL34224,COc1cc(N)c(Cl)cc1C(=O)OC1CCN(C)CC1
CHEMBL274588,O=C(O)c1nc2c(O)nc3cc(Cl)c(Cl)cc3n2n1
CHEMBL38108,O=C(O)Cn1c(=O)[nH]c2ccc(Br)cc2c1=O
CHEMBL39532,NC(Cc1nc2ccccc2n1CP(=O)(O)O)C(=O)O
CHEMBL28998,O=C(O)Cc1cccc2c(=O)c3cccc([N+](=O)[O-])c3oc12
CHEMBL7502,O=C(O)C1Cc2cc3c(-c4ccccc4F)noc3cc2O1
CHEMBL20192,O=C(COc1ccccc1)OCn1oc(=O)c2ccccc21
CHEMBL9261,O=C(c1ccc2c(c1)OCO2)c1ccc2n1CCC2C(=O)O
CHEMBL48712,CC(N)P(=O)(O)CC(CCCc1ccccc1)C(=O)O
CHEMBL416035,COc1ccc(CCC(=O)Nc2ccc(C(=O)O)cc2)cc1
CHEMBL440664,Nc1cc2c(=O)c(C(=O)O)cn(C3CC3)c2cc1NC1CC1
CHEMBL25048,O=C(NC(Cc1ccccc1)C(=O)O)OCc1ccccc1
CHEMBL9466,CCOc1cccc(C(=O)c2ccc3n2CCC3C(=O)O)c1
CHEMBL269361,COc1ccc(C(=O)c2ccc3n2CCCC3C(=O)O)cc1
CHEMBL9399,CCOc1ccc(C(=O)c2ccc3n2CCC3C(=O)O)cc1
FENBENDAZOLE,COC(=O)Nc1nc2cc(Sc3ccccc3)ccc2[nH]1
CHEMBL11297,CC(NC(=O)C(CS)C(C)c1ccc(F)cc1)C(=O)O
CHEMBL277543,CN1C2CCCC1CC(OC(=O)c1cccc3[nH]cnc13)C2
CHEMBL25591,O=C1NCC2(CCN(CCc3c[nH]c4ccccc34)CC2)O1
CHEMBL69034,CC(=O)Oc1cccc(C2(N3CC=CCC3)CCCCC2)c1
CHEMBL274412,O=NN(CCCl)C(=O)NC(Cc1ccccc1)C(=O)O
CHEMBL39101,COC(=O)C1C(C)N=C(S)N1Nc1cccc(Cl)c1
CHEMBL39105,COC(=O)C1N=C(S)N(Nc2cccc(Cl)c2)C1C
CHEMBL8693,O=C(O)C1=NN2C(=O)Nc3cc(Cl)c(Cl)cc3C2C1
CHEMBL293487,O=C(O)CCCc1ccc(NC(=O)CBr)cc1
CHEMBL57003,C=CC[N+](C)(C)c1ccc(OC(C)=O)cc1.[Br-]
CHEMBL59192,C=CC[N+](C)(C)c1cccc(OC(C)=O)c1.[Br-]
CHEMBL273953,Cn1c(=O)c2nc(-c3cccc(C(=O)O)c3)[nH]c2n(C)c1=O
CHEMBL428357,O=C(c1cccc([N+](=O)[O-])c1)c1ccc2n1CCC2C(=O)O
CHEMBL31362,O=C(CNC(=O)c1ccccc1)Oc1cccc([N+](=O)[O-])c1
CHEMBL32011,O=C(CNC(=O)c1ccccc1)Oc1ccc([N+](=O)[O-])cc1
CHEMBL9382,O=C(c1ccc([N+](=O)[O-])cc1)c1ccc2n1CCC2C(=O)O
CHEMBL11048,Cn1c(=O)c2nc(-c3ccc(C(=O)O)cc3)[nH]c2n(C)c1=O
CHEMBL11146,Cn1c(=O)c2nc(-c3ccccc3C(=O)O)[nH]c2n(C)c1=O
IRLOXACIN,CCn1cc(C(=O)O)c(=O)c2cc(F)c(-n3cccc3)cc21
CHEMBL35254,COC(=O)Nc1ccc(F)c(-c2nc3cc(C)ccc3o2)c1
CHEMBL32013,O=C(O)c1ccc(NCCCc2ccccc2[N+](=O)[O-])cc1
CHEMBL285861,O=C(O)c1ccc(NCCCc2ccc([N+](=O)[O-])cc2)cc1
CHEMBL48054,CC(C)(C)Cc1onc(OCC(=O)O)c1CC(N)C(=O)O
DESMEDIPHAM,CCOC(=O)Nc1cccc(OC(=O)Nc2ccccc2)c1
CHEMBL10195,CCOC(=O)c1[nH]cc2nc3ccc(O)cc3c-2c1COC
CHEMBL35524,O=C(O)c1cccc(CCn2cnc3c2NC=NCC3O)c1
CHEMBL37074,O=C(O)Cc1cccc(Cn2cnc3c2NC=NCC3O)c1
CHEMBL38256,COC(=O)c1ccc(Cn2cnc3c2NC=NCC3O)cc1
CHEMBL7556,CCOC(=O)Nc1ccc(N(C)c2cccc(OC)c2)cc1
CHEMBL33979,CC(=O)Oc1ccccc1COC(=O)N(CCCl)N=O
CHEMBL286240,CC(=O)Oc1ccc(COC(=O)N(CCCl)N=O)cc1
CHEMBL287045,CCN(CC)CCOC(=O)c1cc(Cl)c(N)cc1OC
MAKALUVAMINE I,NC1=CC2=NCCc3c[nH]c(c32)C1=O.O=C(O)C(F)(F)F
CHEMBL69917,CCn1cc(C(=O)O)c(=O)c2cc(F)c(-n3ccnc3)cc21
CHEMBL304749,CCn1cc(C(=O)O)c(=O)c2cc(F)c(-n3cccn3)cc21
CHEMBL280966,CCOC(=O)c1cnc2cc(C3CCC(=O)O3)ccc2c1O
CHEMBL447524,CC(=O)OC1CCn2c1nc1c2C(=O)C(C)=C(N2CC2)C1=O
CHEMBL72908,COc1nsnc1C1=CCCN(C)C1.O=C(O)C(=O)O
CHEMBL267061,O=C(c1ccc(F)cc1)c1ccc2n1CCCCC2C(=O)O
CHEMBL34471,NS(=O)(=O)c1ccc(CNC(=O)CNCC(=O)O)cc1
NOCODAZOLE,COC(=O)Nc1nc2cc(C(=O)c3cccs3)ccc2[nH]1
CHEMBL72356,CCCC(=O)OC/C(C)=C1/CN(C(=O)c2ccccc2)C1=O
CHEMBL296550,CCc1cccc2c3c([nH]c12)C(CC)(CC(=O)O)OCC3=O
PHENOXYCARB,CCOC(=O)NCCOc1ccc(Oc2ccccc2)cc1
CHEMBL306003,CN1C2CCC1CC(OC(=O)n1c(=O)[nH]c3ccccc31)C2
CHEMBL28803,CCn1cc(C(=O)O)c(=O)c2ccc(N3CCNCC3)cc21
CHEMBL58308,COC(=O)C1C2CC3CCC1N3C/C2=C\c1ccc(F)cc1
CHEMBL31706,CCOC(=O)c1ccc(NCCCc2ccccc2F)cc1
CHEMBL11665,NC(CCCCCS(=O)(=O)c1ccccc1O)C(=O)O
CHEMBL28561,CCOC(=O)c1ccc(NCCCc2cccc(F)c2)cc1
CHEMBL283382,CCOC(=O)c1ccc(NCCCc2ccc(F)cc2)cc1
CHEMBL267278,CSc1ccc(C(=O)c2ccc3n2CCC3C(=O)O)cc1
CHEMBL277428,CSc1cc2n(c1C(=O)c1ccccc1)CCC2C(=O)O
CHEMBL6370,Cc1ccc(Sc2cncc3sc(C(=O)O)cc23)cc1
CHEMBL7462,CC(C)(C)NCC(O)COC(=O)c1cccc2ccccc12
CHEMBL45545,CCc1cccc2c3c(n(C)c12)C(CC)(CC(=O)O)OCC3
CHEMBL63386,O=C(O)c1cc(CP(=O)(O)O)c2ccc(Cl)cc2n1
CHEMBL29150,O=C(/C=C/c1ccc(Cl)cc1)Nc1ccc(C(=O)O)cc1
CHEMBL30942,CCOC(=O)CCNCC(O)COc1ccccc1Cl
CHEMBL31411,CCOC(=O)CCNCC(O)COc1ccc(Cl)cc1
CHEMBL416030,CCOC(=O)CCNCC(O)COc1cccc(Cl)c1
CHEMBL31344,O=C(O)CCc1c(C(=O)O)[nH]c2cc(Cl)cc(Cl)c12
CHEMBL53649,O=C(Cc1ccc(Cl)c(Cl)c1)OCCN1CCCC1
OLSALAZINE,O=C(O)c1cc(/N=N/c2ccc(O)c(C(=O)O)c2)ccc1O
CHEMBL20633,[N-]=[N+]=NCc1cc(CN=[N+]=[N-])cc(C(=O)CC(=O)C(=O)O)c1
CHEMBL9160,CCOC(=O)c1cc2c3cc([N+](=O)[O-])ccc3nc(O)n2n1
CHEMBL20342,[N-]=[N+]=NCc1ccc(C(=O)CC(=O)C(=O)O)cc1CN=[N+]=[N-]
CHEMBL283743,CCn1cc(C(=O)O)c(=O)c2cc(F)c(-c3cocn3)cc21
CHEMBL68012,CCn1cc(C(=O)O)c(=O)c2cc(F)c(-n3cnnc3)cc21
CHEMBL17584,CC1=C(N2CC2)C(=O)c2nc3n(c2C1=O)CCC3OC(N)=O
CHEMBL56423,CC1=C(N)C(=O)c2c(COC(N)=O)c3n(c2C1=O)CC1NC31
CHEMBL45095,O=C(O)c1cn(C2CC2)c2cc(NC3CC3)c(F)cc2c1=O
CHEMBL35189,NS(=O)(=O)c1ccc(COC(=O)CNCC(=O)O)cc1
CHEMBL36017,NS(=O)(=O)c1ccc(NNC(=O)CNCC(=O)O)cc1
CHEMBL64006,Cc1noc(NS(=O)(=O)c2ccsc2C(=O)O)c1C
CHEMBL14623,Cc1nccc2c1[nH]c1ccc(OC(=O)c3ccccc3)cc12
CHEMBL11861,COC(=O)Nc1nc2cc(C(=O)N3CCCCC3)ccc2[nH]1
CHEMBL40486,CCn1cc(C(=O)O)c(=O)c2ccc(N3CCNCC3)nc21
CHEMBL273491,COC(=O)c1cc2c([nH]c3ccccc32)c(-c2ccccc2)n1
CHEMBL23804,CNC(=O)OCc1nc(SC)n(C)c1COC(=O)NC
CAMBENDAZOLE,CC(C)OC(=O)Nc1ccc2[nH]c(-c3cscn3)nc2c1
CHEMBL16153,CCCC1=C(C(=O)OCC)C(c2cccc(C)c2)NC(=O)N1
CHEMBL10841,CC(=O)OCCCC1=CCN(NC(=O)c2ccccc2)CC1
CHEMBL275111,CC(=O)OCCCC1=CCCN(NC(=O)c2ccccc2)C1
CHEMBL68399,CC(C)CCn1cnc(C(Cc2ccc(N)nc2)C(=O)O)c1
CHEMBL35458,COC(=O)Nc1ccc(Cl)c(-c2nc3ccccc3o2)c1
NEOSTIGMINE BROMIDE,CN(C)C(=O)Oc1cccc([N+](C)(C)C)c1.[Br-]
CHEMBL14390,NCC(=O)NCC(=O)NCC(=O)NCC(=O)NCC(=O)O
CHEMBL301576,COC1=C(OC)/C(=C/Cn2cnc3c(N)ncnc32)OC1=O
CHEMBL294218,CCOC(=O)c1ncn2c1CN(C)C(=O)c1c(F)cccc1-2
FLUMAZENIL,CCOC(=O)c1ncn2c1CN(C)C(=O)c1cc(F)ccc1-2
PIPEMIDIC ACID,CCn1cc(C(=O)O)c(=O)c2cnc(N3CCNCC3)nc21
EZOGABINE,CCOC(=O)Nc1ccc(NCc2ccc(F)cc2)cc1N
8-(1-HYDROXYETHYL)ETODOLAC,CCC1(CC(=O)O)OCCc2c1[nH]c1c(C(C)O)cccc21
7-HYDROXYETODOLAC,CCc1c(O)ccc2c3c([nH]c12)C(CC)(CC(=O)O)OCC3
6-HYDROXYETODOLAC,CCc1cc(O)cc2c3c([nH]c12)C(CC)(CC(=O)O)OCC3
CHEMBL28364,O=C(O)c1ccc(NCc2ccc(-c3ccccc3)cc2)cc1
CHEMBL31611,CCOC(=O)CNCC(O)COc1cccc2ccccc12
CHEMBL13030,CN1C2CC(OC(=O)C(CO)c3ccccc3)CC1C1OC12
CHEMBL32363,COC(=O)C1C(OC(=O)c2ccccc2)CC2CCC1N2C
CHEMBL448775,COC(=O)CCNCC(O)COc1cccc2ccccc12
CHEMBL279784,CSc1cc(CC(=O)O)n(C)c1C(=O)c1ccc(C)cc1
CHEMBL26497,O=C(O)CNC1CCC2(CC1)CCN(c1ccncc1)CC2
CHEMBL31229,O=C(O)c1ccc(NCCCCCCc2cccs2)cc1
CHEMBL31304,CCOC(=O)c1ccc(NCCCCc2cccs2)cc1
CHEMBL31290,O=C(CCc1ccc(Cl)cc1)Nc1ccc(C(=O)O)cc1
CHEMBL27381,Cc1c(NCC(=O)O)cccc1C(=O)c1ccc(Cl)cc1
CHEMBL9404,O=C(c1ccc(Cl)cc1)c1ccc2n1CCCC2C(=O)O
CHEMBL59071,COC(=O)c1c(C)nc2c(c1N)c1cc(Cl)ccc1n2C
CHEMBL266563,O=C(c1cccc(Cl)c1)c1ccc2n1CCCC2C(=O)O
CHEMBL27873,CC(Nc1ccccc1C(=O)c1ccc(Cl)cc1)C(=O)O
CHEMBL32400,CN(CCCc1ccc(Cl)cc1)c1ccc(C(=O)O)cc1
CHEMBL280532,O=C(O)Cc1ccc(NCCCc2ccc(Cl)cc2)cc1
CHEMBL31223,CCOC(=O)c1ccc(NCCc2ccc(Cl)cc2)cc1
CHEMBL11605,NC(CCCCCSc1cc(Cl)ccc1O)C(=O)O
CHEMBL37361,CC(=O)OCCOCn1ccc2c(Cl)nc(Cl)nc21
CHLORAMBUCIL,O=C(O)CCCc1ccc(N(CCCl)CCCl)cc1
CHEMBL36643,COC(=O)COc1ccc(C(=O)Nc2ccc(F)cc2)cn1
CHEMBL280408,CCn1cc(C(=O)O)c(=O)c2cc(F)c(C3=NCCO3)cc21
CHEMBL289750,C=Cn1cc(C(=O)O)c(=O)c2cc(F)c(N3CC(N)C3)nc21
CHEMBL307888,COC1=CC(=O)c2c(c(COC(N)=O)c(C3CC3)n2C)C1=O
CHEMBL64974,CCN1C(=O)c2ccccc2C(CC(=O)NC(=O)OC)C1=O
CHEMBL277288,COC1=C(C)C(=O)c2c(c(COC(N)=O)c3n2CCC3)C1=O
CHEMBL277537,O=C(NCc1cccc([N+](=O)[O-])c1)OCCCc1c[nH]cn1
CHEMBL43606,CCOC(=O)c1cnc(CC)nc1NN1C(=O)C=C(C)C1=O
CHEMBL418056,O=C(O)c1ccc(CCCn2cnc3c2NC=NCC3O)o1
CHEMBL16338,O=C(NCc1ccc([N+](=O)[O-])cc1)OCCCc1c[nH]cn1
CHEMBL11698,COC(=O)Nc1nc2cc(C(=O)N3CCOCC3)ccc2[nH]1
CHEMBL282758,CCn1cc(C(=O)O)c(=O)c2cc(F)c(N3CCCC3)cc21
CHEMBL38114,CC/C=N/OCC(O)CNC(C)C.O=C(O)/C=C/C(=O)O
CHEMBL431713,CC(C)NCC(O)CON=C1CCCC1.O=C(O)C(=O)O
CHEMBL39873,C/C=N/OCC(O)CNC(C)(C)C.O=C(O)/C=C/C(=O)O
CHEMBL39987,CCO/N=C/C(O)CNC(C)(C)C.O=C(O)/C=C/C(=O)O
CHEMBL291115,CCCO/N=C/C(O)CNC(C)C.O=C(O)/C=C/C(=O)O
CHEMBL275885,CCc1cc(N2CC(CNC(C)=O)OC2=O)ccc1C(C)=O
CHEMBL274617,COC(=O)/C=C/CNC(=O)C(Cc1ccccc1)NC(C)=O
CHEMBL65434,COc1ccc(C2(C#N)CCN(CC(=O)O)CC2)cc1OC
CHEMBL43777,CC(=O)c1ccc(N2CC(CN3CCOCC3)OC2=O)cc1
CHEMBL60609,COC(=O)C1C(c2ccc([N+](=O)[O-])cc2)CC2CCC1N2C
CHEMBL62088,CCC(=O)NCCn1c(C(=O)OC)cc2ccc(OC)cc21
CHEMBL71500,CCC(=O)N(c1ccccc1)C1CCN(CC(=O)OC)CC1
CHEMBL301907,O=C(O)c1cc(CN2CCCC2)c(O)c(CN2CCCC2)c1
CHEMBL284349,O=C(O)COC1CCC2(CC1)CCN(c1ccncc1)CC2
CHEMBL70778,CCC(=O)N(c1ccccc1)C1CCN(CCC(=O)O)CC1
CHEMBL38170,CC(=O)OCCOCn1cnc2c(Cl)nc(Cl)nc21
SARCOLYSIN,NC(Cc1ccc(N(CCCl)CCCl)cc1)C(=O)O
CHEMBL277322,C/C=C/COC1(C(F)(F)F)OC(=O)Nc2ccc(F)cc21
CHEMBL20758,CC(C)Oc1ccc(CN=[N+]=[N-])cc1C(=O)CC(=O)C(=O)O
CHEMBL35474,NS(=O)(=O)c1ccc(NC(=O)CNCC(=O)O)c(F)c1
CHEMBL436147,Cc1ccc(C(=O)c2cccc(CC(=O)[O-])c2N)c(C)c1.[Na+]
CHEMBL12817,CNn1cc(C(=O)O)c(=O)c2cc(F)c(N3CCCC3)cc21
CHEMBL284211,Cc1ccc(C(=O)c2cc(C)cc(CC(=O)[O-])c2N)cc1.[Na+]
CHEMBL277188,COC(=O)CCC(C)C(=O)N1c2ccccc2CC1C(=O)O
CHEMBL283272,COC(=O)CCc1c(O)nc(C)c2cc(OC)c(OC)cc12
CHEMBL44952,CCCC(=O)OCC1CN(c2ccc(C(C)=O)cc2)C(=O)O1
CHEMBL283988,CC(CC(C)C(=O)N1c2ccccc2CC1C(=O)O)C(=O)O
CHEMBL62573,CCOC(=O)N1CCCC(OC(C)=O)(c2ccccc2)C1=O
CHEMBL416330,O=C(c1ccc2ccccc2c1)c1ccc2n1CCC2C(=O)O
CHEMBL415865,Cc1ccc(S(=O)(=O)NC(C(=O)O)c2ccccc2)cc1
CHEMBL417691,Cc1ccc(S(=O)(=O)N(CC(=O)O)c2ccccc2)cc1
CHEMBL280059,COC(=O)c1sc(N)cc1NC(=O)Nc1ccc(C)cc1
CHEMBL38143,Cc1ccccc1N(CC(=O)O)S(=O)(=O)c1ccccc1
CHEMBL50212,CC1SC(=O)NN=C1c1ccc2c(c1)C(C)(C)OC(=O)N2
CHEMBL38181,Cc1cccc(N(CC(=O)O)S(=O)(=O)c2ccccc2)c1
CHEMBL288738,COC(=O)Cc1cccc2cc(C(O)CNC(C)(C)C)oc12
CHEMBL294528,CCCC(C)OC(=O)N1CCCC(O)(c2ccccc2)C1=O
CHEMBL41794,COC(=O)C1=C(C)N=C(C)/C(=C(/O)OC)C1C1CC=CCC1
CHEMBL302069,CCCOC(=O)Oc1nc(-c2ccccc2)sc1CCC
CHEMBL55593,CC(C)c1cccc(C(C)C)c1OC(=O)CN1CCOCC1
CHEMBL12687,CCOC(=O)C1(NC(=O)N(CCCl)N=O)CCCCC1
CHEMBL416172,O=C(OC1CN2CCC1CC2)c1cc(Cl)cc2nc[nH]c12
CHEMBL12553,CC(=O)OCC1CCC(NC(=O)N(CCCl)N=O)CC1
CHEMBL12895,CCOC(=O)C1CCCC(NC(=O)N(CCCl)N=O)C1
CHEMBL12919,CCOC(=O)C1CCC(NC(=O)N(CCCl)N=O)CC1
CHEMBL28260,CC(=O)n1cc(F)c(=O)n(C(=O)OCc2ccccc2)c1=O
CHEMBL285138,COC(=O)n1cc(F)c(=O)n(C(=O)c2ccccc2C)c1=O
CHEMBL27495,CCOC(=O)n1cc(F)c(=O)n(C(=O)c2ccccc2)c1=O
CHEMBL48038,NC(Cc1c(OCC(=O)O)noc1-c1ccccc1)C(=O)O
CHEMBL276453,COC(=O)c1cc(NC(=O)c2cc([N+](=O)[O-])cn2C)cn1C
CHEMBL289260,CCn1cc(C(=O)O)c(=O)c2cc(F)c(N3CC(N)C3)nc21
CHEMBL48397,CC(=O)Oc1ccc2nc(/C=C/c3ccccc3)nc(O)c2c1
CHEMBL16943,COc1cc(N2CC(CNC(C)=O)OC2=O)ccc1C(C)=O
CHEMBL39835,O=C(O)CSc1ccc(C(=O)Nc2ccc(F)cc2)cn1
CHEMBL39883,Nc1ccc(/C=C/c2ccc3ccc(C(=O)O)c(O)c3n2)cc1
CHEMBL77393,COC1=CC(=O)c2c(c(COC(N)=O)c(C(C)C)n2C)C1=O
CHEMBL56671,COC(=O)c1cccc(Nc2nccc(-c3cccnc3)n2)c1
CHEMBL38344,Nc1ccccc1S(=O)(=O)N(CC(=O)O)c1ccccc1
ACEDIASULFONE,Nc1ccc(S(=O)(=O)c2ccc(NCC(=O)O)cc2)cc1
CHEMBL299986,COC(=O)c1sc(Oc2cccc(C)c2)c(C(N)=O)c1N
TIOXAMAST,CCOC(=O)C(=O)Nc1nc(-c2ccc(OC)cc2)cs1
CHEMBL37494,O=C(O)c1ccc(CCn2cnc3c2NC=NCC3O)s1
CHEMBL290619,O=C(O)c1cc(CCn2cnc3c2NC=NCC3O)cs1
CHEMBL40626,CCC(CC)=NOCC(O)CNC(C)C.O=C(O)C(=O)O
CHEMBL12578,COC(=O)C1Cc2c([nH]c3ccccc23)C(c2ccccc2)N1
CHEMBL296283,COC(=O)SNN(C)S(=O)(=O)c1ccc(OC)cc1
CHEMBL413445,CCOC(=O)c1cc2c3cc(N)c(Cl)cc3nc(O)n2n1
CHEMBL48697,NS(=O)(=O)c1cc(C(=O)NCCC(=O)O)ccc1Cl
CHEMBL39345,CCCCc1ncc(CC(=O)O)n1Cc1ccccc1Cl
CHEMBL279683,CCCCc1nc(Cl)c(CC(=O)O)n1Cc1ccccc1
CHEMBL292887,O=C(O)CN1C(=O)C(=O)N(Cc2cccc([N+](=O)[O-])c2)C1=O
CHEMBL32342,COc1cc(CC(=O)[O-])c(N)c(C(=O)c2ccccc2)c1.[Na+]
CHEMBL280872,COc1ccc(C(=O)c2cccc(CC(=O)[O-])c2N)cc1.[Na+]
CHEMBL428672,CCOC(=O)C1C(=O)C(=O)NC12CCOc1ccc(F)cc12
CHEMBL416240,CCn1cc(C(=O)O)c(=O)c2cc(F)c(N3CC(O)C3)nc21
CHEMBL418613,O=C(O)c1ccc2ccc(/C=C/c3ccc(O)cc3)nc2c1O
CHEMBL303172,O=C(O)Cn1c(Cn2nnc3ccccc32)nc2ccccc21
CHEMBL35646,COc1ccc(S(=O)(=O)Nc2ccccc2C(=O)O)cc1
CHEMBL282366,COC(=O)c1ccc(-c2ccc(OS(N)(=O)=O)cc2)cc1
CHEMBL7248,CCOC(=O)c1cc2ccccn2/c(=N/c2ccc(C)cc2)n1
CHEMBL19635,CSc1cc(CC(=O)O)n(C)c1C(=O)c1ccc(F)cc1
CHEMBL39912,COc1ccc(CCC(=O)OC2CCN(C)CC2)cc1OC
CHEMBL6201,Cn1c(CC(=O)O)cc(CO)c1C(=O)c1ccc(Cl)cc1
CHEMBL274797,Cc1cccc(Nc2cc(Cl)nc(OCC(=O)O)n2)c1C
CHEMBL21733,CC(C)c1noc(C2CN=CNC2)n1.O=C(O)C(F)(F)F
CHEMBL66591,COC(=O)NC(=O)CC1C(=O)N(C)C(=O)c2ccc(F)cc21
CHEMBL287891,O=C([O-])c1ccc(Cn2cnc3c2NC=NCC3O)cc1.[Na+]
CHEMBL37921,CC(CNC(=O)C(CC(=O)NO)Cc1ccccc1)C(=O)O
CHEMBL36094,CC(CC(=O)O)NC(=O)C(CC(=O)NO)Cc1ccccc1
CHEMBL417878,O=C(O)CCCNC(=O)C(CC(=O)NO)Cc1ccccc1
AMFONELIC ACID,CCn1cc(C(=O)O)c(=O)c2ccc(Cc3ccccc3)nc21
CHEMBL291946,COc1ccc(/N=N/C(=O)NC(CCCCN)C(=O)O)cc1
CHEMBL283433,Cc1ccc2c(-c3ccccc3)nc(=O)n(C(C)C(=O)O)c2c1
CHEMBL37053,CCOC(=O)CCCCCCn1cnc2c1NC=NCC2O
CHEMBL415946,Cc1c(-c2cccnc2)n(CCCCC(=O)O)c2ccccc12
CHEMBL38306,COC(=O)CCCCCCCn1cnc2c1NC=NCC2O
CHEMBL276624,O=C(O)c1cc2c3cc([N+](=O)[O-])c(Cl)cc3nc(O)n2n1
CHEMBL275644,C=CCOC1(C(F)(F)F)OC(=O)Nc2ccc(F)c(F)c21
CHEMBL28543,Cc1ccc(C(=O)c2cc(F)cc(CC(=O)[O-])c2N)cc1.[Na+]
CHEMBL434588,Cc1cc(CC(=O)[O-])c(N)c(C(=O)c2ccc(F)cc2)c1.[Na+]
CHEMBL301801,O=C(O)CNC(=O)c1ccc2c(c1)-c1ccccc1C(=O)C2=O
CHEMBL57502,NC1=CC(=O)c2ccc(-c3cc(C(=O)O)ccc3N)nc2C1=O
CHEMBL60747,COC(=O)c1cccc(-c2ccc3c(n2)C(=O)C(=N)C=C3O)n1
CHEMBL300241,O=C(O)CNC(=O)c1ccc2c(c1)C(=O)C(=O)c1ccccc1-2
CHEMBL12635,CC(=O)N1Cc2ccccc2C(=O)c2ccc(CC(=O)O)cc21
CHEMBL285641,O=C(O)C(NS(=O)(=O)c1ccc(F)cc1)c1ccccc1
CHEMBL37154,N#C/C(=C\c1ccc(O)c(O)c1)C(=O)OCCc1ccccc1
CHEMBL67317,CC1(C)C=C(n2ccccc2=O)c2cc(C(=O)O)ccc2C1=O
CHEMBL9290,C#CCOc1ccc(C(=O)c2ccc3n2CCC3C(=O)O)cc1
CHEMBL50004,CCOC(=O)/C=C/n1ccc(=O)n2nc(-c3ccccc3)cc12
CHEMBL34845,O=C(O)CN(c1ccc(F)cc1)S(=O)(=O)c1ccccc1
CHEMBL34647,Cn1nc(S(N)(=O)=O)s/c1=N/C(=O)CNCC(=O)O
CHEMBL286594,C#Cc1ccc2c(c1)C(=O)N(C)Cc1c(C(=O)OCC)ncn1-2
CHEMBL68433,COC(=O)Nc1nc(N)nc(OCC2CCCCC2)c1N=O
CHEMBL44464,COC(=O)c1ccc(-n2c(C)ccc2-c2ccc(F)cc2)cc1
CHEMBL50919,CC(=O)Oc1ccccc1/C=C\C(=O)N(C)Cc1ccccc1
CHEMBL298140,CCOC(=O)c1cc2ccc3c(c4ccccc4n3C)c2s1
CHEMBL39755,CN1CCC(C)(OC(=O)c2ccccc2-c2ccccc2)CC1
CHEMBL304824,CCCOC(=O)c1[nH]c(C)c(C(=O)OC(C)C(C)(C)C)c1C
CHEMBL31025,COC(=O)CCc1ccc(OCC(O)CNC(C)(C)C)cc1
CHEMBL31529,CCOC(=O)CC(C)(C)NCC(O)COc1ccccc1C
CHEMBL36884,CN1CCC(OC(=O)c2ccccc2Cc2ccccc2)CC1
CHEMBL21295,CCOC(=O)/C=C/C=C/CN(C)Cc1cccc2ccccc12
CHEMBL275690,CCCC(NC(=O)C(CS)C(C)c1ccccc1)C(=O)O
CHEMBL275980,CC(C)C(NC(=O)C(CS)C(C)c1ccccc1)C(=O)O
CHEMBL22089,COCc1noc(C2CN=CNC2)n1.O=C(O)C(F)(F)F
CHEMBL71757,O=C(OCN1C(=O)CN(c2ccccc2)C1=O)c1ccccc1
CHEMBL300767,COc1ccc2c(c1)/C(=C/c1[nH]cc3c1CCOC3=O)C(=O)N2
CHEMBL274607,COC(=O)Nc1nc2cc(C(=O)Nc3ccccc3)ccc2[nH]1
CHEMBL59073,COc1ccc2c(c1)NC(=O)/C2=C\c1[nH]cc2c1CCOC2=O
CHEMBL290684,O=C(O)C(CCCCn1cnc2c1NC=NCC2O)C(=O)O
CHEMBL7386,Cc1cc([N+](=O)[O-])ccc1C(=O)OCC(O)CNC(C)(C)C
ORANTINIB,Cc1[nH]c(/C=C2\C(=O)Nc3ccccc32)c(C)c1CCC(=O)O
CHEMBL50230,CCOC(=O)c1c2[nH]c3ccccc3c2cc2nc(C)sc12
CHEMBL278052,CC(=O)NCC1CN(c2ccc([S+](C)[O-])c(C)c2)C(=O)O1
CHEMBL18305,CCOC(=O)Nc1cccc2c1CN(C)CC2c1ccccc1
CHEMBL16725,CC(=O)NCC1CN(c2ccc(C(C)=O)c(Cl)c2)C(=O)O1
CHEMBL285754,CCc1nc2ccc(Br)cc2c(=O)n1CC(=O)O
CHEMBL23565,COc1ccc(Nc2ccccc2C(=O)O)cc1C(F)(F)F
CHEMBL288334,C=Cn1cc(C(=O)O)c(=O)c2cc(F)c(-c3ccncc3)nc21
CHEMBL11691,COC(=O)Nc1nc2cc(C(=O)Nc3ccncc3)ccc2[nH]1
CHEMBL11639,COC(=O)Nc1nc2cc(C(=O)Nc3ccccn3)ccc2[nH]1
CHEMBL13215,CC(C(=O)O)n1cc(C(=O)c2ccccc2F)c2ccccc21
CHEMBL6743,CCOC(=O)c1cc2ccccn2/c(=N/c2ccc(F)cc2)n1
CHEMBL36772,COc1cc2cc(C(=O)O)n(C)c2cc1OCc1ccccc1
CHEMBL12791,COc1ccc2c(c1)CN(C)c1cc(CC(=O)O)ccc1C2=O
CHEMBL49363,Cc1ccc(Cn2cccc2/C=C/C(=O)CC(=O)C(=O)O)cc1
CHEMBL46758,CC(NC(=O)OCC1c2ccccc2-c2ccccc21)C(=O)O
CHEMBL9480,C=CCOc1ccc(C(=O)c2ccc3n2CCC3C(=O)O)cc1
CHEMBL65190,CCOC(=O)Nc1cc2c(c(N)n1)N=C(c1ccccc1)CN2
CHEMBL7474,CC(=O)Oc1cccc(Cn2cnc3c(N(C)C)ncnc32)c1
CHEMBL37988,Cc1c(O)cc(O)c2c1C(=O)OCCC(=O)NCCSC2
CHEMBL285168,CN1CCC(OC(=O)c2ccccc2Oc2ccccc2)CC1
CHEMBL51649,COC(=O)CSc1nc2sc3c(c2c(=O)o1)CCCC3
CHEMBL441226,CCOC(=O)c1ccc(NC(=O)CCc2ccc(C)cc2)cc1
CHEMBL37310,CCN(CC)CCCOC(=O)c1ccccc1-c1ccccc1
CHEMBL32957,CCOC(=O)c1ccc(NCCCCCc2ccccc2)cc1
CHEMBL56495,COC(=O)C1C2CC3CCC1N3C/C2=C\c1ccc(C)c(C)c1
CHEMBL34070,CCN(CC)CC(C)OC(=O)c1ccccc1-c1ccccc1
CHEMBL70439,CC(O)(C(=O)Nc1cccc(C(=O)O)c1Cl)C(F)(F)F
CHEMBL284647,Nc1c(CC(=O)[O-])cccc1C(=O)c1ccccc1Cl.[Na+]
CHEMBL28716,Nc1c(CC(=O)[O-])cc(Cl)cc1C(=O)c1ccccc1.[Na+]
CHEMBL31972,Nc1c(CC(=O)[O-])cccc1C(=O)c1cccc(Cl)c1.[Na+]
CHEMBL284889,Nc1c(CC(=O)[O-])ccc(Cl)c1C(=O)c1ccccc1.[Na+]
CHEMBL28700,Nc1c(CC(=O)[O-])cccc1C(=O)c1ccc(Cl)cc1.[Na+]
CHEMBL31300,O=C([O-])c1ccc(NCCCc2ccc(Cl)cc2)cc1.[Na+]
CHEMBL37129,O=C(O)c1ccccc1NS(=O)(=O)c1ccc(Cl)cc1
CHEMBL266998,COC(=O)c1cc2c3cc(Cl)c(Cl)cc3nc(O)n2n1
CHEMBL304672,O=C(CBr)OC1(c2ccccc2)CCCNC1=O
CHEMBL16621,CC(=O)NCC1CN(c2c(F)cc(C(C)=O)cc2F)C(=O)O1
CHEMBL75022,O=C(O)C(=O)O.O=C(c1c[nH]cn1)c1cccc2ccccc12
CHEMBL62552,O=C(Nc1ccccc1)O/N=C1\OC(CO)C(O)C(O)C1O
CHEMBL295692,NC(Cc1c(OCC(=O)O)noc1-c1cccs1)C(=O)O
CHEMBL35211,COC(=O)Nc1ccc(OC)c(-c2nc3cc(C)ccc3o2)c1
CHEMBL42209,CCOC(=O)Nc1cc2c(c(N)n1)N=C(c1ccccc1)CO2
CHEMBL279338,CC(=O)NCC1CN(c2cccc(S(C)(=O)=O)c2)C(=O)O1
CHEMBL46719,CC(=O)NCC1CN(c2ccc(S(C)(=O)=O)cc2)C(=O)O1
CHEMBL65638,COc1ccc(/C=C/C(=O)OCc2nc(C)c(C)nc2C)cc1
CHEMBL66806,COC(=O)c1c(COC(=O)NC(C)C)c2n(c1C)CSC2
CHEMBL301510,COc1ccc(Cl)cc1NC(=O)OCCN1CCCCC1
CHEMBL33732,CCN1CCC(OC(=O)c2cc(Cl)c(N)cc2OC)CC1
CHEMBL286136,COc1cc(N)c(Cl)cc1C(=O)OCCN1CCCCC1
CHEMBL32986,CCN1CCCC(OC(=O)c2cc(Cl)c(N)cc2OC)C1
CHEMBL274268,CC(=O)NCC1CN(c2cccc(Br)c2)C(=O)O1
CHEMBL35725,Cc1nc2ccc(Br)cc2c(=S)n1CC(=O)O
CHEMBL282828,Nc1c(CC(=O)[O-])cc(F)cc1C(=O)c1ccc(F)cc1.[Na+]
CHEMBL39943,NC(CCc1nc2ccccc2n1CP(=O)(O)O)C(=O)O
CHEMBL288031,NC(Cc1nc2ccccc2n1CCP(=O)(O)O)C(=O)O
CHEMBL16373,O=C(Nc1ccccc1C(F)(F)F)OCCCc1c[nH]cn1
CHEMBL7640,Cc1c2c(cc3c(-c4ccccc4F)noc13)CC(C(=O)O)O2
CHEMBL16108,O=C(Nc1cccc(C(F)(F)F)c1)OCCCc1c[nH]cn1
CHEMBL16565,O=C(Nc1ccc(C(F)(F)F)cc1)OCCCc1c[nH]cn1
CHEMBL43747,CCn1cc(C(=O)O)c(=O)c2cc(F)c(-c3ccncc3)nc21
CHEMBL273545,CCOC(=O)c1cn2c3c(nc(O)c2n1)-c1ccc(F)cc1C3
CHEMBL32218,CC(=O)Nc1ccc2c(c1)COc1ccc(CC(=O)O)cc1O2
CHEMBL57743,COC(=O)c1c(C)nc2c(c1N)c1ccccc1n2C(=O)OC
CHEMBL75198,NC(=O)OCc1c2c(n3c1C1CC1C3)C(=O)C=C(N1CC1)C2=O
CHEMBL22364,CCOC(=O)c1cnc2cc(C3=NNC(=O)CC3)ccc2c1O
CHEMBL11807,CC(=O)ON(/C=C\C(=O)c1ccc(F)cc1)Cc1ccccc1
CHEMBL296080,CC(=O)NCC1CN(c2ccc(S(N)(=O)=O)cc2)C(=O)O1
CHEMBL9481,CC(C)Oc1ccc(C(=O)c2ccc3n2CCC3C(=O)O)cc1
CHEMBL45175,Nc1cc2c(=O)c(C(=O)O)cn(C3CC3)c2cc1N1CCCC1
CHEMBL58385,CCOC(=O)c1ncn2c1CN(C)C(=O)c1cc(CC)ccc1-2
CHEMBL60426,NC1CCN(c2ccc3c(=O)c(C(=O)O)cn(C4CC4)c3c2)C1
CHEMBL275070,O=C(OCN1C(=O)CC1Sc1ccccc1)c1ccccc1
CHEMBL73431,CCCc1nsnc1C1=CCCN(C)C1.O=C(O)C(=O)O
CHEMBL305982,CNC(=O)OCc1c(COC(=O)NC)c2n(c1C)CSC2
CHEMBL52394,COC(=O)c1ccc(CC(C)NCC(O)c2ccccc2)cc1
CHEMBL293534,CC(/C=C/C=C(\C)C(=O)Nc1c(C)cc(C)cc1C)=C\C(=O)O
CHEMBL24522,CN1CC2(CCN(CCc3c[nH]c4ccccc34)CC2)OC1=O
CHEMBL31866,CCOC(=O)c1ccc(NCCCc2ccccc2OC)cc1
CHEMBL24469,CC1NC(=O)OC12CCN(CCc1c[nH]c3ccccc13)CC2
CHEMBL57260,COC(=O)C1C2CC3CCC1N3C/C2=C\c1ccc(OC)cc1
CHEMBL290858,NCCCCCC(=O)N1CCCC(C(=O)NCCC(=O)O)C1
CHEMBL31631,CCOC(=O)c1ccc(NCCCc2ccc(OC)cc2)cc1
CHEMBL73205,Nc1c(CC(=O)[O-])cccc1C(O)c1ccc(Cl)cc1.[Na+]
CHEMBL279555,O=C(O)CCCCCCCNC(=O)c1cc(Cl)ccc1O
CHEMBL16902,O=C(O)CCCCCCCNC(=O)c1ccc(Cl)cc1O
CHEMBL300552,CC(=O)Oc1ccc(C(Cl)CNC(C)C)cc1OC(C)=O
CHEMBL48379,COc1cc(N)c(Cl)cc1NC(=O)OCCN1CCCC1
CHEMBL47131,O=C([O-])CNP(=O)([O-])CNC(=O)OCc1ccccc1.[Li+].[Li+]
CHEMBL267504,COC(=O)C1=NN2C(=O)Nc3cc(Cl)c(Cl)cc3C2C1
CHEMBL20592,[N-]=[N+]=NC1CC(N=[N+]=[N-])c2cc(C(=O)CC(=O)C(=O)O)ccc21
CHEMBL20844,Cn1c(=O)c2c(nc(-c3ccc(C(=O)O)cc3)n2C)n(C)c1=O
CHEMBL280367,CCCn1c(=O)[nH]c(=O)c2[nH]c(-c3ccc(C(=O)O)cc3)nc21
CHEMBL275286,COC(=O)Nc1nc2cc(C(=O)NCc3ccco3)ccc2[nH]1
CHEMBL28042,CCCCCCC(=O)n1c(=O)c(F)cn(C(=O)OCC)c1=O
CHEMBL15437,CC(=O)OCCOCN1c2ccccc2C(=O)NS1(=O)=O
CHEMBL15667,CC(=O)OCCOCN1C(=O)c2ccccc2NS1(=O)=O
CHEMBL295462,CNC(=O)Oc1ccc2c(c1)c(C)cn2Nc1ccncc1F
CHEMBL306630,CC(C)(Oc1ccc(NC(=O)Nc2ccccc2)cc1)C(=O)O
CHEMBL10483,CCOC(=O)c1[nH]cc2nc3ccc(OC)cc3c-2c1COC
CHEMBL17468,CCc1c(C(=O)OC)[nH]cc2nc3cc(OC)c(OC)cc3c1-2
CHEMBL40107,COC(=O)c1ccc(CCn2cnc3c2NC=NCC3O)cc1
CHEMBL36699,COC(=O)Cc1ccc(Cn2cnc3c2NC=NCC3O)cc1
CHEMBL288013,Cc1ccc(CCn2cnc3c2NC=NCC3O)cc1C(=O)O
CHEMBL441958,Nc1nc(O)c2c(n1)CCC(CNc1ccc(C(=O)O)cc1)C2
CHEMBL38128,COC(=O)c1cccc(CCn2cnc3c2NC=NCC3O)c1
CHEMBL35488,Cc1ccc(C(=O)O)cc1CCn1cnc2c1NC=NCC2O
CHEMBL301639,O=C1Nc2ccc(Cl)cc2/C1=C/c1[nH]cc2c1CCOC2=O
CHEMBL22555,O=C(O)c1cc(O)c2cc(I)ccc2n1
CHEMBL440476,CC(=O)c1ccc(N2CC(COP(=O)(O)O)OC2=O)cc1
CHEMBL7525,CCOC(=O)COc1ccc2c(ccc3oc([N+](=O)[O-])cc32)c1
CHEMBL282720,CCn1cc(C(=O)O)c(=O)c2cc(F)c(-c3ccc(C)o3)cc21
CHEMBL48573,O=C(/C=C/c1cccn1Cc1ccc(F)cc1)CC(=O)C(=O)O
CHEMBL431742,NS(=O)(=O)c1ccc(C(=O)NCC(=O)NCC(=O)O)cc1
CHEMBL17753,CCC(=O)OC1CCn2c1nc1c2C(=O)C(C)=C(N2CC2)C1=O
CHEMBL442369,CCOc1nsnc1C1=CCCN(C)C1.O=C(O)C(=O)O
CHEMBL32735,NS(=O)(=O)c1ccc(CCNC(=O)CNCC(=O)O)cc1
CHEMBL289069,O=C(O)c1cc(NCn2c(S)nc3ccccc32)ccc1O
CHEMBL37081,N#C/C(=C\c1ccc(O)c(O)c1)C(=O)OCCc1cccs1
OXFENDAZOLE,COC(=O)Nc1nc2cc([S+]([O-])c3ccccc3)ccc2[nH]1
CHEMBL30392,COC(=O)C1=C(C)N=C(C)/C(=C(/O)OC)C1(C)c1ccccc1
CHEMBL57811,COc1ccc(C)c(NC(=O)/C(C)=C/C=C/C(C)=C/C(=O)O)c1
CHEMBL24419,COC(=O)C1=C(C)N=C(C)/C(=C(\O)OC)C1c1cccc(C)c1
CHEMBL63764,COC(=O)C1=C(C)N=C(C)/C(=C(\O)OC)C1c1ccccc1C
CHEMBL304382,Cc1ccc2c(c1)[nH]c(=O)n2C(=O)OC1CC2CCC(C1)N2C
CHEMBL429973,COC(=O)c1[nH]c(C(C)(C)C)cc1NC(=O)Nc1ccccc1
CHEMBL290650,COC(=O)C1=C(C)N=C(C)/C(=C(/O)OC)C1Cc1ccccc1
CHEMBL25934,COC(=O)C1=C(C)N=C(C)/C(=C(\O)OC)C1c1ccc(C)cc1
CHEMBL279079,CSc1cc2n(c1C(=O)c1ccc(C)cc1)CCC2C(=O)O
CHEMBL8942,CSc1ccc(C(=O)c2ccc3n2CCCC3C(=O)O)cc1
CHEMBL6369,COC(=O)c1cc2c(Sc3ccc(C)cc3)cncc2s1
CHEMBL38883,C=C(CN1C(=O)OC2CCC(C(C)(C)C)CC21)S(C)(=O)=O
CHEMBL62372,O=C(O)c1cc(CCP(=O)(O)O)c2ccc(Cl)cc2n1
CHEMBL23282,O=C(O)c1ccccc1Nc1ccc(Cl)c(C(F)(F)F)c1
CHEMBL59507,O=C1Nc2ccc(Cl)cc2C(C#CC2CC2)(C(F)(F)F)O1
CHEMBL276248,O=C(O)C1Cc2cc3c(-c4ccccc4)noc3c(Cl)c2O1
CHEMBL16546,O=C(O)CCCCCCCNC(=O)c1c(F)cccc1Cl
CHEMBL36545,CSc1nc(Cl)c2ccn(COCCOC(C)=O)c2n1
CHEMBL49072,CCN(CC)CCOC(=O)Nc1cc(Cl)c(N)cc1OC
CHEMBL32130,CCOC(=O)c1ccc(NC/C=C/c2ccc(Cl)cc2)cc1
CHEMBL291851,O=C(O)CCCc1c(C(=O)O)[nH]c2cc(Cl)cc(Cl)c12
CHEMBL50502,Cn1c(C(=O)O)c(CCC(=O)O)c2c(Cl)cc(Cl)cc21
CHEMBL22460,CCn1cc(C(=O)O)c(=O)c2cc(F)c(-c3coc(C)n3)cc21
CHEMBL275219,C=CCOC(=O)C1=C(C)NC(=O)NC1c1ccc2c(c1)OCO2
CHEMBL413028,CCOC(=O)c1cnc(C2CC2)nc1NN1C(=O)C=C(C)C1=O
CHEMBL55459,CC1=C(N)C(=O)c2c(COC(N)=O)c3n(c2C1=O)CC1C3N1C
CHEMBL38820,O=C(O)c1cc(-c2ccc(-c3ccccc3)cc2)nc2ocnc12
CHEMBL16967,CC(=O)NC1=C(C)C(=O)c2c(nc3n2CCC3OC(C)=O)C1=N
CHEMBL286587,NS(=O)(=O)c1ccc(CCOC(=O)CNCC(=O)O)cc1
CHEMBL45898,O=C(NCc1nc2ccsc2c(=O)o1)OCc1ccccc1
CHEMBL65639,COC(=O)c1sccc1S(=O)(=O)Nc1onc(C)c1C
CHEMBL300717,CC(=O)N1C(=O)C(C)C2C1CCN2C(=O)OCc1ccccc1
CHEMBL11865,COC(=O)Nc1nc2cc(C(=O)NC3CCCCC3)ccc2[nH]1
CHEMBL70177,CC(C)CCCn1cnc(C(Cc2ccc(N)nc2)C(=O)O)c1
CHEMBL66512,Cc1cc(CC(C(=O)O)c2cn(CCC(C)C)cn2)cnc1N
CHEMBL306219,CCC(=O)OC(c1ccccc1)C1C2CN(C)CC1CN(C)C2
CHEMBL61274,CCCCCCNC(=O)Oc1ccc2c(c1)C1CCN(C)C2C1
CHEMBL34636,COC(=O)Nc1ccc(Cl)c(-c2nc3ccc(C)cc3o2)c1
CHEMBL286185,COC(=O)Nc1ccc(C)c(-c2nc3cc(Cl)ccc3o2)c1
CHEMBL33823,COC(=O)Nc1ccc(Cl)c(-c2nc3c(C)cccc3o2)c1
CHEMBL35001,COC(=O)Nc1ccc(Cl)c(-c2nc3cc(C)ccc3o2)c1
CHEMBL55155,N=C(N)Nc1ncc(Cl)cc1/C=C/c1cccc(C(=O)O)c1
CHEMBL74300,C[N+](C)(C)CC#CCOC(=O)Nc1cccc(Cl)c1.[Cl-]
CHEMBL22283,CCn1cc(C(=O)O)c(=O)c2cc(F)c(-c3coc(N)n3)cc21
CHEMBL449029,COC1=C(C)C(=O)c2c(c(COC(N)=O)c3n2CC2NC32)C1=O
CHEMBL17683,CC(=O)NC1=C(C)C(=O)c2c(nc3n2CCC3OC(C)=O)C1=O
CHEMBL29968,C=Cn1cc(C(=O)O)c(=O)c2cc(F)c(N3CCNCC3)cc21
CHEMBL11993,COC(=O)Nc1nc2cc(C(=O)Nc3nccs3)ccc2[nH]1
CHEMBL276008,CC(NC(=O)C(CS)C(C)c1ccc(F)c(F)c1)C(=O)O
CHEMBL9232,C[S+]([O-])c1ccc(C(=O)c2ccc3n2CCC3C(=O)O)cc1
CHEMBL308608,CSc1nsnc1C1=CCCN(C)C1.O=C(O)C(=O)O
CHEMBL287242,CCOC(=O)CCNCC(O)COc1cccc2ccccc12
CHEMBL48568,CC(C)(C)c1cc(/C=C2\OC(=O)NC2=O)cc(C(C)(C)C)c1O
CHEMBL46681,O=C(O)C1CC=C(c2c(-c3ccccc3)[nH]c3ccccc23)CC1
CHEMBL285691,O=C(O)CCNC1CCC2(CC1)CCN(c1ccncc1)CC2
CHEMBL305881,O=C(OCCN1CCOCC1)C1(c2ccccc2)CCCCC1
CHEMBL286008,CN(C)CCCOC(=O)C(C)(c1ccccc1)C1CCCCC1
CHEMBL35688,C=C(C(=O)c1ccc(Cl)cc1)n1cc(C(=O)OC)ccc1=O
CHEMBL74825,CCOC(=O)Cc1cccc(C(=O)c2ccc(Cl)cc2)c1N
CHEMBL24273,COC(=O)c1[nH]c2ccc(Cl)cc2c1Sc1ccccc1
CHEMBL283000,CCOC(=O)c1cccc(NCCCc2ccc(Cl)cc2)c1
CHEMBL287291,CCOC(=O)c1ccc(NCCCc2ccc(Cl)cc2)cc1
CHEMBL31301,CCOC(=O)c1ccc(NCCCc2cccc(Cl)c2)cc1
CHEMBL292394,COC(=O)C1C2CC3CCC1N3C/C2=C\c1ccc(Cl)cc1
CHEMBL32398,CCN(CCCc1ccc(Cl)cc1)c1ccc(C(=O)O)cc1
CHEMBL29038,CC(C(=O)O)c1ccc(NCCCc2ccc(Cl)cc2)cc1
CHEMBL300146,COC(=O)C1C2CC3CCC1N3C/C2=C\c1cccc(Cl)c1
CHEMBL62238,CN(C)C(=O)Oc1nsnc1-c1c(Cl)cccc1Cl
CHEMBL279895,CCC#Cc1noc(C2CN=CNC2)n1.O=C(O)C(F)(F)F
CHEMBL49328,Cc1c(Nc2ccccc2)nc2ccc(F)cc2c1C(=O)[O-].[Na+]
CHEMBL67435,CCn1cc(C(=O)O)c(=O)c2cc(F)c(-n3cccc3)c(F)c21
CHEMBL304257,CCOC(=O)c1ccc2c(c1)C1(NC(=O)NC1=O)N(C)C(=O)N2
CHEMBL18169,CC(=O)NC1=C(C)C(=O)c2c(nc3n2CCC3OC(N)=O)C1=O
CHEMBL21527,CCn1cc(C(=O)O)c(=O)c2cc(F)c(C3=NCCCO3)cc21
CHEMBL39710,CCOC(=O)COc1ccc(C(=O)Nc2ccc(F)cc2)cn1
CHEMBL42877,C=Cn1cc(C(=O)O)c(=O)c2cc(F)c(N3CCNCC3)nc21
CHEMBL39156,C=Cn1cc(C(=O)O)c(=O)c2cc(F)c(N3CCC(N)C3)nc21
CHEMBL36750,O=C(O)c1cc(CCn2cnc3c2NC=NCC3O)ccc1F
CHEMBL22599,N=C(N)c1ccc(C2=NOC(CC(=O)NCCC(=O)O)C2)cc1
CHEMBL293630,CCCN1C(=O)c2ccccc2C(CC(=O)NC(=O)OC)C1=O
CHEMBL282269,CNC(=O)OCc1ncn(-c2ccccc2)c1COC(=O)NC
CHEMBL7572,CC(=O)Oc1ccc2[nH]c(C(=O)c3cc4ccccc4[nH]3)cc2c1
CHEMBL42000,CCOC(=O)c1cnc(CC)nc1N(C)N1C(=O)C=C(C)C1=O
CHEMBL444527,CCn1cc(C(=O)O)c(=O)c2cc(F)c(N3CCCCC3)cc21
CHEMBL39706,CCCO/N=C/C(O)CNC(C)(C)C.O=C(O)/C=C/C(=O)O
CHEMBL16653,CCCc1cc(N2CC(CNC(C)=O)OC2=O)ccc1C(C)=O
CHEMBL40971,CC(C)(C)NCC(O)CON=C1CCCC1.O=C(O)C(=O)O
CHEMBL41378,CC(C)NCC(O)CON=C1CCCCC1.O=C(O)C(=O)O
CHEMBL68166,CCOc1cc(C2(C#N)CCN(CC(=O)O)CC2)ccc1OC
CHEMBL42665,O=C(O)c1ccc(NCC(O)CON=C(C2CC2)C2CC2)cc1
CHEMBL59826,CCC(=O)NCCCn1c(C(=O)OC)cc2ccc(OC)cc21
CHEMBL38033,CC/C=N/OCC(O)CNC(C)(C)C.O=C(O)/C=C/C(=O)O
CHEMBL11323,CCCN(CCC)C(=O)c1ccc2[nH]c(NC(=O)OC)nc2c1
CHEMBL274293,COC(=O)Nc1nc2cc(C(=O)N(C(C)C)C(C)C)ccc2[nH]1
CHEMBL68885,CCC(=O)N(c1ccccc1)C1CCN(CCC(=O)OC)CC1
CHEMBL67223,CCCCNC(=O)Oc1nc(-c2ccccc2)sc1CCC
CHEMBL34940,COC(=O)Nc1ccc(Cl)c(-c2nc3cc(O)ccc3o2)c1
CHEMBL291114,CCCCc1ncc(/C=C/C(=O)O)n1Cc1ccccc1Cl
CHEMBL65560,C[N+](C)(CC(=O)O)Cc1ccc([N+](=O)[O-])cc1.[Br-]
CHEMBL65562,C[N+](C)(CC(=O)O)Cc1ccccc1[N+](=O)[O-].[Br-]
CHEMBL280315,CC(C)=CCOC1(C(F)(F)F)OC(=O)Nc2ccc(F)cc21
CHEMBL48753,Cc1c(Oc2ccccc2)nc2ccc(F)cc2c1C(=O)[O-].[Na+]
CHEMBL68980,CCn1cc(C(=O)O)c(=O)c2cc(F)c(-n3ccnc3)c(F)c21
CHEMBL44563,COC1=CC(=O)c2c(c(COC(C)=O)c3n2CCCC3O)C1=O
CHEMBL66745,O=C(O)c1ccc(-c2cncc(-c3ccc(C(=O)O)cc3)c2)cc1
CHEMBL76124,O=C(O)c1cc(C(=O)O)c2cc(/C=C/c3ccccc3)ccc2n1
CHEMBL292335,COC(=O)C1=C(C)N=C(C)/C(=C(\O)OC)C1c1cccc(F)c1
CHEMBL63030,COC(=O)C1=C(C)N=C(C)/C(=C(\O)OC)C1c1ccccc1F
CHEMBL304522,COC(=O)C1=C(C)N=C(C)/C(=C(\O)OC)C1c1ccc(F)cc1
CHEMBL275484,CNn1cc(C(=O)O)c(=O)c2cc(F)c(N3CCCCC3)cc21
CHEMBL15524,CCn1cc(C(=O)O)c(=O)c2cc(F)c(N3CCC(N)C3)cc21
NORFLOXACIN,CCn1cc(C(=O)O)c(=O)c2cc(F)c(N3CCNCC3)cc21
CHEMBL11500,COC(=O)Nc1nc2cc(C(=O)NC3NC=CS3)ccc2[nH]1
CHEMBL309813,CCOC(=O)c1cccnc1SNC(=O)Nc1ncccn1
CHEMBL58280,COC(=O)C1C2CC3CCC1N3C/C2=C\c1ccc(F)c(F)c1
CHEMBL58927,COC(=O)c1cc(-c2ccccc2)c(-c2ccccc2)n(C)c1=O
CHEMBL19129,CSc1cc2n(c1C(=O)c1ccc(F)cc1)CCC2C(=O)O
CHEMBL281352,CCOC(=O)C1Cc2ccccc2N1C(=O)CCC(C)C(=O)O
CHEMBL39639,CC(O)(C(=O)OCC1=CC[N+]2([O-])CCC(O)C12)c1ccccc1
CHEMBL279658,CC(C)C(CCC(=O)O)C(=O)N1c2ccccc2CC1C(=O)O
CHEMBL19569,CNC(=O)OCc1c2ccncc2c(C)c2c1[nH]c1ccccc12
RO-194603,CN1Cc2c(C(=O)OC(C)(C)C)ncn2-c2ccsc2C1=O
CHEMBL416455,NCCSc1cc2c(cc1N)c(=O)c(C(=O)O)cn2C1CC1
CHEMBL40821,O=C(O)c1ccc(-c2ccc3c(ccn3C3CCCCC3)c2)cc1
CHEMBL32463,CCOC(=O)c1ccc(NCCc2cccc3ccccc23)cc1
CHEMBL36626,COC(=O)N1CCC(c2ccc(OC)c(OC3CCCC3)c2)C1
CHEMBL55282,CCOC(=O)c1oc2cccc(OCCNC(C)(C)C)c2c1C
CHEMBL416300,CCOC(=O)c1oc2cccc(OCCCNC(C)C)c2c1C
CHEMBL37507,CCOC(=O)Cc1cccc2cc(C(O)CNC(C)(C)C)oc12
EPALRESTAT,CC(/C=C1\SC(=S)N(CC(=O)O)C1=O)=C\c1ccccc1
CHEMBL46193,CCC(Sc1ccccc1)C(=O)OC1CC2CCC(C1)N2C
CHEMBL17372,CC#CCOC1(C(F)(F)F)OC(=O)Nc2ccc(Cl)cc21
CHEMBL283557,COC(=O)Nc1ccc(-c2nc(-c3ccco3)no2)c(Cl)c1
CHEMBL21191,COC(=O)Nc1cc(-c2nc(-c3ccco3)no2)ccc1Cl
CHEMBL76451,O=C(O)Cc1cccc(C(=O)c2ccc(Cl)cc2)c1[N+](=O)[O-]
SARMAZENIL,CCOC(=O)c1ncn2c1CN(C)C(=O)c1c(Cl)cccc1-2
Ro-151310,CCOC(=O)c1ncn2c1CN(C)C(=O)c1cc(Cl)ccc1-2
CHEMBL288295,O=C(O)Cc1cc(Cl)c2c(c1)CCC(c1ccccc1F)N2
CHEMBL300949,O=C(O)CSc1c(C(=O)O)[nH]c2cc(Cl)cc(Cl)c12
CHEMBL21697,O=C(O)CCCc1ccc([N+]([O-])(CCCl)CCCl)cc1
CHEMBL27437,CCOC(=O)n1cc(F)c(=O)n(C(=O)c2ccccc2C)c1=O
CHEMBL63134,COC(=O)NC(=O)CC1C(=O)N(C)C(=O)c2ccc(OC)cc21
CHEMBL62172,COC(=O)NC(=O)CC1C(=O)N(C)C(=O)c2cc(OC)ccc21
CHEMBL428865,COC1=C(C)C(=O)c2c(c(COC(N)=O)c3n2CCC3O)C1=O
CHEMBL47520,COC(=O)c1cc2c([nH]c3ccccc32)c(-c2ccc(F)cc2)n1
CHEMBL12443,CN1CCN(c2cc3c(cc2F)c(=O)c(C(=O)O)cn3N)CC1
CHEMBL416889,CNn1cc(C(=O)O)c(=O)c2cc(F)c(N3CCNCC3)cc21
ESAFLOXACIN,CCn1cc(C(=O)O)c(=O)c2cc(F)c(N3CCC(N)C3)nc21
CHEMBL26154,CCn1cc(C(=O)O)c(=O)c2cc(F)c(N3CCOCC3)cc21
ENOXACIN,CCn1cc(C(=O)O)c(=O)c2cc(F)c(N3CCNCC3)nc21
CHEMBL288457,O=C(O)CCSc1ccc(C(=O)Nc2ccc(F)cc2)cn1
CHEMBL63487,C=CCc1c(OC(C)=O)c2cccnc2n(-c2ccccc2)c1=O
CHEMBL431511,COC(=O)CSc1ccc(C(=O)Nc2ccc(F)cc2)cn1
CHEMBL52735,COC(=O)C1=C2C=CN(C)C=C2c2nc(-c3ccccc3)nn2C1
CHEMBL73647,COC(=O)C1=C(C)N=C(C)/C(=C(/O)OC)C1c1c(C)noc1C
CHEMBL281442,Cc1ccc(CN2C(=O)C(C(C#N)C(=O)O)c3ccccc32)cc1
CHEMBL287863,O=C(O)c1ccc2c(c1)c1c3c(cc4c1n2C(=O)CC4)CNCC3
CHEMBL37910,O=C(O)c1sccc1CCCn1cnc2c1NC=NCC2O
CHEMBL41284,O=C(O)CNS(=O)(=O)c1ccc(NCc2ccccc2)cc1
CHEMBL289858,CCC(CC)=NOCC(O)CNC(C)(C)C.O=C(O)C(=O)O
CHEMBL46141,CC(=O)[O-].Cc1c2cc[n+](C)cc2c(C)c2c1[nH]c1ccccc12
CHEMBL280684,CN(C)CCOC(=O)C1=C/C(=C\c2cccnc2)c2ccccc21
CHEMBL20732,CN(C)CCOC(=O)C1=C/C(=C\c2ccccn2)c2ccccc21
CHEMBL68380,Cc1nccn1CCC(C(=O)O)(c1ccccc1)c1ccccc1
CHEMBL307781,CC(=O)[O-].Cc1c2cc[n+](C)c(C)c2cc2c1[nH]c1ccccc12
CHEMBL278129,CN(C)CCOC(=O)C1=C/C(=C\c2ccncc2)c2ccccc21
CHEMBL51437,NS(=O)(=O)c1cc(C(=O)NCCCC(=O)O)ccc1Cl
CHEMBL21494,COC(=O)CCCc1nc(N)nc(N)c1-c1cccc(Cl)c1
CHEMBL22405,COC(=O)CCCc1nc(N)nc(N)c1-c1ccc(Cl)cc1
CHEMBL43218,O=C(O)c1ccc2oc(Cn3ccnc3)c(Br)c2c1
CHEMBL312305,CC(C(=O)O)c1ccc(Nc2ccc(Br)cn2)cc1
CHEMBL54798,CCCc1c2nccc(O)c2cc2c(=O)cc(C(=O)[O-])oc12.[Na+]
CHEMBL54504,CCCc1c2nc(C(=O)[O-])cc(O)c2cc2c(=O)ccoc12.[Na+]
CHEMBL308405,O=C(O)c1cc(C(=O)O)c2cc(/N=N/c3ccccc3)ccc2n1
CHEMBL299571,COC1=C(OC)C(O)(CCn2cnc3c(N)ncnc32)OC1=O
CHEMBL13006,CNn1cc(C(=O)O)c(=O)c2cc(F)c(N3CCOCC3)cc21
CHEMBL40133,CCn1cc(C(=O)O)c(=O)c2cc(F)c(N3CCC(O)C3)nc21
CHEMBL40012,CCn1cc(C(=O)O)c(=O)c2cc(F)c(N3CC(OC)C3)nc21
CHEMBL12582,CNn1cc(C(=O)O)c(=O)c2cc(F)c(N3CCC(O)C3)cc21
CHEMBL37141,N#C/C(=C\c1ccc(O)c(O)c1)C(=O)OC/C=C/c1ccccc1
CHEMBL418303,Cc1ccc2cccc(OC(=O)/C=C/c3ccc(O)c(O)c3)c2n1
CHEMBL292996,COC(=O)Cn1c(Cn2nnc3ccccc32)nc2ccccc21
CHEMBL302435,O=C(O)CCn1c(Cn2nnc3ccccc32)nc2ccccc21
FAMCICLOVIR,CC(=O)OCC(CCn1cnc2cnc(N)nc21)COC(C)=O
CHEMBL37072,COc1ccc(S(=O)(=O)N(CC(=O)O)c2ccccc2)cc1
CHEMBL38284,COc1ccc(N(CC(=O)O)S(=O)(=O)c2ccccc2)cc1
CHEMBL26089,CCOC(=O)c1ccc(-c2ccc(OS(N)(=O)=O)cc2)cc1
CHEMBL282279,COC(=O)C1=C(C)N=C(SC)NC1c1cccc([N+](=O)[O-])c1
CHEMBL288553,CCOC(=O)CCCOc1cc(C2CNC(=O)C2)ccc1OC
CHEMBL263071,O=C(OCCCc1c[nH]cn1)N(c1ccccc1)c1ccccc1
CHEMBL307003,O=C(O)c1ccc(C(=O)Nc2ccc3c(c2)C2CCC3CC2)cc1
CHEMBL71131,CC(=O)[O-].Cc1c2cc[n+](C)cc2c(C)c2c1oc1ccccc12
CHEMBL57306,CCC(=O)OC1CCN(CCCC(=O)c2ccc(F)cc2)CC1
CHEMBL26605,CC(=O)OC1(c2ccccc2)Sc2ccccc2-n2cccc21
CHEMBL60369,O=C1OCC2(CCN(CCc3ccccc3)CC2)c2ccccc21
CHEMBL17567,C/C=C\COC1(C(F)(F)F)OC(=O)Nc2ccc(Cl)cc21
CHEMBL280030,C/C=C/COC1(C(F)(F)F)OC(=O)Nc2ccc(Cl)cc21
CHEMBL24185,O=C(O)COc1ccc2c(-c3ccccc3F)noc2c1Cl
CHEMBL9253,CCOC(=O)c1cc2n(n1)C(C(=O)O)Nc1cc(Cl)ccc1-2
CHEMBL267654,O=C(O)C1Cc2cc3c(-c4cccs4)noc3c(Cl)c2O1
CHEMBL33967,NS(=O)(=O)c1ccc(NC(=O)CNCC(=O)O)c(Cl)c1
CHEMBL289882,COC(=O)C(C)Oc1ccc(N(C)c2ncc(Cl)cn2)cc1
CHEMBL12644,CS(=O)(=O)OCCN(CCCl)c1ccc(C(=O)O)cc1
CHEMBL48272,C#CCC(N)C(=O)NC(CC#C)C(=O)O.O=C(O)C(F)(F)F
CHEMBL265301,CC(C)(C)c1onc(OCP(=O)(O)O)c1CC(N)C(=O)O
CHEMBL297648,CCCCc1onc(OCP(=O)(O)O)c1CC(N)C(=O)O
CHEMBL282909,CC(C)Cc1noc(C2CN=CNC2)n1.O=C(O)C(F)(F)F
CHEMBL24945,CCn1cc(C(=O)O)c(=O)c2cc(F)c(C(=O)NCCO)cc21
CHEMBL416599,O=C(O)c1ccccc1NS(=O)(=O)c1ccc([N+](=O)[O-])cc1
CHEMBL39456,O=C([O-])Cc1ccc(Cn2cnc3c2NC=NCC3O)cc1.[Na+]
CHEMBL308497,N=C(N)Nc1cc(C(=O)O)ccc1N1C(=O)CCC1(CO)CO
CHEMBL44525,CCOC(=O)c1cnc(SC)nc1NN1C(=O)C=C(C)C1=O
CHEMBL285617,CC(NC(=O)C(CC(=O)NO)Cc1ccccc1)C(C)C(=O)O
CHEMBL277597,CC1=C(C(=O)OCc2ccccc2)C(c2ccccc2)NC(=O)N1
CHEMBL25722,CCOC(=O)c1c(C)cc2cnn(-c3ccccc3)c(=O)c2c1C
CHEMBL16486,CSc1cc(N2CC(CNC(C)=O)OC2=O)ccc1C(C)=O
CHEMBL279029,COC(=O)C1=C(C)N=C(SC)NC1c1ccccc1SC
CHEMBL300434,COC1=C(OC)/C(=C/Cn2cnc3c(Cl)ncnc32)OC1=O
CHEMBL37692,CCOC(=O)C(C)Oc1ccc(Oc2ncc(Cl)cn2)cc1
CHEMBL67664,Cc1noc(NS(=O)(=O)c2ccsc2C(=O)O)c1Cl
CHEMBL416384,CCCCc1nc(Cl)c(CO)n1Cc1ccc(C(=O)O)cc1
CHEMBL9112,O=C(c1cccc(C(F)(F)F)c1)c1ccc2n1CCC2C(=O)O
CHEMBL9359,O=C(c1ccc(C(F)(F)F)cc1)c1ccc2n1CCC2C(=O)O
CHEMBL73304,O=C(O)c1cc(C(=O)O)c2cc(OCc3ccccc3)ccc2n1
CHEMBL39092,O=C(O)c1ccc2ccc(/C=C/c3ccc(O)c(O)c3)nc2c1O
CHEMBL72296,O=C(O)c1cc(C(=O)O)c2ccc(OCc3ccccc3)cc2n1
CHEMBL39958,O=C(O)c1ccc2ccc(/C=C/c3cc(O)cc(O)c3)nc2c1O
CHEMBL36586,O=C(O)c1ccc2ccc(/C=C/c3ccc(O)cc3O)nc2c1O
CHEMBL57864,COC(=O)c1ccc(N)c(-c2ccc3c(n2)C(=O)C(=N)C=C3O)c1
CHEMBL57646,O=C(O)CCNC(=O)NNC(=O)CCCCNc1ccccn1
CHEMBL59242,CCCCCC(=O)OCCCOn1cnc2c(O)nc(N)nc21
CHEMBL6872,CCOC(=O)c1cc2ccccn2/c(=N/c2ccc(OC)cc2)n1
CHEMBL275312,COc1ccc(C(=O)c2c(C)n(CC(=O)O)c3ccccc23)cc1
CHEMBL421674,COC(=O)c1ccc2c(c1)C(n1ccccc1=O)=CC(C)(C)C2=O
CHEMBL286716,CSc1ccc(C(=O)c2cccc(CC(=O)[O-])c2N)cc1.[Na+]
CHEMBL57655,C=C=Cc1ccc2c(c1)C(=O)N(C)Cc1c(C(=O)OCC)ncn1-2
CHEMBL288461,CC(CCCCn1cnc2c1NC=NCC2O)(C(N)=O)C(=O)O
CHEMBL35934,N#C/C(=C\c1ccc(O)c(O)c1)C(=O)OCCCc1ccccc1
CHEMBL59180,CC#Cc1ccc2c(c1)C(=O)N(C)Cc1c(C(=O)OCC)ncn1-2
CHEMBL70247,O=C(O)Cc1nn(Cc2nc3ccccc3s2)c2ccccc12
CHEMBL302005,CN(C)C/C=C1\c2ccccc2COc2ccc(CC(=O)O)cc21
CHEMBL302215,CN(C)CC/C=C1/c2ccccc2COc2cc(C(=O)O)ccc21
CHEMBL35063,COc1cc(/C=C2\CCCc3c(C)ccnc32)ccc1OC(C)=O
CHEMBL36830,CN1CCC(OC(=O)c2ccccc2C(=O)c2ccccc2)CC1
CHEMBL67746,O=C(O)c1ccc(C(=O)Nc2cccc(C3CCCCC3)c2)cc1
CHEMBL64067,CN(C)CC/C=C1/c2ccccc2COc2ccc(C(=O)O)cc21
CHEMBL275407,Cc1nccc2c1[nH]c1cc(OC(=O)NC3CCCCC3)ccc12
CHEMBL57418,COC(=O)c1c(C)nc2c(c1N)c1ccccc1n2C1CCCC1
CHEMBL291935,CCOC(=O)c1c(N)sc(-c2ccccc2)c1-c1ccccc1
CHEMBL412427,CN1CCC(OC(=O)c2ccccc2CCc2ccccc2)CC1
CHEMBL55286,CC(C)CC(S)C(Cc1ccccc1)C(=O)NC(C)C(=O)O
CHEMBL273898,CC(C)CC(NC(=O)C(CS)C(C)c1ccccc1)C(=O)O
CHEMBL11537,CCCCC(NC(=O)C(CS)C(C)c1ccccc1)C(=O)O
CHEMBL17713,CCCCOC1(C(F)(F)F)OC(=O)Nc2ccc(Cl)cc21
CHEMBL19967,CSc1cc(CC(=O)O)n(C)c1C(=O)c1ccc(Cl)cc1
PIRINIXIC ACID,Cc1cccc(Nc2cc(Cl)nc(SCC(=O)O)n2)c1C
CHEMBL9115,O=C(c1ccc(Cl)cc1Cl)c1ccc2n1CCC2C(=O)O
CHEMBL277989,O=C(Nc1ccc(Br)cc1)OCCCc1c[nH]cn1
CHEMBL31317,O=C(O)c1ccc(NCCCc2c(Cl)cccc2Cl)cc1
CHEMBL285273,O=C(O)c1ccc(NCCCc2ccc(Cl)c(Cl)c2)cc1
CHEMBL279295,CCOCc1noc(C2CN=CNC2)n1.O=C(O)C(F)(F)F
CHEMBL293068,O=C1Nc2ccc(C(=O)O)cc2/C1=C/c1[nH]cc2c1CCOC2=O
CHEMBL36649,N#C/C(=C\c1ccc(O)c(O)c1)C(=O)OCCCc1cccnc1
CHEMBL279025,O=C1CN(CCN2CC(=O)Oc3ccccc32)c2ccccc2O1
CHEMBL11486,CCOC(=O)Nc1nc2cc(C(=O)Nc3ccccc3)ccc2[nH]1
CHEMBL35355,N=C(N)Nc1cccc(C(=O)Nc2ccc(/C=C/C(=O)O)cc2)c1
CHEMBL58483,O=C1Nc2cccc(CCO)c2/C1=C/c1[nH]cc2c1CCOC2=O
CHEMBL538651,CC(Cc1cnc2nc(N)nc(N)c2n1)c1ccc(C(=O)O)cc1
CHEMBL284277,CC(CCCCn1cnc2c1NC=NCC2O)(C(=O)O)C(=O)O
CHEMBL62513,COC(=O)NC(=O)CC1C(=O)N(C)C(=O)c2ccc(Cl)cc21
CHEMBL42489,Cc1cccc(Oc2cc(Cl)nc(SCC(=O)O)n2)c1C
CHEMBL33676,COc1cc(N)c(Cl)cc1C(=O)OC1CC2CCC(C1)N2C
CHEMBL294894,COc1cc(N)c(Cl)cc1C(=O)OC1CC2CCC1CN2C
CHEMBL298842,COc1cc(N)c(Cl)cc1C(=O)OC1CC2CCC1N(C)C2
CHEMBL37610,CC(C)c1nc2ccc(Br)cc2c(=O)n1CC(=O)O
CHEMBL430123,O=C1Nc2ccc(F)cc2C(C#Cc2ccoc2)(C(F)(F)F)O1
CHEMBL24980,O=C(O)Cc1cccc2c1Cc1c-2nc(O)c2nc(C(=O)O)cn12
CHEMBL29256,NC(C/C=C(\c1ccccc1)c1ccc(F)cc1F)C(=O)[O-].[Na+]
CHEMBL296918,O=C(O)c1cn(C2CC2)c2nc(-c3ccncc3)c(F)cc2c1=O
CHEMBL25874,O=C(O)CCCNc1c2ccccc2nc2cccc([N+](=O)[O-])c12
CHEMBL50784,O=C(O)CCc1c(C(=O)O)[nH]c2cc(Oc3ccccc3)ccc12
CHEMBL289303,O=C(O)c1ccc2ccc(CCc3ccc(O)c(O)c3)nc2c1O
CHEMBL11931,COC(=O)Nc1nc2cc(C(=O)Nc3cccc(C)n3)ccc2[nH]1
CHEMBL13319,Cc1c(C(=O)c2ccccc2F)c2ccccc2n1C(C)C(=O)O
CHEMBL16350,CSc1ccc(N2CC(CNC(C)=O)OC2=O)cc1[N+](=O)[O-]
CHEMBL28975,CCOC(=O)c1ccc(NC(=O)/C=C/c2ccc(OC)cc2)cc1
CHEMBL421291,CC1(C)CCOc2ccc(C(=O)Nc3ccc(C(=O)O)cc3)cc21
CHEMBL47980,CCOC(=O)/C=C/c1cc(OCc2ccccc2)cc(C(N)=O)c1
CHEMBL48381,CCOC(=O)C(=O)CC(=O)/C=C/c1cccn1Cc1ccccc1
CHEMBL33787,CC1(C)CCOc2ccc(NC(=O)c3ccc(C(=O)O)cc3)cc21
CHEMBL65189,CCOC(=O)Nc1cc2c(c(N)n1)N=C(c1ccccc1)C(C)N2
CHEMBL285457,CCOC(=O)c1nc2c(O)n(CC)nc(-c3ccccc3)c-2c1C
CHEMBL9619,CCOC(=O)Nc1cc2c(c(N)n1)N=C(c1ccc(C)cc1)CN2
CHEMBL52007,CCOC(=O)N1CCN(c2nc3cccnc3n3cccc23)CC1
CHEMBL11620,CC(NC(=O)C(CS)C(C)c1ccc2c(c1)OCO2)C(=O)O
CHEMBL70126,CC(C)c1ccc(NC(=O)c2ccc(C(=O)O)cc2)cc1C(C)C
CHEMBL72001,CC(C)c1cc(NC(=O)c2ccc(C(=O)O)cc2)cc(C(C)C)c1
CHEMBL303494,COC(=O)C1C(c2cccc(-c3ccco3)c2)CC2CCC1N2C
CHEMBL40445,CN1CCC(OC(=O)c2ccccc2COc2ccccc2)CC1
CHEMBL68819,CC(C)c1ccc(C(=O)Nc2ccc(C(=O)O)cc2)cc1C(C)C
CHEMBL38006,COC(=O)c1cc(C)n(/C(=N\C2CCCCC2)c2ccccc2)n1
CHEMBL418422,CCN(CC)CCOC(=O)c1ccccc1CCc1ccccc1
CHEMBL22251,CCCCCOC(=O)/C=C/CN(C)Cc1cccc2ccccc12
CHEMBL58318,COC(=O)C1C2CC3CCC1N3C/C2=C\c1ccc(C(C)C)cc1
APROFENE,CCN(CC)CCOC(=O)C(C)(c1ccccc1)c1ccccc1
CHEMBL73109,COC(=O)c1cccc(NC(=O)C(C)(O)C(F)(F)F)c1Cl
CHEMBL273306,COc1oc(=O)c2cc(NC(=O)CCC(=O)O)ccc2c1Cl
CHEMBL284879,Cc1cc(CC(=O)[O-])c(N)c(C(=O)c2ccc(Cl)cc2)c1.[Na+]
CHEMBL28508,Cc1ccc(C(=O)c2cc(Cl)cc(CC(=O)[O-])c2N)cc1.[Na+]
CHEMBL285934,O=C(O)CN(c1ccccc1)S(=O)(=O)c1ccc(Cl)cc1
CHEMBL287688,O=C(O)CN(c1ccc(Cl)cc1)S(=O)(=O)c1ccccc1
CHEMBL76300,COc1ccc(Cl)c(Nc2ccccc2CC(=O)O)c1Cl
CHEMBL281411,CSCc1noc(C2CN=CNC2)n1.O=C(O)C(F)(F)F
CHEMBL40346,CCOC(=O)Nc1cc2oc(=O)c(-c3ccccc3)nc2c(N)n1
Ro-154513,CCOC(=O)c1ncn2c1CN(C)C(=O)c1cc(N=[N+]=[N-])ccc1-2
CHEMBL31069,Cc1cc2c(=O)n(-c3ccc(F)cc3)c(C)nc2c(C(=O)O)c1C
CHEMBL14532,COC(=O)c1c(CS(=O)(=O)CCO)nc2ccccc2[n+]1[O-]
CHEMBL25312,COC(=O)C1=C(C)N=C(C)/C(=C(\O)OC)C1c1cccc(C#N)c1
CHEMBL293402,COC(=O)C1=C(C)N=C(C)/C(=C(\O)OC)C1c1ccccc1C#N
CHEMBL35130,N=C(N)Nc1cccc(C(=O)Nc2ccc(CCC(=O)O)cc2)c1
CHEMBL275790,CCOC(=O)Nc1cc2c(c(N)n1)N=C(c1ccc(N)cc1)CN2
CHEMBL417855,CC(=O)OCCN1N=C(c2ccc(-n3ccnc3)cc2)CCC1=O
CHEMBL42476,CCOC(=O)Nc1cc2c(c(N)n1)N=C(c1ccccc1)C(C)O2
CHEMBL34823,COc1ccc(C#CCCC(=O)O)cc1Cc1cnc(N)nc1N
CHEMBL30243,CCn1cc(C(=O)O)c(=O)c2cc(C#N)c(N3CCNCC3)cc21
CHEMBL7249,CC(=O)NCC(C)(C)NCC(O)COC(=O)c1ccccc1F
CHEMBL35165,C#CCOC(=O)Nc1ccc(Cl)c(-c2nc3ccccc3o2)c1
CHEMBL418331,CCCCCOC(=O)CCCNC(=O)Nc1cccc(Cl)c1
CHEMBL66709,CCCCCCC(=O)OCCNC(=O)Nc1cccc(Cl)c1
CHEMBL39398,CCOC(=O)C(N)Cc1nc2ccccc2n1CP(=O)(O)O
CHEMBL39936,Cc1cc2nc(CC(N)C(=O)O)n(CP(=O)(O)O)c2cc1C
CHEMBL58396,O=C(O)c1cc2cc(O)c(O)cc2c(Cc2ccc(O)c(O)c2)n1
CHEMBL56978,O=C(O)c1cc(Cc2ccc(O)c(O)c2)c2cc(O)c(O)cc2n1
CHEMBL59341,COC(=O)C1C(=O)C=C(Nc2ccc(C(F)(F)F)cc2)CC1C
CHEMBL16654,O=C(NCc1ccc(C(F)(F)F)cc1)OCCCc1c[nH]cn1
CHEMBL418172,O=C(NCc1cccc(C(F)(F)F)c1)OCCCc1c[nH]cn1
CHEMBL46032,COc1ccc(Cn2cccc2/C=C/C(=O)CC(=O)C(=O)O)cc1
CHEMBL36920,O=C(O)c1ccccc1NS(=O)(=O)c1ccc2ccccc2c1
FLESTOLOL,CC(C)(CNC(N)=O)NCC(O)COC(=O)c1ccccc1F
CHEMBL47601,Cc1c(N2CCCC2)c(N)cc2c(=O)c(C(=O)O)cn(C3CC3)c12
CHEMBL284449,CCOC(=O)c1ccc(NC(=O)CCc2ccc(OC)cc2)cc1
CHEMBL40831,O=C(O)c1ccc(-c2ccc3c(ccn3Cc3ccccc3)c2)cc1
CHEMBL43142,Cn1c(-c2ccccc2)c(-c2ccc(C(=O)O)cc2)c2ccccc21
CHEMBL16303,O=C(O)C1CC2CC(c3ccc(-c4nn[nH]n4)cc3)CCC2CN1
CHEMBL280943,C=Cc1ccc(C(=O)c2c(SC)cc3n2CCC3C(=O)O)cc1
BENACTYZINE,CCN(CC)CCOC(=O)C(O)(c1ccccc1)c1ccccc1
CHEMBL281949,CCN1CC2(CCN(CCc3c[nH]c4ccccc34)CC2)OC1=O
CHEMBL281460,CCC1NC(=O)OC12CCN(CCc1c[nH]c3ccccc13)CC2
CHEMBL27212,CCC1CN(CCc2c[nH]c3ccccc23)CCC12CNC(=O)O2
CHEMBL284189,Nc1c(CC(=O)[O-])cc(Cl)cc1C(=O)c1ccc(O)cc1.[Na+]
CHEMBL7148,CCOC(=O)c1cc2ccccn2/c(=N/c2ccc(Cl)cc2)n1
CHEMBL66796,CCCCCOC(=O)NCCNC(=O)Nc1cccc(Cl)c1
CHEMBL69744,CCCCCNC(=O)OCCNC(=O)Nc1cccc(Cl)c1
CHEMBL48698,COc1cc(N)c(Cl)cc1NC(=O)OCCN1CCCCC1
CHEMBL47523,O=C([O-])CNCP(=O)([O-])CNC(=O)OCc1ccccc1.[Li+].[Li+]
CHEMBL47552,O=C([O-])CCNP(=O)([O-])CNC(=O)OCc1ccccc1.[Li+].[Li+]
CHEMBL278545,[N-]=[N+]=NC1CCC(N=[N+]=[N-])c2cc(C(=O)CC(=O)C(=O)O)ccc21
CHEMBL11670,COC(=O)Nc1nc2cc(C(=O)Nc3ccc(F)cc3)ccc2[nH]1
CHEMBL306720,COC(=O)n1c2ccccc2c2oc(C(=O)N3CCOCC3)cc21
CHEMBL21172,COC(=O)c1ccc(-c2nc3c(c(=O)n(C)c(=O)n3C)n2C)cc1
CHEMBL290288,N=C(N)Nc1cccc(C(=O)Nc2ccc(OCC(=O)O)cc2)c1
CHEMBL294450,O=C1OC(=O)C(c2c[nH]c3ccccc23)=C1c1c[nH]c2ccccc12
CHEMBL35094,CCCCn1c(=O)[nH]c2[nH]c(-c3ccc(C(=O)O)cc3)nc2c1=O
CHEMBL52890,CC1=C(N2CC2)C(=O)c2c(COC(N)=O)c3n(c2C1=O)CC1NC31
CHEMBL58226,O=C(O)c1cn(C2CC2)c2cc(C3=CCNCC3)c(F)cc2c1=O
CHEMBL293970,NC1C=C(c2cc3c(cc2F)c(=O)c(C(=O)O)cn3C2CC2)CC1
CHEMBL47673,Nc1cc2c(=O)c(C(=O)O)cn(C3CC3)c2cc1N1CCC(N)C1
CHEMBL48099,Nc1cc2c(=O)c(C(=O)O)cn(C3CC3)c2cc1N1CCNCC1
CHEMBL48749,COC(=O)c1ccc(Nc2c3ccccc3nc3ccccc23)cc1
CHEMBL282623,CCOC(=O)CC1CCCN1C(=O)C(=O)c1c[nH]c2ccccc12
CHEMBL290381,COC(=O)c1cccc(CCCn2cnc3c2NC=NCC3O)c1
CHEMBL57622,CCCCc1ncc(/C=C/C(=O)O)n1Cc1ccc(C(=O)O)cc1
CHEMBL22449,CN(CC1CCc2nc(N)nc(O)c2C1)c1ccc(C(=O)O)cc1
CHEMBL286471,CCOC(=O)C1CCCN(C(=O)C(=O)c2c[nH]c3ccccc23)C1
CHEMBL291447,COC(=O)c1ccccc1Nc1c2ccccc2nc2ccccc12
CHEMBL39924,Cc1ccc(C(=O)O)c(CCCn2cnc3c2NC=NCC3O)c1
CHEMBL37071,CCc1ccc(C(=O)O)cc1CCn1cnc2c1NC=NCC2O
CHEMBL37090,CCOC(=O)Cc1cccc(Cn2cnc3c2NC=NCC3O)c1
CHEMBL284751,CCOC(=O)c1ccc(NCCCc2ccccc2[N+](=O)[O-])cc1
CHEMBL39554,CCc1cc(CCn2cnc3c2NC=NCC3O)cc(C(=O)O)c1
CHEMBL75806,Cc1ccc(NC(=O)Nc2ccc(OC(C)(C)C(=O)O)cc2)cc1
CHEMBL290030,COC(=O)c1ccccc1CCCn1cnc2c1NC=NCC2O
CHEMBL288819,Cc1ccc(CCCn2cnc3c2NC=NCC3O)c(C(=O)O)c1
CHEMBL416388,CCOC(=O)c1ccc(NCCCc2ccc([N+](=O)[O-])cc2)cc1
CHEMBL18353,CCOC(=O)Nc1cccc2c1CN(C)CC2c1ccc(F)cc1
CHEMBL40916,CCOC(=O)Nc1cc2c(c(N)n1)N=C(c1ccccc1)CS2
CHEMBL15813,O=C(NN1CCC(c2ccccc2)CC1)OCCCc1c[nH]cn1
CHEMBL39395,CN(C)CCCN1c2ccccc2Sc2ccc(C(=O)O)cc21
CHEMBL405733,CCOC(=O)CNC(=O)c1ncn2c(=O)n(CCCl)nnc12
CHEMBL59364,CCOC(=O)c1cccn1S(=O)(=O)c1c(N)cccc1Cl
CHEMBL299714,CCOC(=O)c1cccn1S(=O)(=O)c1cc(Cl)ccc1N
CHEMBL69495,CCCCCOC(=O)OCCNC(=O)Nc1cccc(Cl)c1
CHEMBL277933,O=NN(CCCl)C(=O)NC(CC(=O)O)C(=O)NCCCl
CHEMBL298219,N#Cc1ccc(NC(=O)C(CC(=O)O)NC(=O)C(F)(F)F)cc1
CHEMBL23570,O=C(O)c1ccccc1Nc1cccc(OC(F)(F)C(F)F)c1
CHEMBL15839,O=C(CC(=O)NC1CCOC1=O)Cc1ccc(C(F)(F)F)cc1
CHEMBL7501,COc1c2c(cc3c(-c4ccccc4F)noc13)CC(C(=O)O)O2
CHEMBL16640,O=C(Nc1ccc(OC(F)(F)F)cc1)OCCCc1c[nH]cn1
CHEMBL43375,O=C(O)c1cn(CCO)c2nc(-c3ccncc3)c(F)cc2c1=O
CHEMBL36851,COc1c(OC)c(OC(C)=O)c2c(C#N)cccc2c1OC(C)=O
CHEMBL263518,O=C(O)c1cn(C2CC2)c2cc(NC3CC3)c([N+](=O)[O-])cc2c1=O
CHEMBL286879,COc1c(OC)c(OC(C)=O)c2cc(C#N)ccc2c1OC(C)=O
CHEMBL293600,Nc1nc(O)c2ncn(OCCCOC(=O)c3ccccc3)c2n1
CHEMBL58513,NC1C=C(c2nc3c(cc2F)c(=O)c(C(=O)O)cn3C2CC2)CC1
CHEMBL58300,O=C(O)c1cn(C2CC2)c2nc(C3=CCNCC3)c(F)cc2c1=O
CHEMBL274897,CCOC(=O)Nc1cc2c(c(N)n1)N=C(c1ccc(F)cc1)CN2
CHEMBL308060,COC(=O)C1=C(C)N=C(C)/C(=C(/O)OC)C1c1ccc(C=O)cc1
CHEMBL56096,Cc1nc(N)nc(O)c1N1CCN(c2ccc(C(=O)O)cc2)CC1
CHEMBL288852,Cn1cnc2c(C(=O)O)cc(-c3ccc(-c4ccccc4)cc3)nc21
CHEMBL416450,CCOC(=O)c1ncn2c1CN(C)C(=O)c1cc(OCC)ccc1-2
CHEMBL308803,CCCOc1nsnc1C1=CCCN(C)C1.O=C(O)C(=O)O
CHEMBL275917,CC(=O)OCn1c([S+]([O-])Cc2ccccn2)nc2ccccc21
CHEMBL277030,COC(=O)c1cccc(C[S+]([O-])c2nc3ccccc3[nH]2)c1N
CHEMBL67935,CNC(=O)OCc1c(COC(=O)NC)c2n(c1C)C[S+]([O-])C2
CHEMBL16836,O=C(O)CCCCCCCNC(=O)c1cc2ccccc2cc1O
CHEMBL18764,COC(=O)c1[nH]c(C(C)(C)C)cc1NC(=O)Nc1ccc(C)cc1
CHEMBL440460,O=C(O)CCCCCCCNC(=O)c1ccc2ccccc2c1O
CHEMBL428839,CCCCCC(O)c1cccc(OCc2cccc(C(=O)O)n2)c1
CHEMBL43944,CC(C)(C)n1cc(C(=O)O)c(=O)c2cc(N)c(N3CCCC3)cc21
CHEMBL31657,O=C(OCC(O)CO)c1ccc(NCCCc2ccccc2)cc1
CHEMBL265237,CSc1cc(CC(=O)O)n(C)c1C(=O)c1ccc(C2CC2)cc1
CHEMBL19729,CCc1ccc(C(=O)c2c(SC)cc3n2CCC3C(=O)O)cc1
CHEMBL21972,CCOC(=O)NS(=O)(=O)Oc1c(C(C)C)cccc1C(C)C
CHEMBL9214,CSc1ccc(C(=O)c2ccc3n2CCCCC3C(=O)O)cc1
CHEMBL32037,Nc1c(CC(=O)[O-])cc(F)cc1C(=O)c1ccc(Cl)cc1.[Na+]
CHEMBL7782,Cc1ccccc1-c1noc2c(Cl)c3c(cc12)CC(C(=O)O)O3
CHEMBL31256,CCOC(=O)c1ccc(NC(=O)/C=C/c2ccc(Cl)cc2)cc1
CHEMBL40011,CC1N=CN(Nc2cccc(Cl)c2)C1c1cccc(C(=O)O)c1
CHEMBL36057,COC(=O)Nc1ccc(Cl)c(-c2nc3cc(C)ccc3n2C)c1
CHEMBL35333,COC(=O)Nc1ccc(Cl)c(-c2nc3ccc(C)cc3n2C)c1
CHEMBL42687,CCOC(=O)c1cnc(C(F)(F)F)nc1NN1C(=O)C=CC1=O
CHEMBL268284,O=C(O)Cn1c(=O)c(=O)[nH]c2cc([N+](=O)[O-])c(-n3cccc3)cc21
CHEMBL268618,CCOC(=O)c1coc(-c2cn(C)c3c2C(=O)C(OC)=CC3=O)n1
CHEMBL285103,Cn1c(=O)c2nc(-c3ccc(OCC(=O)O)cc3)[nH]c2n(C)c1=O
CHEMBL12788,O=C(CNC(=O)OCc1ccccc1)Oc1ccc([N+](=O)[O-])cc1
CHEMBL27961,O=C1CCN(c2cc3c(cc2F)c(=O)c(C(=O)O)cn3C2CC2)C1
CHEMBL17438,CCC(=O)OC1CCn2c1nc1c2C(=O)C(C)=C(NC(C)=O)C1=N
CHEMBL287602,COC(=O)c1ccccc1OCCn1cnc2c1NC=NCC2O
CHEMBL37305,COc1ccc(C(=O)O)cc1CCn1cnc2c1NC=NCC2O
CHEMBL74739,CC(C)(Oc1ccc(NC(=O)Nc2ccc(O)cc2)cc1)C(=O)O
CHEMBL306632,CC(C)(Oc1ccc(NC(=O)Nc2ccccc2O)cc1)C(=O)O
VELNACRINE MALEATE,Nc1c2c(nc3ccccc13)CCCC2O.O=C(O)/C=C\C(=O)O
CHEMBL284779,O=C(O)c1ccc(CO)c(CCn2cnc3c2NC=NCC3O)c1
CHEMBL275698,O=C(O)c1cn(C2CC2)c2cc(C3CCNCC3)c(F)cc2c1=O
CHEMBL35327,NS(=O)(=O)c1ccc(NC(=O)CNCCNCC(=O)O)cc1
CHEMBL36003,NS(=O)(=O)c1cccc(NC(=O)CNCCNCC(=O)O)c1
CHEMBL432282,NS(=O)(=O)c1ccccc1NC(=O)CNCCNCC(=O)O
CHEMBL30887,CCOC(=O)C1=C(C)N=C(C)/C(=C(/O)OCC)C1c1cccnc1
CHEMBL61380,CCOC(=O)c1[nH]c2ccc(OC)c3c2c1C(CNC(C)=O)CC3
CHEMBL24024,CCOC(=O)C1=C(C)N=C(C)/C(=C(\O)OCC)C1c1ccccn1
CHEMBL278719,COC(=O)c1oc(C(C)(C)C)cc1NC(=O)Nc1ccc(C)cc1
CHEMBL285279,COc1ccc(CCCCC(=O)O)cc1Cc1cnc(N)nc1N
CHEMBL63289,CCOC(=O)N1CCN(c2nc3ccsc3n3cccc23)CC1
CHEMBL302054,Cc1cc(CC(C(=O)O)c2cn(CCCC(C)C)cn2)cnc1N
CHEMBL413549,CCCCCCNC(=O)Oc1ccc2c(c1)C1CCN(CC)C2C1
CHEMBL64529,CCCCCCCNC(=O)Oc1ccc2c(c1)C1CCN(C)C2C1
FUROSEMIDE,NS(=O)(=O)c1cc(C(=O)O)c(NCc2ccco2)cc1Cl
CHEMBL35049,CCOC(=O)Nc1ccc(Cl)c(-c2nc3cc(C)ccc3o2)c1
CHEMBL269523,CC(C)(C)NCC(O)COC(=O)c1ccc([N+](=O)[O-])cc1Cl
CHEMBL294664,O=C(O)CN1C(=O)C(=O)N(Cc2ccc(Cl)cc2Cl)C1=O
CHEMBL57570,O=C(O)CN1C(=O)C(=O)N(Cc2ccc(Cl)c(Cl)c2)C1=O
CHEMBL42876,O=C(O)c1cn(CCF)c2nc(-c3ccncc3)c(F)cc2c1=O
CHEMBL68807,CCn1cc(C(=O)O)c(=O)c2cc(F)c(-n3ccnc3)c(OC)c21
CHEMBL28016,NC(C/C=C(\c1ccsc1)c1ccc(F)cc1F)C(=O)[O-].[Na+]
CHEMBL299564,COC1=C(C)C(=O)c2c(c(COC(N)=O)c3n2CC2C3N2C)C1=O
CHEMBL275891,CCC(=O)OC1CCn2c1nc1c2C(=O)C(C)=C(NC(C)=O)C1=O
CHEMBL289555,Cc1c(-c2ccc3ccccc3c2)nc2ccc(F)cc2c1C(=O)O
CHEMBL286123,C=Cn1cc(C(=O)O)c(=O)c2cc(F)c(N3CCN(C)CC3)cc21
CHEMBL64070,NC1CCN(c2ccc3c(=O)c(C(=O)O)cn(C4CC4)c3c2F)C1
CHEMBL19927,CC1C(N)CN1c1cc2c(cc1F)c(=O)c(C(=O)O)cn2C1CC1
CHEMBL61334,NC1CCN(c2cc(F)c3c(=O)c(C(=O)O)cn(C4CC4)c3c2)C1
CHEMBL43638,Cc1c(-c2cccc3ccccc23)nc2ccc(F)cc2c1C(=O)O
CHEMBL15087,NC1CCN(c2cc3c(cc2F)c(=O)c(C(=O)O)cn3C2CC2)C1
CIPROFLOXACIN,O=C(O)c1cn(C2CC2)c2cc(N3CCNCC3)c(F)cc2c1=O
CHEMBL276878,COC(=O)Nc1nc2cc(C(=O)Nc3ncc(C)s3)ccc2[nH]1
CHEMBL27323,C/C(=C\C(=O)Nc1ccccc1C(=O)O)c1ccc2ccccc2c1
CHEMBL305316,COC(=O)C1=C(C)N=C(C)/C(=C(\O)OC)C1c1ccccc1OC
CHEMBL8891,O=C(c1ccc(-c2ccccc2)cc1)c1ccc2n1CCC2C(=O)O
CHEMBL56888,COc1cc(NC(=O)/C(C)=C/C=C/C(C)=C/C(=O)O)cc(OC)c1
CHEMBL73975,COC(=O)C1=C(C)N=C(C)/C(=C(/O)OC)C1c1ccc(N)c(N)c1
CHEMBL294764,COC(=O)C1=C(C)N=C(C)/C(=C(\O)OC)C1c1cccc(OC)c1
CHEMBL16980,O=C(O)CCCCCCCNC(=O)c1cc2ccccc2oc1=O
CHEMBL48353,Cc1ccc(C)c2oc(-c3ccc(-c4ccc(C(=O)O)cc4)[nH]3)cc12
CHEMBL68348,COc1ccc2c(c1)[nH]c(=O)n2C(=O)OC1CC2CCC(C1)N2C
CHEMBL293097,COC(=O)c1c(-c2ccccc2)nc2c(c1N)c1ccccc1n2C
CHEMBL268262,COC(=O)c1cc2c3cc(NCc4ccccc4)ccc3nc-2c[nH]1
CHEMBL29958,CC(C)c1ccc(/C(=C\CC(N)C(=O)[O-])c2ccccc2)cc1.[Na+]
CHEMBL8941,C[S+]([O-])c1ccc(C(=O)c2ccc3n2CCCC3C(=O)O)cc1
CHEMBL19478,COc1ccc(C(=O)c2c(SC)cc3n2CCC3C(=O)O)cc1
CHEMBL46291,Nc1cc2c(=O)c(C(=O)O)cn(C3CC3)c2cc1N1CCSC1
CHEMBL38669,O=C(O)c1cc(-c2ccc(-c3ccccc3)cc2)nc2sccc12
CHEMBL74358,CCSc1nsnc1C1=CCCN(C)C1.O=C(O)C(=O)O
CHEMBL44708,CC(C)(C)Nc1cc2c(cc1N)c(=O)c(C(=O)O)cn2C(C)(C)C
CHEMBL42945,Cn1c(-c2ccccc2)c(C2=CCC(C(=O)O)CC2)c2ccccc21
CHEMBL31984,CCOC(=O)c1ccc(NCc2ccc(-c3ccccc3)cc2)cc1
CHEMBL279082,CCCc1ccc(C(=O)c2c(SC)cc(CC(=O)O)n2C)cc1
CHEMBL443780,CCN(CC)CCOC(=O)C(C)(c1ccccc1)C1CCCCC1
CHEMBL285440,CN(C)CCCCOC(=O)C(C)(c1ccccc1)C1CCCCC1
TQX-173,O=C(O)c1nc2c(O)nc3cc(Cl)c(-n4cnnc4)cc3n2n1
CHEMBL13997,O=C(O)CN1C(=O)c2cccc3cc(C(=O)CCl)cc(c23)C1=O
CHEMBL7974,O=C(O)C1Cc2cc3c(-c4ccc(O)cc4)noc3c(Cl)c2O1
CHEMBL299873,O=C(/C=C/c1cccn1Cc1ccc(Cl)cc1)CC(=O)C(=O)O
CHEMBL307484,Nc1c(C(=O)CCC(=O)O)cccc1C(=O)c1ccc(Cl)cc1
CHEMBL40341,COC(=O)c1cc2c(cc1Cl)N(C(=O)Nc1cccnc1)CC2
CHEMBL18732,COC(=O)c1cc(OCc2cccc(Cl)c2)ccc1OCC#N
CHEMBL417849,CCOC(=O)c1ccc(NC(=O)CCc2ccc(Cl)cc2)cc1
CHEMBL32403,O=C(O)c1ccc(NCCCCCCc2ccc(Cl)cc2)cc1
CHEMBL292129,COC(=O)C1C2CC3CCC1N3C/C2=C\c1ccc(C)c(Cl)c1
CHEMBL32458,CCOC(=O)c1ccc(N(C)CCCc2ccc(Cl)cc2)cc1
CHEMBL31759,CCOC(=O)Cc1ccc(NCCCc2ccc(Cl)cc2)cc1
CHEMBL57320,CC(=O)OCC1C2CC3CCC1N3C/C2=C\c1cccc(Cl)c1
CHEMBL62196,CCN(C)C(=O)Oc1nsnc1-c1c(Cl)cccc1Cl
CHEMBL21284,CCCC#Cc1noc(C2CN=CNC2)n1.O=C(O)C(F)(F)F
CHEMBL285253,O=C([O-])c1cccc(C#CCn2cnc3c2NC=NCC3O)c1.[Na+]
CHEMBL296769,CN(CC(=O)O)C(=O)CCc1nc2c(F)c(F)cc(F)c2s1
CHEMBL277340,O=C(O)c1cn2c3c(nc(O)c2n1)-c1ccccc1C3n1cccc1
CHEMBL276583,NC1CCN(c2nc3c(cc2F)c(=O)c(C(=O)O)cn3C2CC2)C1
CHEMBL283156,CCn1cc(C(=O)O)c(=O)c2cc(F)c(C3=NC(C)(C)CO3)cc21
CHEMBL412431,C=Cn1cc(C(=O)O)c(=O)c2cc(F)c(N3CCC(NC)C3)nc21
CHEMBL418569,O=C(O)c1cn(C2CC2)c2cc(N3CCOCC3)c(F)cc2c1=O
CHEMBL283750,CC1C(N)CN1c1nc2c(cc1F)c(=O)c(C(=O)O)cn2C1CC1
CHEMBL39694,O=C(O)c1c(F)cccc1CCCn1cnc2c1NC=NCC2O
CHEMBL61949,O=C(O)c1cn(C2CC2)c2nc(N3CCNCC3)c(F)cc2c1=O
CHEMBL65813,CCCCN1C(=O)c2ccccc2C(CC(=O)NC(=O)OC)C1=O
CHEMBL42235,CCOC(=O)c1cnc(C(C)(C)C)nc1NN1C(=O)C=C(C)C1=O
CHEMBL61618,O=C(O)/C=C\C(=O)O.c1ccc(COCCCc2c[nH]cn2)cc1
CHEMBL288420,O=C(O)c1ccc2c(c1)/C(=C\Cn1ccnc1)c1ccccc1CO2
CHEMBL37696,COc1ccc(OCCCC(=O)O)cc1Cc1cnc(N)nc1N
CHEMBL28570,CC(C)c1ccc(/C(=C\CC(N)C(=O)[O-])c2cccnc2)cc1.[Na+]
CHEMBL31293,CC1=C(C(=O)O)N2C(=O)C(NC(=O)Cc3ccccc3)C2SC1
CHEMBL65392,COc1ccc(C2(C#N)CCN(CC(=O)O)CC2)cc1OC(C)C
CHEMBL274192,O=C(O)CCNC(=O)N1CCC2(CC1)CCN(c1ccncc1)C2
CHEMBL289868,CC(C)(C)NCC(O)CON=C1CCCCC1.O=C(O)C(=O)O
CHEMBL19148,COC(=O)c1sc(C(C)(C)C)cc1NC(=O)Nc1ccccc1
CHEMBL18848,COC(=O)c1sc(C(C)C)cc1NC(=O)Nc1ccc(C)cc1
CHEMBL70482,CCC(=O)N(c1ccccc1)C1CCN(CCCC(=O)OC)CC1
CHEMBL302201,CCC(=O)OC(c1cccc(O)c1)C1C2CN(C)CC1CN(C)C2
CHEMBL284343,COC(=O)Nc1ccc(Cl)c(-c2nc3c(C)cccc3s2)c1
CHEMBL35964,COC(=O)Nc1ccc(Cl)c(-c2nc3ccc(C)cc3s2)c1
CHEMBL38204,CC(=O)OCCOCn1cc(/C=C/Br)c(=O)[nH]c1=O
CHEMBL309098,CCn1cc(C(=O)O)c(=O)c2cc(F)c(-n3cnc(C)c3)c(F)c21
CHEMBL306867,CCn1cc(C(=O)O)c(=O)c2cc(F)c(-n3ccnc3C)c(F)c21
CHEMBL18374,COC1=C(C)C(=O)c2c(c(COC(N)=O)c3n2CC/C3=N\O)C1=O
3-OXO-1-PIPERAZINYL-NORFLOXACIN,CCn1cc(C(=O)O)c(=O)c2cc(F)c(N3CCNC(=O)C3)cc21
CHEMBL431546,NS(=O)(=O)c1ccc(C2=C(c3ccc(F)cc3)C(=O)OC2)cc1
CHEMBL15335,CC(C)n1cc(C(=O)O)c(=O)c2cc(F)c(N3CCC(N)C3)cc21
CHEMBL273347,CC(C)n1cc(C(=O)O)c(=O)c2cc(F)c(N3CCNCC3)cc21
CHEMBL18771,COC(=O)c1[nH]c(C(C)(C)C)cc1NC(=O)Nc1ccc(F)cc1
CHEMBL16292,CCn1cc(C(=O)O)c(=O)c2c(C)c(F)c(N3CCC(N)C3)cc21
CHEMBL274050,CCn1cc(C(=O)O)c(=O)c2cc(F)c(N3CCNC(C)C3)cc21
CHEMBL283890,CCn1cc(C(=O)OC)c(=O)c2cc(F)c(N3CCNCC3)cc21
CHEMBL15815,CCn1cc(C(=O)O)c(=O)c2c(C)c(F)c(N3CCNCC3)cc21
CHEMBL9362,CS(=O)(=O)c1ccc(C(=O)c2ccc3n2CCC3C(=O)O)cc1
PEFLOXACIN,CCn1cc(C(=O)O)c(=O)c2cc(F)c(N3CCN(C)CC3)cc21
CHEMBL37943,CCC(O)(C(=O)OCC1=CC[N+]2([O-])CCC(O)C12)c1ccccc1
CHEMBL285221,CCOC(=O)C1Cc2ccccc2N1C(=O)C(C)CC(C)C(=O)O
CHEMBL443252,O=C(O)c1ccc(NCc2ccc(OCc3ccccc3)cc2)cc1
CHEMBL60354,CC(=O)OCCOc1cc2c([nH]c3ccccc32)c(C)c2cccc1-2
CHEMBL65903,CC(C)C(CNO)C(=O)NC(Cc1c[nH]c2ccccc12)C(=O)O
CHEMBL33083,CC(=O)OC1=C(c2ccccc2)Sc2ccccc2-n2cccc21
CHEMBL19411,CCOc1ccc(C(=O)c2c(SC)cc(CC(=O)O)n2C)cc1
CHEMBL41778,O=C(O)c1ccc(-c2ccc3c(ccn3CC3CCCCC3)c2)cc1
CHEMBL37315,CC(C)OC(=O)Cc1cccc2cc(C(O)CNC(C)(C)C)oc12
CHEMBL53935,CCOC(=O)c1oc2cccc(OCCCNC(C)(C)C)c2c1C
CHEMBL58485,COC(=O)C1C2CC3CCC1N3C/C2=C\c1ccc2ccccc2c1
CHEMBL58942,COC(=O)C1C2CC3CCC1N3C/C2=C\c1cccc2ccccc12
CHEMBL56766,CCN(CC)C(=S)SS(=O)(=O)c1ccccc1C(=O)O
CHEMBL38308,NC(Cc1nc2cccc(Cl)c2n1CP(=O)(O)O)C(=O)O
CHEMBL39524,NC(Cc1nc2ccc(Cl)cc2n1CP(=O)(O)O)C(=O)O
CHEMBL36825,NC(Cc1nc2c(Cl)cccc2n1CP(=O)(O)O)C(=O)O
CHEMBL268891,O=C(O)C1Cc2cc3c(-c4ccccc4F)noc3c(Cl)c2O1
CHEMBL7340,O=C(O)C1Cc2cc3c(-c4ccc(F)cc4)noc3c(Cl)c2O1
CHEMBL7785,O=C(O)C1Cc2cc3c(-c4cccc(F)c4)noc3c(Cl)c2O1
CHEMBL306496,CC(C)(Oc1ccc(NC(=O)c2ccc(Cl)cc2)cc1)C(=O)O
CHEMBL31579,O=C(O)c1ccc(C(=O)O)c(NCCCc2ccc(Cl)cc2)c1
CHEMBL19039,CN1C2CCCC1CC(OC(=O)c1cc(Cl)cc3[nH]cnc13)C2
CHEMBL33129,O=C(CNC(=O)c1ccccc1)Oc1ccc(Br)cc1
CHEMBL8991,O=C(c1ccc(Br)cc1)c1ccc2n1CCC2C(=O)O
CHEMBL57457,O=C(CBr)Nc1ccc(-c2ccc(C(=O)O)cc2)cc1
CHEMBL414406,O=C(O)c1ccc(NCCCc2cccc(Br)c2)cc1
CHEMBL289049,CCNC(=O)OCc1c2c(n3c1C(O)CC3)C(=O)C=C(OC)C2=O
CHEMBL14201,COc1cc(Cc2cnc(N)nc2N)cc(OCC(=O)O)c1OC
CHEMBL39649,CCn1cc(C(=O)O)c(=O)c2cc(F)c(N3CCC(N)CC3)nc21
CHEMBL49182,NS(=O)(=O)c1ccc(C(=O)NC(C(=O)O)c2ccccc2)cc1
CHEMBL15393,CCn1cc(C(=O)O)c(=O)c2c(N)c(F)c(N3CCNCC3)cc21
AMIFLOXACIN,CNn1cc(C(=O)O)c(=O)c2cc(F)c(N3CCN(C)CC3)cc21
CHEMBL38026,CCn1cc(C(=O)O)c(=O)c2cc(F)c(N3CCCC(N)C3)nc21
CHEMBL26153,CCn1cc(C(=O)O)c(=O)c2cc(F)c(N3CCC(O)CC3)cc21
CHEMBL288250,CCn1cc(C(=O)O)c(=O)c2cc(F)c(N3CCC(NC)C3)nc21
CHEMBL41702,CCn1cc(C(=O)O)c(=O)c2cc(F)c(N3CCN(C)CC3)nc21
CHEMBL27095,O=C1NCC2(CCN(CC(O)C3COc4ccccc4O3)CC2)O1
CHEMBL289789,COC(=O)CCSc1ccc(C(=O)Nc2ccc(F)cc2)cn1
CHEMBL39988,O=C(O)CCCSc1ccc(C(=O)Nc2ccc(F)cc2)cn1
CHEMBL23280,COC(=O)c1cccc2c1c1c3c(cc4c1n2C(=O)CC4)CNCC3
CHEMBL58380,CCCn1c(=O)c2nc(C3CCC3C(=O)O)[nH]c2n(CCC)c1=O
CHEMBL22899,COC(=O)c1ccc2c3c4c(cc5c3n(c2c1)C(=O)CC5)CNCC4
CHEMBL23037,COC(=O)c1ccc2c(c1)c1c3c(cc4c1n2C(=O)CC4)CCNC3
CHEMBL23945,COC(=O)c1ccc2c(c1)c1c3c(cc4c1n2C(=O)CC4)CNCC3
CHEMBL42878,CC(C)(C)Nc1cc2c(cc1F)c(=O)c(C(=O)O)cn2C(C)(C)C
CHEMBL41839,CC(C)NCC(O)CON=C(C(C)C)C(C)C.O=C(O)C(=O)O
CHEMBL54249,CCOC(=O)C(C)(OC(C)=O)c1cc(C)c(/N=C/N(C)C)c(C)c1
CHEMBL68107,CC(=O)[O-].Cc1ccc2[nH]c3c(C)c4cc[n+](C)cc4c(C)c3c2c1
CHEMBL73504,COC(=O)C(CCn1ccnc1C)(c1ccccc1)c1ccccc1
CHEMBL62840,CCOC(=O)N1CCN(CCCOc2ccc(C(C)=O)cc2)CC1
CHEMBL36636,O=C(O)c1cc(CCn2cnc3c2NC=NCC3O)ccc1Cl
CHEMBL66653,COC(=O)NC(=O)CC1C(=O)N(C)C(=O)c2ccc([N+](=O)[O-])cc21
CHEMBL61803,COC1=C(C)C(=O)c2c(c(COC(N)=O)c3n2CC(N)C3O)C1=O
CHEMBL73739,COC(=O)CO/N=C1\c2ccccc2-n2c1nc1ccccc1c2=O
CHEMBL64934,O=C(O)C(=O)N(c1ccccc1C(=O)O)c1cccc2ccccc12
CHEMBL285941,CCn1cc(C(=O)O)c(=O)c2cc(F)c(N3CCC(O)CC3)nc21
CHEMBL13149,CNn1cc(C(=O)O)c(=O)c2cc(F)c(N3CCC(O)CC3)cc21
CHEMBL290736,CCn1cc(C(=O)O)c(=O)c2cc(F)c(N3CCC(NN)C3)nc21
7-ACETYLAMINOETHYL-AMINO-FLUOROQUINONE,CCn1cc(C(=O)O)c(=O)c2cc(F)c(NCCNC(C)=O)cc21
CHEMBL13264,CNn1cc(C(=O)O)c(=O)c2cc(F)c(N3CCCC(O)C3)cc21
CHEMBL39237,CCn1cc(C(=O)O)c(=O)c2cc(F)c(N3CCCC(O)C3)nc21
CHEMBL41919,CCOC1CN(c2nc3c(cc2F)c(=O)c(C(=O)O)cn3CC)C1
CHEMBL40703,CC(=O)Oc1ccc2c(c1)CCn1c-2cc2ccc(OC(C)=O)cc21
CHEMBL285624,COC(=O)C(=O)Nc1cccc(OCc2ccc3ccccc3c2)c1
CHEMBL290593,CC(=O)Oc1ccc2c(c1)CCn1c-2cc2cc(OC(C)=O)ccc21
CHEMBL420747,Cc1cc(Oc2ccc(C(=N)N)cc2)nc2cc(CC(=O)O)ccc12
CHEMBL287197,O=C(CNC(=O)OCc1ccccc1)Oc1cccc2ccccc12
SULOTROBAN,O=C(O)COc1ccc(CCNS(=O)(=O)c2ccccc2)cc1
CHEMBL26078,CCCOC(=O)c1ccc(-c2ccc(OS(N)(=O)=O)cc2)cc1
CHEMBL39925,CCOC(=O)C1=C(C)NC(SC)=NC1c1cccc([N+](=O)[O-])c1
CHEMBL53849,CCOC(=O)c1oc2cccc(OCC(O)CNC(C)C)c2c1C
CHEMBL288893,CCCC(CCC)n1ccc2cc(-c3ccc(C(=O)O)cc3)ccc21
CHEMBL294733,COC(=O)C1C(c2cccc(-c3ccccc3)c2)CC2CCC1N2C
CHEMBL38686,O=C(O)C1CCCN(CCC=C(c2ccccc2)c2ccccc2)C1
CHEMBL17672,CC(C)=CCOC1(C(F)(F)F)OC(=O)Nc2ccc(Cl)cc21
CHEMBL417090,CC1=C(N2CC2)C(=O)c2nc3n(c2C1=O)CCC3OC(=O)CCl
CHEMBL63260,COC(=O)C1=C(C)N=C(C)/C(=C(\O)OC)C1c1ccc(Cl)cc1
CHEMBL38597,COC(=O)C1=C(C)N=C(C)/C(=C(/O)OC)C1c1cccc(Cl)c1
CHEMBL63997,COC(=O)C1=C(C)N=C(C)/C(=C(\O)OC)C1c1ccccc1Cl
CHEMBL443491,CSc1cc2n(c1C(=O)c1ccc(Cl)cc1)CCC2C(=O)O
CHEMBL75858,O=C([O-])Cc1ccccc1Nc1c(Cl)cc(F)cc1Cl.[Na+]
CHEMBL17518,O=C1Nc2ccc(F)cc2C(C#Cc2cccnc2)(C(F)(F)F)O1
CHEMBL430420,O=C1NC(=O)C2C1C(C(=O)O)C1C3C(=O)NC(=O)C3C1C2C(=O)O
CHEMBL44059,CC(C)(C)Cc1onc(OCP(=O)(O)O)c1CC(N)C(=O)O
CHEMBL431508,O=C(O)c1ccc2ccc(/C=C/c3ccc([N+](=O)[O-])cc3)nc2c1O
CHEMBL431382,CCc1c([N+](=O)[O-])cc2nc(O)c(O)nc2c1CN(C)CC(=O)O
CHEMBL21565,CCC(C)Cc1noc(C2CN=CNC2)n1.O=C(O)C(F)(F)F
CHEMBL39127,CCn1cc(C(=O)O)c(=O)c2cc(F)c(N3CC(N)C(O)C3)nc21
CHEMBL286389,O=C(O)CN(c1ccccc1)S(=O)(=O)c1cccc([N+](=O)[O-])c1
CHEMBL37003,O=C(O)CN(c1ccccc1)S(=O)(=O)c1ccc([N+](=O)[O-])cc1
CHEMBL290157,O=C([O-])Cc1cccc(CCn2cnc3c2NC=NCC3O)c1.[Na+]
CHEMBL39430,O=C([O-])c1ccccc1CCCn1cnc2c1NC=NCC2O.[Na+]
CHEMBL34976,O=C(O)CN(c1ccccc1)S(=O)(=O)c1ccccc1[N+](=O)[O-]
CHEMBL431512,O=C([O-])c1cccc(CCCn2cnc3c2NC=NCC3O)c1.[Na+]
CHEMBL23303,CCOC(=O)C1(C)C(=O)Nc2cc3[nH]c(-c4ccncc4)nc3cc21
CHEMBL33109,COC(=O)C(=O)Nc1cccc(OCc2ccc3ccccc3n2)c1
CHEMBL24740,COc1ccccc1OCC(O)CN1CCC2(CC1)CNC(=O)O2
CHEMBL51901,CCOC(=O)c1cc(Nc2ccccc2C)c2cccc(OC)c2n1
ELLIPTINIUM ACETATE,CC(=O)[O-].Cc1c2cc[n+](C)cc2c(C)c2c1[nH]c1ccc(O)cc12
CHEMBL290862,CCOC(=O)c1c(NC(=O)C2CC2)sc2c1CCN(C(C)=O)C2
CHEMBL9159,CCOC(=O)c1cc2c3cc([N+](=O)[O-])c(Cl)cc3nc(O)n2n1
CHEMBL44121,COC(=O)c1cc2c([nH]c3ccccc32)c(-c2ccccc2Cl)n1
CHEMBL63169,COC(=O)c1sccc1S(=O)(=O)Nc1onc(C)c1Cl
CHEMBL35582,COC(=O)Nc1ccc(Cl)c(-c2nc3cc(Cl)ccc3o2)c1
CHEMBL47189,O=C(O)c1ccc2sc(Cn3ccnc3)c(Br)c2c1
CHEMBL17919,CC(C)=CCOC1(C(F)(F)F)OC(=O)Nc2ccc(F)c(F)c21
CHEMBL73611,Nc1ccn(C2CSC(COP(=O)(O)C(=O)O)O2)c(=O)n1
CHEMBL66920,O=C(O)Cc1ccc(=O)n(Cc2nc3cc(F)cc(F)c3s2)n1
CHEMBL44717,O=C(O)Cc1cccc(Cc2nc3c(F)c(F)cc(F)c3s2)c1
CHEMBL19793,CCn1cc(C(=O)O)c(=O)c2cc(F)c(N3CC(N)C3C)c(F)c21
CHEMBL51579,COC(=O)CCC(=O)Nc1cccc2c1C(=O)C(=O)c1ccccc1-2
CHEMBL40170,COc1cc(/C=C/c2ccc3ccc(C(=O)O)c(O)c3n2)ccc1O
CHEMBL36585,COC(=O)c1ccc2ccc(/C=C/c3ccc(O)c(O)c3)nc2c1O
CHEMBL51781,COC(=O)CCC(=O)Nc1ccc2c(c1)-c1ccccc1C(=O)C2=O
CHEMBL277523,CCn1cc(C(=O)O)c(=O)c2cc(F)c(N3CCNCC3)c(F)c21
CHEMBL37139,COc1ccc(/C=C/c2ccc3ccc(C(=O)O)c(O)c3n2)cc1O
CHEMBL277099,CCn1cc(C(=O)O)c(=O)c2cc(F)c(N3CCC(N)C3)c(F)c21
CHEMBL294916,COC(=O)N1Cc2c(-c3noc(C4CC4)n3)ncn2-c2ccccc21
CHEMBL277921,O=C(O)Cc1nn(-c2nc3ccccc3s2)c(=O)c2ccccc12
CHEMBL22182,CC(=O)Oc1ccc(-c2nc(-c3ccc(N=C=S)cc3)no2)cc1
CHEMBL282343,CCOC(=O)CN(CC(=O)OCC)c1ccc(C(=O)OCC)cc1
CHEMBL28511,CSc1ccc(C(=O)c2cc(C)cc(CC(=O)[O-])c2N)cc1.[Na+]
CHEMBL18471,O=C(O)CCCOc1cccc(OCc2ccc3ccccc3n2)c1
CHEMBL32228,CC(=O)Oc1ccc(-c2c(C)c3cc(OC(C)=O)ccc3n2C)cc1
CHEMBL58757,C#Cc1ccc2c(c1)C(=O)N(C)Cc1c(C(=O)OC(C)(C)C)ncn1-2
CHEMBL417327,N#C/C(=C\c1ccc(O)c(O)c1)C(=O)OCCCCc1ccccc1
CHEMBL12750,CNn1cc(C(=O)O)c(=O)c2cc(F)c(N3CCSCC3)cc21
CHEMBL65971,CN1CC(c2cccc(OCc3nc4ccccc4n3C)c2)OC1=O
CHEMBL277292,O=C(O)CCCOc1ccc(OCc2ccc3ccccc3n2)cc1
CHEMBL416057,Cc1c(-c2ccc(C(C)(C)C)cc2)nc2ccc(F)cc2c1C(=O)O
CHEMBL39167,Cc1c(CCCCc2ccccc2)nc2ccc(F)cc2c1C(=O)O
CHEMBL30156,CCCSc1ccc2nc(NC(=O)OC)n(C(=O)OCC)c2c1
CHEMBL30017,CCCSc1ccc2c(c1)nc(NC(=O)OC)n2C(=O)OCC
CHEMBL285370,CC(C)c1ccc(/C(=C\CC(N)C(=O)[O-])c2ccsc2)cc1.[Na+]
CHEMBL294345,CN(C)CCC/C=C1/c2ccccc2COc2ccc(C(=O)O)cc21
QUINUCLIDINYL BENZILATE,O=C(OC1CN2CCC1CC2)C(O)(c1ccccc1)c1ccccc1
CHEMBL50920,CC(=O)Oc1cc(C)cc(C)c1/C=C\C(=O)N(C)Cc1ccccc1
CHEMBL295715,CC(=O)Oc1c(C)ccc(C)c1/C=C\C(=O)N(C)Cc1ccccc1
CHEMBL304042,CN(C)CCC/C=C1\c2ccccc2COc2ccc(C(=O)O)cc21
CHEMBL293677,CC(C)NC(=O)OCc1cn2c(c1COC(=O)NC(C)C)CCC2
CHEMBL65699,CN(C)CC/C=C1\c2ccccc2COc2ccc(CC(=O)O)cc21
CHEMBL311281,CC1(C)CCC(C)(C)c2cc(CNc3ccc(C(=O)O)cc3)ccc21
CHEMBL36889,CN1CCC(C)(OC(=O)c2ccccc2CCc2ccccc2)CC1
CHEMBL17644,CC(C)CCOC1(C(F)(F)F)OC(=O)Nc2ccc(Cl)cc21
CHEMBL44078,Cc1cccc(N(C)c2cc(Cl)nc(SCC(=O)O)n2)c1C
CHEMBL45951,CCC(Oc1ccc(Cl)cc1)C(=O)OC1CC2CCC(C1)N2C
CHEMBL24390,O=C(O)COc1ccc2c(-c3ccccc3Cl)noc2c1Cl
CHEMBL60534,COC(=O)C1C(=O)C=C(Nc2ccc(Br)cc2)CC1C
CHEMBL21530,CCOCCc1noc(C2CN=CNC2)n1.O=C(O)C(F)(F)F
CHEMBL36860,O=C([O-])c1cccc(OCCn2cnc3c2NC=NCC3O)c1.[Na+]
CHEMBL288414,O=C([O-])c1ccccc1OCCn1cnc2c1NC=NCC2O.[Na+]
CHEMBL291131,O=C(O)c1cn(CCF)c2nc(N3CCNCC3)c(F)cc2c1=O
CHEMBL288879,NC1CCN(c2nc3c(cc2F)c(=O)c(C(=O)O)cn3CCF)C1
CHEMBL25504,CNC(=O)Cc1cccc2c1Cc1c-2nc(O)c2nc(C(=O)O)cn12
CHEMBL30993,Cc1ccc(CN2C(=O)C(C(C#N)C(=O)O)c3cc(F)ccc32)cc1
CHEMBL78292,CO/N=C(/C(=O)NC1C=C(CC(=O)O)C(=O)C1)c1csc(N)n1
CHEMBL42893,CCOC(=O)Nc1cc2c(c(N)n1)N=C1Cc3ccccc3CC1O2
CHEMBL289251,Cc1cc(/C=C/C(=O)O)ccc1NC(=O)c1cccc(NC(=N)N)c1
CHEMBL37600,N=C(N)Nc1cccc(C(=O)Nc2ccc(C3CC3C(=O)O)cc2)c1
CHEMBL277941,CC(C)(Cc1cnc2nc(N)nc(N)c2n1)c1ccc(C(=O)O)cc1
CHEMBL20254,CCC(Cc1cnc2nc(N)nc(N)c2n1)c1ccc(C(=O)O)cc1
CHEMBL418228,Cc1cc(NC(=O)c2cccc(NC(=N)N)c2)ccc1/C=C/C(=O)O
CHEMBL35113,NS(=O)(=O)c1nnc(NC(=O)CNCCNCC(=O)O)s1
CHEMBL279815,CC(=O)NCC1CN(c2ccc(C(C)=O)c([S+](C)[O-])c2)C(=O)O1
CHEMBL40218,CCOC(=O)c1c(NC(=O)C(C)C)sc2c1CCN(C(C)=O)C2
CHEMBL18569,CCCCOC(=O)Nc1cccc2c1CN(C)CC2c1ccccc1
CHEMBL62973,CCOC(=O)NC(=O)CC1C(=O)N(C)C(=O)c2ccc(Cl)cc21
CHEMBL23971,O=C(O)c1ccccc1Nc1cccc(I)c1
CHEMBL290555,O=C(O)CC1CCc2cc(Br)cc3[nH]c(=O)c(=O)n1c23
CHEMBL37496,C=CCn1c(=O)n(CC(=O)O)c(=O)c2cc(Br)ccc21
CHEMBL308336,O=C([O-])c1ccc[n+](CCOC(=O)c2cc(Br)c[nH]2)c1
CHEMBL37869,O=C(O)c1ccc2ccc(/C=C/c3cc(O)c(O)c(O)c3)nc2c1O
CHEMBL58891,COC(=O)CCc1cn(C2CC(N=[N+]=[N-])C(CO)O2)c(=O)[nH]c1=O
CHEMBL433424,O=C(O)Cc1cn2c3c(nc(O)c2n1)-c1cccc(CC(=O)O)c1C3
CHEMBL14519,CNC(=O)Nc1ccc2c(c1)Cc1c-2nc(O)c2nc(C(=O)O)cn12
CHEMBL29023,Cc1ccc(/C(=C\CC(N)C(=O)[O-])c2ccc(F)cc2F)cc1.[Na+]
CHEMBL37180,COc1ccccc1CCOC(=O)/C(C#N)=C/c1ccc(O)c(O)c1
CHEMBL72994,NC(=O)OC1=C(OC(N)=O)C(c2ccccc2)NC1c1ccccc1
CHEMBL301161,CCOC(=O)C(=O)CC(=O)/C=C/c1cccn1Cc1ccc(C)cc1
CHEMBL47606,Cc1ccc(-c2cc(C(=O)O)cc(-c3ccc4ccccc4c3)n2)cc1
CHEMBL31335,CCOC(=O)C(C)(C)NCC(O)COc1ccccc1C(=O)OC
CHEMBL39448,Cc1c(-c2ccc(-c3ccccc3)cc2)nc2ccccc2c1C(=O)O
CHEMBL294239,COCC(C(=O)Oc1c(OC)cccc1OC)N1CCCOCC1
CHEMBL422213,CCOC(=O)Nc1cc2c(c(N)n1)N=C(c1ccc(C)cc1C)CN2
CHEMBL9668,CCOC(=O)Nc1cc2c(c(N)n1)N=C(c1ccc(C)c(C)c1)CN2
CHEMBL441973,CCOC(=O)C(=O)Nc1cc(N2CCc3ccccc3C2)cc(C)n1
CHEMBL289432,O=C(O)CCNC(=O)C1CCCN(C(=O)CCC2CCNCC2)C1
CHEMBL26290,CCOC(=O)c1ccc(/C=C(C)/C=C/C2=C(C)CCCC2(C)C)cn1
CHEMBL294651,CCCc1c2nccc(Cl)c2cc2c(=O)cc(C(=O)[O-])oc12.[Na+]
CHEMBL14258,COc1oc(=O)c2cc(NC(=O)CCCC(=O)O)ccc2c1Cl
CHEMBL14457,COC(=O)CCC(=O)Nc1ccc2c(Cl)c(OC)oc(=O)c2c1
CHEMBL39650,CCn1cc(C(=O)O)c(=O)c2cc(F)c(N3CCC(Cl)C3)nc21
CHEMBL16191,O=C(CC(=O)NC1CCOC1=O)Cc1ccc(Br)cc1
CHEMBL281136,CCn1cc(C(=O)O)c(=O)c2c(F)c(F)c(N3CCCC3)c(F)c21
CHEMBL298097,CO/N=C(/C(=O)NC1CN(/N=C/C(=O)O)C1=O)c1csc(N)n1
CHEMBL43204,O=C(Cc1ccccc1)NC1C(=O)N2C(C(=O)[O-])=CCSC12.[Na+]
CHEMBL55269,C#CCNC1=C(C)C(=O)c2c(c(COC(N)=O)c3n2CC2NC32)C1=O
CHEMBL37987,CCCn1c(=O)[nH]c2[nH]c(-c3ccc(/C=C/C(=O)O)cc3)nc2c1=O
CHEMBL45887,CCn1cc(C(=O)O)c(=O)c2cc(F)c(-c3cc(C)nc(C)c3)cc21
CHEMBL37334,COc1ccc(C#CCCCC(=O)O)cc1Cc1cnc(N)nc1N
CHEMBL9503,CC(C)C(=O)Nc1cccc(C(=O)c2ccc3n2CCC3C(=O)O)c1
CHEMBL65120,CN1CC(c2cccc(OCc3nc4ccccc4s3)c2)OC1=O
CHEMBL50006,CCOC(=O)c1c2[nH]c3ccc(OC)cc3c2cc2nc(C)sc12
CHEMBL72412,CCOC(=O)N1CCN(S(=O)(=O)C2OC2c2ccccc2)CC1
CHEMBL74429,CCOC(=O)NC(=S)N/N=C(\S)N/N=C(\C)c1ccccn1
CHEMBL299315,COC1=C(OC)C(O)(CCn2cnc3c(Cl)ncnc32)OC1=O
CHEMBL33773,C#CCOC(=O)Nc1ccc(C)c(-c2nc3cc(Cl)ccc3o2)c1
CHEMBL34585,C#CCOC(=O)Nc1ccc(Cl)c(-c2nc3cc(C)ccc3o2)c1
CHEMBL286925,C#CCOC(=O)Nc1ccc(Cl)c(-c2nc3c(C)cccc3o2)c1
CHEMBL47440,COC(=O)C1Cc2c([nH]c3ccccc23)C(c2ccccc2Cl)N1
CHEMBL25528,CCCCc1nc(Cl)c(CC(=O)O)n1Cc1ccccc1Cl
CHEMBL292700,O=C(O)c1cc2cc(O)c(O)cc2c(C(=O)c2ccc(O)c(O)c2)n1
CHEMBL278880,O=C1Nc2ccc(F)cc2C(C#Cc2ccsc2)(C(F)(F)F)O1
CHEMBL301252,CCCc1c2nc(C(=O)O)cc(C)c2cc2c(=O)cc(C(=O)O)oc12
CHEMBL9369,CCOC(=O)C(=O)NCC1OC(n2cc(C)c(=O)[nH]c2=O)CC1O
CHEMBL432463,CSc1ccc(C(=O)c2cc(F)cc(CC(=O)[O-])c2N)cc1.[Na+]
CHEMBL274992,CC(=O)NCC1CN(c2ccc([S+](C)[O-])c([N+](=O)[O-])c2)C(=O)O1
CHEMBL310257,COC(=O)CC(=O)Nc1cccc(COc2ccc(C(C)=O)cc2)c1
CHEMBL35466,N=C(N)Nc1cccc(C(=O)Nc2ccc(CC(N)C(=O)O)cc2)c1
CHEMBL9740,CCOC(=O)Nc1cc2c(c(N)n1)N=C(c1ccc(OC)cc1)CN2
CHEMBL7362,CNC(=O)NCC(C)(C)NCC(O)COC(=O)c1ccccc1F
CHEMBL58570,CCc1ccc2c(c1)C(=O)N(C)Cc1c(C(=O)OC(C)(C)C)ncn1-2
CHEMBL266957,Cc1cc(=O)n(C(=O)OC(C)(C)C)c2c3c(ccc12)OC(C)(C)C=C3
EFAPROXIRAL,Cc1cc(C)cc(NC(=O)Cc2ccc(OC(C)(C)C(=O)O)cc2)c1
CHEMBL68781,CC1(C)CCSc2ccc(NC(=O)c3ccc(C(=O)O)cc3)cc21
CHEMBL73741,CCCCCc1nsnc1C1=CCCN(C)C1.O=C(O)C(=O)O
CHEMBL19738,CSc1cc2n(c1C(=O)c1ccc(C3CC3)cc1)CCC2C(=O)O
CHEMBL289090,Cc1cccc(NN2C(S)=NC(C)C2c2cccc(C(=O)O)c2)c1
CHEMBL6998,CC(C)(C)NCC(O)COC(=O)C(c1ccccc1)c1ccccc1
CHEMBL283224,CCC1N(C)C(=O)OC12CCN(CCc1c[nH]c3ccccc13)CC2
CHEMBL27989,CCCC1NC(=O)OC12CCN(CCc1c[nH]c3ccccc13)CC2
CHEMBL37372,CCN(CC)CCOC(=O)C(C)(c1ccccc1)c1ccc(O)cc1
CHEMBL286987,CCCN1CC2(CCN(CCc3c[nH]c4ccccc34)CC2)OC1=O
CHEMBL27929,CCCC1CN(CCc2c[nH]c3ccccc23)CCC12CNC(=O)O2
CHEMBL52544,CCOC(=O)c1sc(SC)c2c1ccc1c3ccccc3[nH]c12
CHEMBL431883,CC(C)N1CC2(CCN(CCc3c[nH]c4ccccc34)CC2)OC1=O
CHEMBL303232,COC(=O)C1C(c2cccc(-c3ccsc3)c2)CC2CCC1N2C
CHEMBL280029,O=C1Nc2ccc(Cl)cc2C(C#Cc2ccoc2)(C(F)(F)F)O1
CHEMBL280316,O=C1Nc2ccc(Cl)cc2C(C#Cc2ccco2)(C(F)(F)F)O1
CHEMBL29174,COc1cc(CC(=O)[O-])c(N)c(C(=O)c2ccc(Cl)cc2)c1.[Na+]
CHEMBL50852,COc1cc(N)c(Cl)cc1NC(=O)OCCN1CCCCCC1
CHEMBL49266,COc1cc(N)c(Cl)cc1NC(=O)OCCN1CCC(C)CC1
CHEMBL16864,O=C(O)CCCCCCCNC(=O)c1ccc(Br)cc1
CHEMBL277969,O=C(O)CCCCCCCNC(=O)c1ccccc1Br
CHEMBL298469,NC(Cc1c(OCP(=O)(O)O)noc1-c1ccccc1)C(=O)O
CHEMBL33835,N#CC(C(=O)O)C1C(=O)N(Cc2ccc(F)cc2)c2ccc(F)cc21
CHEMBL301183,O=C(/C=C/c1cccn1Cc1ccc([N+](=O)[O-])cc1)CC(=O)C(=O)O
CHEMBL285722,N=C(N)Nc1cccc(C(=O)Nc2ccc(/C=C/C(=O)O)cc2F)c1
CHEMBL68222,O=C(O)CN1C(=O)C(NC(=O)COc2ccccc2)CS1(=O)=O
CHEMBL48346,CO/N=C(/C(=O)NC1CN(NCC(=O)O)C1=O)c1csc(N)n1
CHEMBL73714,CCOC(=O)n1c2ccccc2c2oc(C(=O)N3CCOCC3)cc21
CHEMBL306049,CC(C)(Oc1ccc(NC(=O)Nc2ccc(C=O)cc2)cc1)C(=O)O
CHEMBL72805,COC(=O)n1c2cc(C)ccc2c2oc(C(=O)N3CCOCC3)cc21
CHEMBL75383,COC(=O)C1=C(C)N=C(C)/C(=C(/O)OC)C1c1ccc2[nH]nnc2c1
CHEMBL44497,CCOC(=O)Nc1cc2c(c(N)n1)N=C(c1cccc(OC)c1)CO2
CHEMBL53900,CC1=C(N2CC2C)C(=O)c2c(COC(N)=O)c3n(c2C1=O)CC1NC31
CHEMBL54112,CC1=C(N2CC2)C(=O)c2c(COC(N)=O)c3n(c2C1=O)CC1C3N1C
CHEMBL288348,O=C(O)C(CCCCn1cnc2c1NC=NCC2O)c1ccccc1
CHEMBL47891,CC1CN(c2cc3c(cc2N)c(=O)c(C(=O)O)cn3C2CC2)CCN1
CHEMBL37408,CCOC(=O)c1ccc(C)c(CCn2cnc3c2NC=NCC3O)c1
CHEMBL45933,Cc1c(N2CCNCC2)c(N)cc2c(=O)c(C(=O)O)cn(C3CC3)c12
CHEMBL77229,Cc1ccc(NC(=O)Nc2ccc(OC(C)(C)C(=O)O)cc2)cc1C
CHEMBL49141,CCCOc1ccc2[nH]c3cnc(C(=O)OCC)c(COC)c3c2c1
CHEMBL35777,COC(=O)c1cc(C)ccc1CCCn1cnc2c1NC=NCC2O
CHEMBL37183,COC(=O)c1ccc(C)c(CCCn2cnc3c2NC=NCC3O)c1
CHEMBL262916,CN1CCN(c2cc3c(cc2N)c(=O)c(C(=O)O)cn3C2CC2)CC1
CHEMBL34859,CCOC(=O)c1cc(CCn2cnc3c2NC=NCC3O)ccc1C
CHEMBL288157,CCCc1ccc(C(=O)O)cc1CCn1cnc2c1NC=NCC2O
CHEMBL29277,CCOC(=O)CC1CCCN1C(=O)C(=O)c1c[nH]c2c(C)cccc12
CHEMBL14983,CN(C)C(=O)N1Cc2c(C(=O)OC(C)(C)C)ncn2-c2ccccc21
CHEMBL290111,COC(=O)c1ccc(C)cc1CCCn1cnc2c1NC=NCC2O
CHEMBL29546,CCOC(=O)c1sc2c(=O)n(CC)nc(-c3ccccc3)c2c1C
CHEMBL287909,CS(=O)(=O)Nc1cc2c(cc1Sc1nccs1)C(=O)OC2
CHEMBL291105,CCOC(=O)Nc1cc2c(c(N)n1)N=C(c1ccccc1)C(C)S2
CHEMBL418429,COC(=O)c1ccc2c(c1)N(CCCN(C)C)c1ccccc1S2
CHEMBL284809,C#CCOC(=O)Nc1ccc(Cl)c(-c2nc3cc(O)ccc3o2)c1
CHEMBL35806,C=CCOC(=O)Nc1ccc(Cl)c(-c2nc3cc(C)ccc3o2)c1
CHEMBL292824,CCOC(=O)c1cc(C)cn1S(=O)(=O)c1cc(Cl)ccc1N
CHEMBL72105,O=C(O)c1cc(C(=O)O)c2cc(I)ccc2n1
CHEMBL17608,O=C1Nc2ccc(F)c(F)c2C(C#Cc2ccoc2)(C(F)(F)F)O1
CHEMBL75830,COC(=O)C(=O)Nc1cccc(COc2ccc(C(C)=O)c(O)c2)c1
CHEMBL45578,CCOC(=O)C(=O)CC(=O)/C=C/c1cccn1Cc1ccc(F)cc1
CHEMBL39162,O=C(O)c1cc(-c2ccc(-c3ccccc3)cc2)nc2ccc(F)cc12
CHEMBL46882,Cc1cc(NC(=O)C(=O)O)cc(C)c1Oc1ccc(O)c(C(C)C)c1
CHEMBL441597,CCCCC1=C(N2CC2)C(=O)c2nc3n(c2C1=O)CCC3OC(C)=O
CHEMBL29570,CCn1cc(C(=O)O)c(=O)c2cc(C(C)=O)c(N3CCNCC3)cc21
CHEMBL40937,O=C(O)c1ccc2c(c1)/C(=C\Cc1cccnc1)c1ccccc1CO2
CHEMBL45586,Cc1c(N2CCOCC2)c(N)cc2c(=O)c(C(=O)O)cn(C3CC3)c12
CHEMBL46203,Nc1cc2c(=O)c(C(=O)O)cn(C3CC3)c2cc1N1CCC(O)CC1
CHEMBL299345,COC(=O)Nc1ccccc1Nc1c2ccccc2nc2ccccc12
CHEMBL278384,COC(=O)Nc1ccc(Nc2c3ccccc3nc3ccccc23)cc1
CHEMBL47886,CN1CCN(c2nc3c(cc2N)c(=O)c(C(=O)O)cn3C2CC2)CC1
CHEMBL267811,CC(=O)OC(C)n1c([S+]([O-])Cc2ccccn2)nc2ccccc21
CHEMBL420007,CCCCOc1nsnc1C1=CCCN(C)C1.O=C(O)C(=O)O
CHEMBL19992,CCOC(=O)c1ccc(N)c(C[S+]([O-])c2nc3ccccc3[nH]2)c1
CHEMBL32854,COc1ccc(C2(C#N)CCC(C(=O)O)CC2)cc1OC1CCCC1
CHEMBL38946,CCOC(=O)C1=C(C)N=C(C)/C(=C(/O)OCC)C1c1cccc(C)c1
CHEMBL8841,CCCCCC(O)c1cccc(OCc2cccc(C(=O)OC)n2)c1
CHEMBL31591,CCOC(=O)c1ccc(CNCC(O)COc2ccccc2C)cc1
CHEMBL18852,COC(=O)c1c(NC(=O)Nc2ccc(C)cc2)cc(C(C)(C)C)n1C
CHEMBL25990,N=C(N)c1ccc(C(=O)N2CCC3(CCC(C(=O)O)CC3)CC2)cc1
CHEMBL275164,CCCc1ccc(C(=O)c2c(SC)cc3n2CCC3C(=O)O)cc1
CHEMBL800,Cc1c(CC(=O)O)c2cc(O)ccc2n1C(=O)c1ccc(Cl)cc1
CHEMBL39815,COC(=O)c1cccc(C2C(C)N=CN2Nc2cccc(Cl)c2)c1
CHEMBL299479,O=C(OCC1CCN(Cc2ccccc2)CC1)c1ccc(Cl)cc1
CHEMBL303318,O=C(O)c1ccc2c(Nc3cccc(Br)c3)ncnc2c1
CHEMBL42719,CCOC(=O)c1cnc(C(F)(F)F)nc1NN1C(=O)C=C(C)C1=O
CHEMBL305534,O=C(O)CCn1c(=O)c(=O)[nH]c2cc([N+](=O)[O-])c(-n3cccc3)cc21
CHEMBL76011,COC(=O)n1c2cc(O)ccc2c2oc(C(=O)N3CCOCC3)cc21
CHEMBL37621,CCCn1c(=O)[nH]c2[nH]c(-c3ccc(OCC(=O)O)cc3)nc2c1=O
CHEMBL418047,NS(=O)(=O)c1nc2ccc(NC(=O)CNCC(=O)O)cc2s1
CHEMBL289076,O=C(O)c1ccc2c(c1)/C(=N\Cc1cccnc1)c1ccccc1CO2
CHEMBL312162,COc1ccc(NC(=O)Nc2ccc(OC(C)(C)C(=O)O)cc2)cc1
CHEMBL37559,COc1ccc(C(=O)O)cc1CCCn1cnc2c1NC=NCC2O
CHEMBL287365,COC(=O)c1ccc(OC)c(CCn2cnc3c2NC=NCC3O)c1
CHEMBL63580,COc1ccc(C2(C#N)CCN(CC(=O)O)CC2)cc1OCC1CC1
CHEMBL30886,CCOC(=O)C1=C(C)N=C(C)/C(=C(/O)OCC)C1(C)c1cccnc1
CHEMBL306642,COc1ccc(C2(C#N)CCN(CC(=O)O)CC2)cc1OC1CCC1
CHEMBL33921,COc1ccc(CCCCCC(=O)O)cc1Cc1cnc(N)nc1N
CHEMBL293879,CCOC(=O)CN1CCN(c2nc3ccsc3n3cccc23)CC1
CHEMBL283563,N=C(N)c1ccc(N2CCC3(CCN(CCC(=O)O)CC3)CC2)cc1
CHEMBL292421,CCCCCCCNC(=O)Oc1ccc2c(c1)C1CCN(CC)C2C1
CHEMBL64633,CCCCCCNC(=O)Oc1ccc2c(c1)C1(C)CCN(CC)C2C1
CHEMBL51302,CC(Oc1ccc(Oc2cnc3ccc(Cl)cc3n2)cc1)C(=O)O
QUIZALOFOP,CC(Oc1ccc(Oc2cnc3cc(Cl)ccc3n2)cc1)C(=O)O
CHEMBL34893,Cc1ccc2oc(-c3cc(NC(=O)OC(C)C)ccc3Cl)nc2c1
CHEMBL35615,CCCOC(=O)Nc1ccc(Cl)c(-c2nc3cc(C)ccc3o2)c1
CHEMBL276942,CCOC(=O)Nc1cccc2c1CN(C)CC2c1ccc(Cl)cc1
CHEMBL408348,CN1Cc2c(NC(=O)OCCCl)cccc2C(c2ccccc2)C1
CHEMBL300102,O=C([O-])c1cc(O)c2cc3c(=O)cc(C(=O)[O-])oc3cc2n1.[Na+].[Na+]
CHEMBL9098,O=C(c1c(F)c(F)c(F)c(F)c1F)c1ccc2n1CCC2C(=O)O
CHEMBL28928,Nc1c(CC(=O)[O-])cccc1C(=O)c1ccc(C(F)(F)F)cc1.[Na+]
CHEMBL35420,NS(=O)(=O)c1ccc(NC(=O)CN(CC(=O)O)CC(=O)O)cc1
CHEMBL34969,NS(=O)(=O)c1ccccc1NC(=O)CN(CC(=O)O)CC(=O)O
CHEMBL29033,O=C(O)C1=CC(C2CC2)c2nc(N3CC/C(=N\O)C3)c(F)cc2C1=O
CHEMBL74841,COC(=O)C(=O)Nc1cccc(COc2ccc(C(C)=O)c(F)c2)c1
CHEMBL34696,NS(=O)(=O)c1cccc(NC(=O)CN(CC(=O)O)CC(=O)O)c1
CHEMBL417508,N.O=C(O)C1OC(Sc2[nH]cnc3ncnc2-3)C(O)C(O)C1O
CHEMBL27638,CCCC(=O)OC1CCn2c1nc1c2C(=O)C(C)=C(NC(C)=O)C1=O
CHEMBL36334,NS(=O)(=O)c1nc2ccc(OC(=O)CNCC(=O)O)cc2s1
CHEMBL415910,CC(C)(C)Nc1cc2c(cc1[N+](=O)[O-])c(=O)c(C(=O)O)cn2C1CC1
CHEMBL42543,CC(C)(C)n1cc(C(=O)O)c(=O)c2cc([N+](=O)[O-])c(NC3CC3)cc21
CHEMBL35974,O=C(O)c1cn(C2CC2)c2cc(N3CCCNCC3)c(F)cc2c1=O
CHEMBL15353,CC1CN(c2cc3c(cc2F)c(=O)c(C(=O)O)cn3C2CC2)CCN1
CHEMBL15361,O=C(O)c1cn(C2CCC2)c2cc(N3CCNCC3)c(F)cc2c1=O
CHEMBL15296,NCC1CCN(c2cc3c(cc2F)c(=O)c(C(=O)O)cn3C2CC2)C1
CHEMBL16397,Cc1c(F)c(N2CCC(N)C2)cc2c1c(=O)c(C(=O)O)cn2C1CC1
CHEMBL16052,Cc1c(F)c(N2CCNCC2)cc2c1c(=O)c(C(=O)O)cn2C1CC1
CHEMBL15373,NC1CCN(c2cc3c(cc2F)c(=O)c(C(=O)O)cn3C2CCC2)C1
CHEMBL429961,CN1CCN(c2cc3c(cc2F)c(=O)c(C(=O)O)cn3C2CC2)CC1
CHEMBL11012,O=C(OCN1C(=O)CC1S(=O)(=O)c1ccccc1)c1ccccc1
CHEMBL65390,CNC(=O)OCc1c(COC(=O)NC)c2n(c1C)CS(=O)(=O)C2
CHEMBL415295,COc1ccc(CCNCC(O)C(=O)Oc2ccccc2)cc1OC
CHEMBL60932,Cc1nc2c(c(N)c1C(=O)OCc1ccccc1)c1ccccc1n2C
CHEMBL297022,Cc1cc(C)c2oc(-c3ccc(-c4ccc(C(=O)O)cc4)[nH]3)cc2c1C
CHEMBL39207,CNC(=O)OCc1c(COC(=O)NC)c(C)n(-c2ccccc2)c1C
CHEMBL431338,O=C(O)c1ccc2c(c1)C(NCc1ccccc1)c1ccccc1CO2
4-UREIDOETODOLAC,CCc1cccc2c3c([nH]c12)C(CC)(CC(=O)O)OCC3NC(N)=O
CHEMBL24128,CNC(=O)OCc1c(COC(=O)NC)c(-c2ccccc2)n(C)c1C
CHEMBL277569,CCOc1ccc(C(=O)c2c(SC)cc3n2CCC3C(=O)O)cc1
CHEMBL432506,Nc1cc2c(=O)c(C(=O)O)cn(C3CC3)c2cc1N1CCSCC1
CHEMBL54506,CC1(C)Cc2c(-c3ccccc3)c(-c3ccccc3)c(CC(=O)O)n2C1
CHEMBL24373,O=C(O)CCCC(=O)N1CCC2(CC1)CCN(c1ccncc1)CC2
CHEMBL13033,O=C(O)CCCCC(=O)N1CCC2(CCN(c3ccncc3)CC2)C1
CHEMBL21913,CN(C/C=C/C(=O)OCc1ccccc1)Cc1cccc2ccccc12
CHEMBL53026,CCOC(=O)c1oc2cccc(OCCCN3CCCCC3)c2c1C
CHEMBL308772,CCCSc1nsnc1C1=CCCN(C)C1.O=C(O)C(=O)O
CHEMBL36326,N=C(N)c1ccc(N2CCN(C3CCN(CC(=O)O)CC3)CC2)cc1
CHEMBL284137,CCN(CC)CCCOC(=O)C(C)(c1ccccc1)C1CCCCC1
CHEMBL14455,COc1oc(=O)c2cc(NC(=O)Oc3ccccc3)ccc2c1Cl
CHEMBL6440,CN1Cc2c(C(=O)OCC3CC3)ncn2-c2ccc(Cl)cc2C1=O
CHEMBL9635,CCOC(=O)Nc1cc2c(c(N)n1)N=C(c1ccc(Cl)cc1)CN2
CHEMBL417308,O=C(CCCCCc1ccc(Cl)cc1)Nc1ccc(C(=O)O)cc1
CHEMBL285784,CCOC(=O)C(C)c1ccc(NCCCc2ccc(Cl)cc2)cc1
CHEMBL286685,CCOC(=O)c1ccc(N(CC)CCCc2ccc(Cl)cc2)cc1
CHEMBL27620,Nc1c(CC(=O)[O-])cc(Cl)cc1C(=O)c1ccc(Cl)cc1.[Na+]
CHEMBL28469,Nc1c(CC(=O)[O-])cccc1C(=O)c1ccc(Cl)cc1Cl.[Na+]
CHEMBL31870,Nc1c(CC(=O)[O-])cccc1C(=O)c1ccc(Cl)c(Cl)c1.[Na+]
CHEMBL61564,CCCN(C)C(=O)Oc1no[n+]([O-])c1-c1c(Cl)cccc1Cl
CHEMBL60314,CCCN(C)C(=O)Oc1nsnc1-c1c(Cl)cccc1Cl
CHEMBL75959,COC(=O)n1c2cc(F)ccc2c2oc(C(=O)N3CCOCC3)cc21
CHEMBL38188,C=Cn1cc(C(=O)O)c(=O)c2cc(F)c(N3CCC(NC=O)C3)nc21
CHEMBL25676,COC(=O)C1=C(C)N=C(C)/C(=C(\O)OC)C1c1cccc([N+](=O)[O-])c1
CHEMBL29957,CCn1cc(C(=O)O)c(=O)c2cc([N+](=O)[O-])c(N3CCNCC3)cc21
CHEMBL35724,COC(=O)c1c(F)cccc1CCCn1cnc2c1NC=NCC2O
CHEMBL39976,C=Cn1cc(C(=O)O)c(=O)c2cc(F)c(N3CCC(N(C)C)C3)nc21
CHEMBL16124,Nc1c(F)c(N2CCNCC2)cc2c1c(=O)c(C(=O)O)cn2C1CC1
CHEMBL266141,CCOC(=O)c1nc(-c2cn(C)c3c2C(=O)C(OC)=CC3=O)cs1
CHEMBL8697,CCOC(=O)c1csc(-c2cn(C)c3c2C(=O)C(OC)=CC3=O)n1
CHEMBL278008,Nc1c(F)c(N2CCC(N)C2)cc2c1c(=O)c(C(=O)O)cn2C1CC1
CHEMBL30246,Cc1noc(NS(=O)(=O)c2cccc3c(C(=O)O)cccc23)c1C
CHEMBL15314,NCC1CCN(c2nc3c(cc2F)c(=O)c(C(=O)O)cn3C2CC2)C1
CHEMBL67717,N=C(N)c1ccc(C(=O)NCCC(=O)N2CCC(C(=O)O)CC2)cc1
CHEMBL37520,COc1ccc(OCCCCC(=O)O)cc1Cc1cnc(N)nc1N
CHEMBL276789,Cc1nccc2c1[nH]c1cc(OCC(=O)OCc3ccccc3)ccc12
CHEMBL14310,Cc1nccc2c1[nH]c1cc(OCCOC(=O)c3ccccc3)ccc12
CHEMBL10597,CCOC(=O)c1cc2c3cc(OCc4ccccc4)ccc3nc-2c[nH]1
CHEMBL301403,CCCn1c(=O)c2nc(C3=C(C(=O)O)CCC3)[nH]c2n(CCC)c1=O
CHEMBL266325,CCCC(=O)Oc1ccc2[nH]c(C(=O)c3cc4ccccc4[nH]3)cc2c1
CHEMBL296746,O=C(O)c1ccc2c(c1)C(NCc1cccnc1)c1ccccc1CO2
CHEMBL70963,CCNC(=N)c1ccc(C2=NOC(CC(=O)NCCC(=O)O)C2)cc1
CHEMBL288607,COC(=O)c1ccccc1SCCn1cnc2c1NC=NCC2O
CHEMBL8572,Cc1c(CCC(=O)O)s/c(=N\C(=O)c2ccc(C(=N)N)cc2)n1C
CHEMBL303963,CCOC(=O)c1csc(-c2cn3c(C)c(CC)c(OC)nc3n2)n1
CHEMBL12789,O=C(O)CCCNC(=O)N1CCC2(CC1)CCN(c1ccncc1)C2
CHEMBL11559,CCCCCCCCNC(=O)c1ccc2[nH]c(NC(=O)OC)nc2c1
CHEMBL279377,COC(=O)c1sc(C(C)(C)C)cc1NC(=O)Nc1ccc(C)cc1
CHEMBL18619,COC(=O)c1sc(CC(C)C)cc1NC(=O)Nc1ccc(C)cc1
CHEMBL416494,CC(C)OC(=O)c1cc(CN2CCCC2)c(O)c(CN2CCCC2)c1
CHEMBL71234,CCC(=O)N(c1ccccc1)C1CCN(CCCCC(=O)OC)CC1
CHEMBL56186,CCOC(=O)Cc1cc(CN2CCCC2)c(O)c(CN2CCCC2)c1
CHEMBL35387,COC(=O)Nc1ccc(Cl)c(-c2nc3cc(C(=O)O)ccc3o2)c1
CHEMBL296579,CCOC(=O)Nc1cc2c(c(N)n1)N=C(c1ccc(Cl)cc1)CO2
CHEMBL78011,COC(=O)c1cc(OC)c(OC)cc1/N=c1\ssnc1Cl
CHEMBL278854,O=C(O)c1cc(O)c2c(Br)cc(Br)cc2n1
CHEMBL441348,CN(C)C(=O)N(CCCCCC(=O)O)c1ccc(Cl)c(Cl)c1
CHEMBL304842,CCn1cc(C(=O)O)c(=O)c2cc(F)c(-n3cnc(C=O)c3)c(F)c21
CHEMBL39056,COC1=CC(=O)c2c(c(COC(C)=O)c3n2CCC3OC(C)=O)C1=O
CHEMBL27953,COCC(=O)OC1CCn2c1nc1c2C(=O)C(C)=C(NC(C)=O)C1=O
DESMETHYL-OFLOXACIN,CC1COc2c(N3CCNCC3)c(F)cc3c(=O)c(C(=O)O)cn1c23
4-N-FORMYL-1-PIPERAZINYL-NORFLOXACIN,CCn1cc(C(=O)O)c(=O)c2cc(F)c(N3CCN(C=O)CC3)cc21
CHEMBL15787,NC1CCN(c2cc3c(c(O)c2F)c(=O)c(C(=O)O)cn3C2CC2)C1
CHEMBL282245,CN(C)S(=O)(=O)c1ccc2oc3ccc(C(=O)O)cc3c(=O)c2c1
CHEMBL440660,Cc1c(-c2ccc(-c3ccccc3F)cc2)[nH]c2ncnc-2c1C(=O)O
CHEMBL16051,O=C(O)c1cn(C2CC2)c2cc(N3CCNCC3)c(F)c(O)c2c1=O
CHEMBL430148,CC1COc2c(N3CCC(N)C3)c(F)cc3c(=O)c(C(=O)O)cn1c23
CHEMBL432910,CCn1cc(C(=O)O)c(=O)c2cc(F)c(-n3ccnc3)c(SC)c21
CHEMBL66967,CC(C)C(C(=O)NO)C(=O)NC(Cc1c[nH]c2ccccc12)C(=O)O
CHEMBL68183,N=C(N)c1ccc(C#Cc2ccc3c(c2)CCN(CC(=O)O)C3=O)cc1
NAFAMOSTAT,N=C(N)Nc1ccc(C(=O)Oc2ccc3cc(C(=N)N)ccc3c2)cc1
CHEMBL14894,CCn1cc(C(=O)O)c(=O)c2cc(F)c(N3CCC(CNC)C3)cc21
CHEMBL280036,CC(C)(C)n1cc(C(=O)O)c(=O)c2cc(F)c(N3CCC(N)C3)cc21
CHEMBL15467,CCN1CCN(c2cc3c(cc2F)c(=O)c(C(=O)O)cn3CC)CC1
CHEMBL9015,CS(=O)(=O)c1ccc(C(=O)c2ccc3n2CCCC3C(=O)O)cc1
CHEMBL15387,CCn1cc(C(=O)O)c(=O)c2cc(F)c(N3CC(C)NC(C)C3)cc21
CHEMBL261939,CC1CN(c2cc3c(cc2F)c(=O)c(C(=O)O)cn3C(C)C)CCN1
CHEMBL30117,CCOC(=O)c1cn(CC)c2cc(N3CCNCC3)c(F)cc2c1=O
CHEMBL14971,CC(C)(C)n1cc(C(=O)O)c(=O)c2cc(F)c(N3CCNCC3)cc21
CHEMBL287590,CC1=C(C(=O)O)N2C(=O)C(NC(=O)C(N)c3ccccc3)C2SC1
CHEMBL32396,O=C(O)c1ccc(NCCc2ccc(OCc3ccccc3)cc2)cc1
CHEMBL18942,COC(=O)c1sc(C(C)(C)C)cc1NC(=O)Nc1ccc(N)cc1
CHEMBL264318,CCn1cc(C(=O)O)c(=O)c2cc(SC)c(N3CCNCC3)cc21
CHEMBL58253,CC(=O)OCC1C2CC3CCC1N3C/C2=C\c1ccc2ccccc2c1
CHEMBL19889,CSc1ccc(C(=O)c2c(SC)cc3n2CCC3C(=O)O)cc1
CHEMBL53246,CCOC(=O)c1oc2cccc(OCCCCNC(C)(C)C)c2c1C
CHEMBL37937,CC(C)(C)NCC(O)c1cc2cccc(CC(=O)OC(C)(C)C)c2o1
CHEMBL77954,CC(C)(Oc1ccc(NC(=N)Nc2ccc(Cl)cc2)cc1)C(=O)O
CHEMBL415293,CN1Cc2c(C(=O)OC(C)(C)C)ncn2-c2ccc(Cl)cc2C1=O
CHEMBL27562,O=C(O)c1ccc(NCCCCCC(O)c2ccc(Cl)cc2)cc1
CHEMBL45698,NC(Cc1c(OCP(=O)(O)O)noc1-c1cccs1)C(=O)O
CHEMBL289015,O=C1CCN(c2c(F)cc3c(=O)c(C(=O)O)cn(C4CC4)c3c2F)C1
CHEMBL50357,Cn1c(=O)nc2n(-c3ccc(C(=O)O)cc3)c3ccccc3nc-2c1=O
CHEMBL19955,O=C(O)c1cn2c3c(nc(O)c2n1)-c1ccccc1C3N1CC=CC1=O
CHEMBL287031,CCn1cc(C(=O)O)c(=O)c2cc(F)c(N3CCC(NC=O)C3)nc21
CHEMBL58941,Cc1c(N2CCC(F)C2)c(F)cn2c(=O)c(C(=O)O)cc(C3CC3)c12
CHEMBL289300,CCNC(=O)OCc1c2c(n3c1C(O)CC3)C(=O)C(C)=C(OC)C2=O
CHEMBL266611,COC(=O)COc1cc(Cc2cnc(N)nc2N)cc(OC)c1OC
CHEMBL13905,C#CCN(Cc1ccc2nc(N)nc(O)c2c1)c1ccc(C(=O)O)cc1
CHEMBL276820,CCC1(O)C(=O)OCc2c1cc1n(c2=O)Cc2cc3ccccc3nc2-1
CHEMBL13820,COc1cc(Cc2cnc(N)nc2N)cc(OCCC(=O)O)c1OC
CHEMBL7600,COCC(=O)Oc1ccc2[nH]c(C(=O)c3cc4ccccc4[nH]3)cc2c1
CHEMBL39481,CC(=O)Nc1ccc(/C=C/c2ccc3ccc(C(=O)O)c(O)c3n2)cc1
CHEMBL282992,COC(=O)c1nc(O)n2cccc(-c3ccc(-n4ccnc4C)cc3)c12
CHEMBL40695,CCNC(=O)OCc1c2c(n3c1C(O)CCC3)C(=O)C=C(OC)C2=O
CHEMBL286328,NS(=O)(=O)c1ccc(NC(=O)CNCCNCC(=O)O)c(F)c1
CHEMBL442690,CN(CC(=O)O)C(=S)CCc1nc2c(F)c(F)cc(F)c2s1
CHEMBL38536,CCn1cc(C(=O)O)c(=O)c2cc(F)c(N3CCC(CN)CC3)nc21
CHEMBL16466,Cc1c2cc[n+](C)cc2c(C)c2c1[nH]c1ccc(O)c(/N=C/C(=O)O)c12
CHEMBL37413,CCn1cc(C(=O)O)c(=O)c2cc(F)c(N3CCC(N(C)C)C3)nc21
CHEMBL416420,CCNC1CCN(c2nc3c(cc2F)c(=O)c(C(=O)O)cn3CC)C1
CHEMBL12478,CCNn1cc(C(=O)O)c(=O)c2cc(F)c(N3CCN(C)CC3)cc21
CHEMBL13004,CN1CCN(c2cc3c(cc2F)c(=O)c(C(=O)O)cn3N(C)C)CC1
CHEMBL26891,CC(C)(C)n1cc(C(=O)O)c(=O)c2cc(F)c(N3CCNCC3)nc21
CHEMBL273538,CCN1CCN(c2cc3c(cc2F)c(=O)c(C(=O)O)cn3NC)CC1
CHEMBL292382,CCCn1c(=O)c2nc(C3CCCC3C(=O)O)[nH]c2n(CCC)c1=O
CHEMBL25095,CC1NC(=O)OC12CCN(CC(O)C1COc3ccccc3O1)CC2
CHEMBL36934,CCCOC(=O)CSc1ccc(C(=O)Nc2ccc(F)cc2)cn1
CHEMBL28274,CN1CC2(CCN(CC(O)C3COc4ccccc4O3)CC2)OC1=O
CHEMBL61774,COC(=O)c1c(C)[nH]c2ccc3c(c12)CN1CCc2ccccc2C1O3
CHEMBL74944,CCOC(=O)C1=C(C)N=C(C)/C(=C(/O)OCC)C1c1c(C)noc1C
CHEMBL279560,COC(=O)c1sc(C(C)(C)C)cc1NC(=O)Nc1ccc(O)cc1
CHEMBL288140,CC(C)C(=NOCC(O)CNC(C)(C)C)C(C)C.O=C(O)C(=O)O
CHEMBL287766,CCCC(CCC)=NOCC(O)CNC(C)(C)C.O=C(O)C(=O)O
ROXATIDINE ACETATE,CC(=O)OCC(=O)NCCCOc1cccc(CN2CCCCC2)c1
CHEMBL62066,CCOC(=O)N1CCN(CCCOc2ccc(C(=O)CC)cc2)CC1
CHEMBL76026,CC(C)(Oc1ccc(NC(=O)Nc2ccccc2Cl)cc1)C(=O)O
CHEMBL61502,O=C1CC(C(=O)O)Nc2cc(Br)cc(Br)c21
CHEMBL302298,CCOC(=O)c1cn2cc(Br)nc(Br)c2n1
CHEMBL23369,O=C(O)c1ccccc1Nc1cc(C(F)(F)F)cc(C(F)(F)F)c1
CHEMBL34668,O=C(O)C(Cc1ccc2c(c1)oc1ccccc12)NCP(=O)(O)O
CHEMBL69153,CCn1cc(C(=O)O)c(=O)c2cc(F)c(-n3cnc(CO)c3)c(F)c21
CHEMBL279018,O=C(O)c1cn2c3c(nc(O)c2n1)-c1cccc(Cc2nn[nH]n2)c1C3
CHEMBL287784,CCn1cc(C(=O)O)c(=O)c2cc(F)c(N3CCC(C(=O)O)C3)nc21
CHEMBL76958,O=C(O)c1ccc(S(=O)(=O)Oc2ccc(/C=C/[N+](=O)[O-])cc2)cc1
CHEMBL62608,COC(=O)C1C(c2ccc([N+](=O)[O-])cc2[N+](=O)[O-])CC2CCC1N2C
CHEMBL55013,CNC(=O)OCc1c2c(n(C)c1COC(C)=O)C(O)=C(C)C(=N)C2=O
CHEMBL60326,NC1CCN(c2cc(F)c3c(=O)c(C(=O)O)cn(C4CC4)c3c2F)C1
CHEMBL15549,O=C(O)c1cn(C2CC2)c2c(F)c(N3CCNCC3)c(F)cc2c1=O
CHEMBL15464,NC1CCN(c2c(F)cc3c(=O)c(C(=O)O)cn(C4CC4)c3c2F)C1
CHEMBL15465,CCn1cc(C(=O)O)c(=O)c2cc(F)c(N3CCC(N)C3)c(OC)c21
CHEMBL40666,O=C(O)CNS(=O)(=O)c1ccc(NC(=O)Nc2ccccc2)cc1
CHEMBL29220,CC(C)c1ccc(/C(=C\CC(N)C(=O)[O-])c2ccccc2F)cc1.[Na+]
CHEMBL285897,CC(OC(CCc1ccccc1)C(=O)O)C(=O)N1CCCC1C(=O)O
CHEMBL428709,N#CN/C(N)=N\c1cccc(/C(=C\CCCC(=O)O)c2cccnc2)c1
CHEMBL67520,N=C(N)c1ccc(/C=C/c2ccc3c(c2)CCN(CC(=O)O)C3=O)cc1
CHEMBL286178,COC(=O)CC(=O)Nc1cccc(OCc2ccc3ccccc3c2)c1
CHEMBL32975,O=C(O)CCNC(=O)c1cccc(COc2ccc3ccccc3c2)c1
CHEMBL51650,CCC(=O)OCC(CCn1cnc2cnc(N)nc21)COC(=O)CC
CHEMBL34284,O=C(O)CCNC(=O)c1cccc(OCc2ccc3ccccc3c2)c1
CHEMBL301195,COC(=O)c1cc(-c2ccc(OC)cc2)c(-c2ccccc2)n(C)c1=O
CHEMBL290879,CC(=O)Oc1ccc2c(c1)CC(C)n1c-2cc2cc(OC(C)=O)ccc21
CHEMBL63770,N=C(N)c1ccc(/C=C\c2ccc3c(c2)CCN(CC(=O)O)C3=O)cc1
CHEMBL39709,COC(=O)c1cc(C)n(/C(=N\c2ccc(OC)cc2)c2ccccc2)n1
CHEMBL26658,CCCCOC(=O)c1ccc(-c2ccc(OS(N)(=O)=O)cc2)cc1
CHEMBL310639,CC(C)(Oc1ccc(NS(=O)(=O)Cc2ccccc2)cc1)C(=O)O
CHEMBL51667,CCOC(=O)c1oc2cccc(OCC(O)CNC(C)(C)C)c2c1C
CHEMBL420735,CC12CCC(C)(CC1)c1cc(NC(=O)c3ccc(C(=O)O)cc3)ccc12
AZAPROPHEN,CN1CC2CC(OC(=O)C(C)(c3ccccc3)c3ccccc3)CC1C2
CHEMBL429233,O=C(O)c1cc(O)c2c(Cl)cc(I)cc2n1
CHEMBL22895,O=C(O)c1cc(O)c2c(I)cc(Cl)cc2n1
CHEMBL51455,NS(=O)(=O)c1cc(C(=O)NCC(=O)NCC(=O)O)ccc1Cl
CHEMBL26743,CCn1cc(C(=O)O)c(=O)c2cc(Cl)c(N3CCN(C)CC3)cc21
CHEMBL266553,O=C(O)C1Cc2cc3c(-c4ccccc4Cl)noc3c(Cl)c2O1
CHEMBL57813,O=C(CBr)Nc1ccc(Oc2ccc(C(=O)O)cc2)cc1
CHEMBL290583,COC(=O)Nc1ccc(Cl)c(-c2nc3cc(Cl)ccc3n2C)c1
CHEMBL63018,Nc1ccc(-c2cc(=O)c3c(N)c(F)c(C(=O)O)c(F)c3o2)cc1F
CHEMBL58190,CC(=O)Oc1cccc([N+](C)(C)Cc2ccccc2)c1.[Br-]
CHEMBL299898,CC(=O)Oc1ccccc1[N+](C)(C)Cc1ccccc1.[Br-]
CHEMBL62210,CC(=O)Oc1ccc([N+](C)(C)Cc2ccccc2)cc1.[Br-]
CHEMBL14531,COC(=O)C1C2CCC(CC1c1ccc(/C=C\Br)cc1)N2
CHEMBL287626,N#Cc1ccc(/C(=C\CC(N)C(=O)[O-])c2ccc(F)cc2F)cc1.[Na+]
CHEMBL26523,O=C(O)c1cn(C2CC2)c2c(F)c(N3CCOCC3)c(F)cc2c1=O
CHEMBL80595,CC(C)(Oc1ccc(NC(=O)Nc2cc(F)cc(F)c2)cc1)C(=O)O
CHEMBL279732,C#CCN(Cc1cnc2nc(N)nc(O)c2n1)c1ccc(C(=O)O)cc1
CHEMBL269231,CNn1cc(C(=O)O)c(=O)c2cc(F)c(N3CC[N+](C)([O-])CC3)cc21
CHEMBL37750,Cc1ccc(C(=O)[O-])cc1CCCn1cnc2c1NC=NCC2O.[Na+]
CHEMBL285744,COC(=O)CC(=O)Nc1cccc(OCc2ccc3ccccc3n2)c1
CHEMBL32560,COC(=O)CCC(=O)Nc1cccc(Oc2ccc3ccccc3n2)c1
CHEMBL413325,COC(=O)c1cc(-c2ccc(OC)cc2)c(-c2ccncc2)n(C)c1=O
CHEMBL291335,COC(=O)c1cc(-c2ccc(OC)cc2)c(-c2cccnc2)n(C)c1=O
CHEMBL284284,O=C(O)CCC(=O)Nc1cccc(OCc2ccc3ccccc3n2)c1
CHEMBL54507,COC(=O)c1cc(-c2ccc(OC)cc2)c(-c2ccccn2)n(C)c1=O
CHEMBL305589,CC(=O)[O-].COc1ccc2[nH]c3c(C)c4cc[n+](C)cc4c(C)c3c2c1
CHEMBL307189,CCC(CC)Nc1cc(C(=O)O)ccc1N1C(=O)CCC1(CO)CO
CHEMBL18541,COC(=O)c1sc(C(C)(C)C)cc1NC(=O)Nc1ccc(F)cc1
CHEMBL283545,COc1ccccc1OCC(O)CN1CCC2(CC1)CN(C)C(=O)O2
CHEMBL52948,Cc1c(-c2cccnc2)n(CCCCCCCC(=O)O)c2ccccc12
CHEMBL50674,COC(=O)C1C(c2ccc(-c3cccc(N)c3)cc2)CC2CCC1N2C
CHEMBL302505,CCCCCOC(=O)CCCNC(=O)NC12CC3CC(CC(C3)C1)C2
CHEMBL25686,CCCCc1nc(Cl)c(CC(=O)O)n1Cc1ccc(C(=O)O)cc1
CHEMBL284737,O=C(O)Cn1c(C(F)(F)F)nc2ccc(Br)cc2c1=O
CHEMBL70316,Nc1ccn(C2CSC(COC(=O)CP(=O)(O)O)O2)c(=O)n1
CHEMBL59548,O=C(O)c1cc(/C=C/c2ccc3ccc(C(=O)O)c(O)c3n2)ccc1O
CHEMBL25404,O=C(O)/C=C/c1cn2c3c(nc(O)c2n1)-c1cccc(CC(=O)O)c1C3
CHEMBL430249,N=C(N)Nc1cccc(C(=O)NNC(=O)NC(CC(=O)O)C(N)=O)c1
CHEMBL75064,CCOC(=O)c1cccnc1S(=O)(=O)NC(=O)Nc1ncccn1
CHEMBL283849,CN1CCN(c2cc3c(cc2F)c(=O)c(C(=O)O)cn3CCF)CC1
CHEMBL273310,CCn1cc(C(=O)O)c(=O)c2c(C)c(F)c(N3CCNCC3)c(F)c21
CHEMBL15523,CCn1cc(C(=O)O)c(=O)c2cc(F)c(N3CCC(CN)C3)c(F)c21
CHEMBL282867,CCn1cc(C(=O)O)c(=O)c2cc(F)c(N3CCN(C)CC3)c(F)c21
CHEMBL275898,CCn1cc(C(=O)O)c(=O)c2c(C)c(F)c(N3CCC(N)C3)c(F)c21
CHEMBL34586,CCn1cc(C(=O)O)c(=O)c2cc(F)c(N3CCNC(CF)C3)cc21
CHEMBL46170,Cc1cc(CC(=O)O)cc(Cc2nc3c(F)c(F)cc(F)c3s2)c1
LOMEFLOXACIN,CCn1cc(C(=O)O)c(=O)c2cc(F)c(N3CCNC(C)C3)c(F)c21
CHEMBL416055,COc1cc2c(c(OC)c1OC)C(C)=NCC2.O=C(O)/C=C/C(=O)O
CHEMBL24618,O=C(O)CCNc1ccc2c3c(nn2CCO)-c2ccccc2C(=O)c13
CHEMBL50161,COC(=O)CCCC(=O)Nc1ccc2c(c1)-c1ccccc1C(=O)C2=O
CHEMBL418494,COC(=O)C1C2CC3CCC1N3C/C2=C\c1ccc(C(F)(F)F)cc1
CHEMBL21091,O=C(O)Cc1nn(Cc2nc3ccccc3s2)c(=O)c2ccccc12
CHEMBL22422,CCOC(=O)[N-]S(=O)(=O)Oc1c(C(C)C)cccc1C(C)C.[Na+]
ZINDOXIFENE,CCn1c(-c2ccc(OC(C)=O)cc2)c(C)c2cc(OC(C)=O)ccc21
CHEMBL32702,CCn1c(-c2ccc(OC(C)=O)cc2)c(C)c2ccc(OC(C)=O)cc21
CHEMBL441031,CCc1c(-c2ccc(OC(C)=O)cc2)n(C)c2cc(OC(C)=O)ccc12
CHEMBL13080,COC(=O)CC(C(=O)Oc1c(OC)cccc1OC)N1CCCCC1
CHEMBL71518,CCCCc1nnc(O)n1Cc1ccc(-c2ccccc2C(=O)O)cc1
CHEMBL66669,N=C(N)c1ccc(CCc2ccc3c(c2)CCN(CC(=O)O)C3=O)cc1
CHEMBL282448,CC(=O)OC1=C(c2ccccc2)Sc2ccccc2N2C(=O)CCC12
CHEMBL282348,COc1ccc(C2(OC(C)=O)Sc3ccccc3-n3cccc32)cc1
CHEMBL51896,COC(=O)C1C(c2ccc(-c3cccc(O)c3)cc2)CC2CCC1N2C
CHEMBL69367,CC1(C)CCC(C)(C)c2cc(C(=O)Nc3ccc(C(=O)O)cc3)ccc21
CHEMBL293652,CN(C)CC/C=C1\c2ccccc2COc2ccc(CCC(=O)O)cc21
CHEMBL62790,CN(C)CC/C=C1/c2ccccc2COc2ccc(CCC(=O)O)cc21
CHEMBL304185,CN(C)CCC/C=C1/c2ccccc2COc2ccc(CC(=O)O)cc21
CHEMBL67976,CC1(C)CCC(C)(C)c2c(NC(=O)c3ccc(C(=O)O)cc3)cccc21
TAMIBAROTENE,CC1(C)CCC(C)(C)c2cc(NC(=O)c3ccc(C(=O)O)cc3)ccc21
CHEMBL39465,CSCOC(=O)Cc1cccc2cc(C(O)CNC(C)(C)C)oc12
CHEMBL61315,O=C1CC(C(=O)O)Nc2cc(Cl)cc(I)c21
CHEMBL58249,O=C1CC(C(=O)O)Nc2cc(I)cc(Cl)c21
CHEMBL17766,CC(=O)NC1=C(C)C(=O)c2c(nc3n2CCC3OC(=O)CCl)C1=O
CHEMBL299785,CCOC(=O)ON(C(=O)OCC)S(=O)(=O)c1ccc(Cl)cc1
CHEMBL294159,O=C(O)Cc1c(-c2ccc(Cl)cc2)c(-c2ccccc2)c2n1CCC2
CHEMBL71856,O=C(O)c1cc(N(CCCl)CCCl)c([N+](=O)[O-])cc1[N+](=O)[O-]
CHEMBL299901,COC(=O)C1C2CC3CCC1N3C/C2=C\c1cccc(Cl)c1Cl
CHEMBL300787,COC(=O)C1C2CC3CCC1N3C/C2=C\c1cc(Cl)cc(Cl)c1
CHEMBL284649,CCOC(=O)c1ccc(NCCCc2ccc(Cl)c(Cl)c2)cc1
CHEMBL31370,CCOC(=O)c1ccc(NCCCc2c(Cl)cccc2Cl)cc1
CHEMBL298815,COC(=O)C1C2CC3CCC1N3C/C2=C\c1ccc(Cl)c(Cl)c1
CHEMBL274015,CCn1cc(C(=O)O)c(=O)c2c(N)c(F)c(N3CCC(N)C3)c(F)c21
CHEMBL15518,CCn1cc(C(=O)O)c(=O)c2c(N)c(F)c(N3CCNCC3)c(F)c21
CHEMBL289995,CNC1CCN(c2nc3c(cc2F)c(=O)c(C(=O)O)cn3CCF)C1
CHEMBL42952,CCOC(=O)c1cnc(-c2ccccc2)nc1NN1C(=O)C=C(C)C1=O
CHEMBL17361,COC(=O)N1C(c2ccccc2)=NN=C(c2ccccc2)N1C(=O)OC
CHEMBL19289,O=C(O)Cc1nn(Cc2nc3cccnc3s2)c(=O)c2ccccc12
CHEMBL22290,C#CCN(CC1CCc2nc(N)nc(O)c2C1)c1ccc(C(=O)O)cc1
CHEMBL444303,Cc1cc(/C=C/C(=O)O)cc(C)c1NC(=O)c1cccc(NC(=N)N)c1
CHEMBL34465,CCc1cc(/C=C/C(=O)O)ccc1NC(=O)c1cccc(NC(=N)N)c1
CHEMBL33977,COC(=O)COc1c(C)cc(-c2nn(C)c(=O)c3ccccc23)cc1C
CHEMBL17213,CN1CCC(OC(=O)N2c3ccccc3C(=O)Nc3cccnc32)CC1
CHEMBL294883,COc1ccc(-c2nc3cc(C(=O)O)ccc3[nH]2)cc1OC1CCCC1
CHEMBL284610,Cn1nc(S(N)(=O)=O)s/c1=N/C(=O)CNCCNCC(=O)O
CHEMBL309045,CSCCC(N)C(=O)NCC(O)C1OC(C(=O)O)CC(O)C1O
CLIDINIUM,C[N+]12CCC(CC1)C(OC(=O)C(O)(c1ccccc1)c1ccccc1)C2
CHEMBL45219,O=C(Nc1nc(-c2ccccc2)ns1)OCC(Cl)(Cl)Cl
CHEMBL413967,O=C1Nc2ccc(Cl)cc2C(C#Cc2ccccn2)(C(F)(F)F)O1
CHEMBL278468,O=C1Nc2ccc(Cl)cc2C(C#Cc2cccnc2)(C(F)(F)F)O1
CHEMBL17982,CNC(=O)OC1CCn2c3c(c(CCl)c21)C(=O)C(OC)=C(C)C3=O
CHEMBL284111,COC(=O)Nc1ccc(Cl)c(-c2nc3cc(Cl)ccc3s2)c1
CHEMBL12448,O=C(O)Cn1c(=O)c(=O)[nH]c2cc(C(F)(F)F)c(-n3cccc3)cc21
CHEMBL275589,O=C(O)CCCCCCCNC(=O)c1c(F)c(F)c(F)c(F)c1F
CHEMBL281030,O=C(O)CCc1cn2c3c(nc(O)c2n1)-c1cccc(CC(=O)O)c1C3
CHEMBL276346,CCn1cc(C(=O)O)c(=O)c2c(O)c(F)c(N3CCC(N)C3)c(F)c21
CHEMBL15556,CCn1cc(C(=O)O)c(=O)c2c(O)c(F)c(N3CCNCC3)c(F)c21
CHEMBL36640,COc1cc(/C=C/c2ccc3ccc(C(=O)O)c(O)c3n2)cc(O)c1O
CHEMBL38606,CCOC(=O)Cn1c(=O)c(C)cn(C2CC(N=[N+]=[N-])C(CO)O2)c1=O
CHEMBL287470,NS(=O)(=O)c1nnc(NC(=O)CN(CC(=O)O)CC(=O)O)s1
CHEMBL14861,CNC(=O)Nc1ccc2c(c1)C(CC(=O)O)c1c-2nc(O)c2nccn12
CHEMBL28601,CCc1ccc(/C(=C\CC(N)C(=O)[O-])c2ccc(F)cc2F)cc1.[Na+]
CHEMBL62192,CC(=O)OCC(CO)OC(COC(C)=O)n1cnc2c(N)ncnc21
CHEMBL298245,CCOC(=O)c1cnc(-c2ccncc2)nc1NN1C(=O)C=C(C)C1=O
CHEMBL283267,Nc1c(CC(=O)[O-])cccc1C(=O)c1ccc(-c2ccccc2)cc1.[Na+]
CHEMBL38064,COc1cc2c(c(OC)c1OC)C(C)NCC2.O=C(O)/C=C/C(=O)O
CHEMBL294807,Cc1oc(-c2ccccc2)nc1CCOc1ccc(OCC(=O)O)cc1
CHEMBL63887,N=C(N)c1ccc(COc2ccc3c(c2)CCN(CC(=O)O)C3=O)cc1
CHEMBL294989,CC(C)CC(NC(=O)OCC1c2ccccc2-c2ccccc21)C(=O)O
CHEMBL290910,Cc1ccc2nc(-c3ccc(-c4ccccc4)cc3)c(C)c(C(=O)O)c2c1
CHEMBL58242,COCCC(C(=O)Oc1c(OC)cccc1OC)N1CCCOCC1
CHEMBL51792,CCOC(=O)c1oc2cccc(OCCCNc3ccccc3)c2c1C
CHEMBL7553,CN(C)c1ncnc2c1ncn2Cc1cccc(OC(=O)C(C)(C)C)c1
CHEMBL299890,COC(=O)C1C(c2ccc(F)cc2)CC2CCC1N2Cc1ccccc1
CHEMBL33358,CC(C)(C)c1cc(NC(=O)c2ccc(C(=O)O)cc2)cc(C(C)(C)C)c1
CHEMBL32474,CC(C)(C)c1cc(C(=O)Nc2ccc(C(=O)O)cc2)cc(C(C)(C)C)c1
CHEMBL268249,COc1cc(C)cc(OC)c1OC(=O)C(CCSC)N1CCCC1
CHEMBL13253,COc1cccc(OC)c1OC(=O)C(CCSC)N1CCCCC1
CHEMBL14618,COC(=O)CCCC(=O)Nc1ccc2c(Cl)c(OC)oc(=O)c2c1
CHEMBL279321,CCn1cc(C(=O)O)c(=O)c2cc(F)c(N3CCC(N)C3)c(Cl)c21
CHEMBL288883,COC(=O)C1=C(C)N=C(C)/C(=C(/O)OC)C1c1c(F)cccc1Cl
CHEMBL15553,CCn1cc(C(=O)O)c(=O)c2cc(F)c(N3CCNCC3)c(Cl)c21
CHEMBL281010,C[n+]1ccn(CCCCOC(=O)c2ccccc2O)c1/C=N/O.[Cl-]
DALTROBAN,O=C(O)Cc1ccc(CCNS(=O)(=O)c2ccc(Cl)cc2)cc1
CHEMBL44998,O=C(O)CCCc1ccc(NS(=O)(=O)c2ccc(Cl)cc2)cc1
CHEMBL77977,O=C([O-])Cc1cc(F)ccc1Nc1c(Cl)cc(F)cc1Cl.[Na+]
CHEMBL37223,COC(=O)C(C)Oc1ccc(N(C)c2ccc(Cl)cc2Cl)cc1
CHEMBL280515,O=C1Nc2ccc(F)c(F)c2C(C#Cc2cccnc2)(C(F)(F)F)O1
CHEMBL28402,O=C(Oc1ccccc1)n1cc(F)c(=O)n(C(=O)c2ccccc2)c1=O
CHEMBL55062,COC1=C(N)C(=O)c2nc(-c3nc(C(=O)O)c(C)cc3N)ccc2C1=O
CHEMBL37575,COC(=O)C(C)Oc1ccc(N(C)c2ccc(C(F)(F)F)cn2)cc1
CHEMBL62955,CC(NP(=O)(O)CCc1ccccc1)C(=O)N1CCCC1C(=O)O
CHEMBL65594,O=C(CCCC(=O)Oc1ccc(/C=C/[N+](=O)[O-])cc1)Nc1ccccc1
CHEMBL47162,CC1=C(C(=O)[O-])N2C(=O)C(NC(=O)Cc3ccccc3)C2SC1.[Na+]
CHEMBL39391,O=C([O-])c1ccccc1SCCn1cnc2c1NC=NCC2O.[Na+]
CHEMBL34750,COc1cc(NC(=O)c2cccc(NC(=N)N)c2)ccc1/C=C/C(=O)O
CHEMBL289516,CCCn1c(=O)[nH]c2[nH]c(-c3ccc(/C=C/C(=O)OC)cc3)nc2c1=O
CHEMBL34018,COc1cc(/C=C/C(=O)O)ccc1NC(=O)c1cccc(NC(=N)N)c1
CHEMBL6421,CN1Cc2c(C(=O)OC(C)(C)C)ncn2-c2ccc(N=[N+]=[N-])cc2C1=O
CHEMBL417085,CC(=O)NCC1CN(c2ccc(C(C)=O)c(S(C)(=O)=O)c2)C(=O)O1
CHEMBL10712,O=C(OCN1C(=O)CC1Sc1nc2ccccc2o1)c1ccccc1
CHEMBL70005,COC(=O)CCc1ccc(OCCN(C)c2nc3ccccc3o2)cc1
CHEMBL37300,N=C(N)c1ccc(N2CCN(c3ccc(OCC(=O)O)cc3)CC2)cc1
CHEMBL33922,COc1ccc(C#CCCCCC(=O)O)cc1Cc1cnc(N)nc1N
CHEMBL303389,CC(Cc1ccc(OCCN(C)c2nc3ccccc3o2)cc1)C(=O)O
CHEMBL416788,Cc1cc(O)cc(C)c1C(NC(=O)C1Cc2ccccc2CN1)C(=O)O
CHEMBL51868,CCOC(=O)c1cc2c(OCCCNCc3cccnc3)cccc2o1
CHEMBL7195,CC(C)C(=O)NCC(C)(C)NCC(O)COC(=O)c1ccccc1F
CHEMBL21797,CC(C)c1cccc(C(C)C)c1OC(=O)NS(=O)(=O)N1CCCC1
CHEMBL56353,C=Cc1cc(C(=O)OCC)n(S(=O)(=O)c2cc(Cl)ccc2N)c1
CHEMBL68820,CC(=O)[O-].Cc1c2cc[n+](C)cc2c(C)c2c1[nH]c1ccc(Cl)cc12
CHEMBL77762,O=C(O)COc1ccc(NC(=O)Nc2ccc(Cl)c(Cl)c2)cc1
CHEMBL417261,CC(=O)NCC1CN(c2ccc(C(C)=O)c(Br)c2)C(=O)O1
CHEMBL49846,COC(=O)SNN(C)S(=O)(=O)c1ccc(Br)cc1
CHEMBL305685,COc1ccc2c(COC(=O)c3ccc([N+](=O)[O-])cc3)cc(=O)oc2c1
CHEMBL47614,O=C(O)Cc1cc(F)cc(Cc2nc3c(F)c(F)cc(F)c3s2)c1
CHEMBL29279,COc1ccc(/C(=C\CC(N)C(=O)[O-])c2ccc(F)cc2F)cc1.[Na+]
CHEMBL304442,O=C(CCCC(=O)Oc1ccc(/C=C/[N+](=O)[O-])cc1)Oc1ccccc1
CHEMBL18460,O=C(O)c1ccc(COc2ccc(OCCCc3nnn[nH]3)cc2)nc1
CHEMBL49473,CCOC(=O)C(=O)CC(=O)/C=C/c1cccn1Cc1ccc(OC)cc1
CHEMBL418062,Cc1c(-c2ccc(-c3ccccc3)cc2)nc2ccc(O)cc2c1C(=O)O
CHEMBL34003,CC(=O)NCCOC(=O)C(C)c1ccc2c(c1)Oc1ccccc1CO2
CHEMBL431583,COC(=O)c1ccc(-c2[nH]c(-c3ccccc3)nc2-c2ccncc2)cc1
CHEMBL292272,CCOC(=O)N(C)C(=O)C(CC)(OCc1ccccc1)c1ccccc1
CHEMBL282854,CC(=O)OC1(c2ccccc2)Sc2c(Cl)cccc2-n2cccc21
CHEMBL14144,CN1C2CCC1C(C(=O)Oc1ccccc1)C(c1ccc(Cl)cc1)C2
CHEMBL299408,COc1cc(N)c(Cl)cc1NC(=O)OCCN1CC(C)CC(C)C1
CHEMBL20328,O=C(OCCCc1c[nH]cn1)c1cccc(I)c1
CHEMBL20295,O=C(OCCCc1c[nH]cn1)c1ccc(I)cc1
CHEMBL20191,O=C(OCCCc1c[nH]cn1)c1ccccc1I
CHEMBL439922,O=C(O)c1ccccc1NS(=O)(=O)c1ccc(Br)cc1
CHEMBL25679,CCn1cc(C(=O)O)c(=O)c2c(F)c(F)c(N3CCOCC3)c(F)c21
CHEMBL24520,CCn1cc(C(=O)O)c(=O)c2c(N3CCOCC3)c(F)c(F)c(F)c21
CHEMBL69656,Cn1cc(C(=O)O)c(=O)c2cc3cc(F)c(N4CCNCC4)cc3nc21
CHEMBL75327,CC(C)OC(=O)n1c2ccccc2c2oc(C(=O)N3CCOCC3)cc21
CHEMBL76449,CCCOC(=O)n1c2ccccc2c2oc(C(=O)N3CCOCC3)cc21
CHEMBL72109,CCOC(=O)n1c2cc(C)ccc2c2oc(C(=O)N3CCOCC3)cc21
CHEMBL35258,COc1cc(NC(=O)c2cccc(NC(=N)N)c2)ccc1CCC(=O)O
CHEMBL418301,O=C1Nc2cc(-c3ccccc3)ccc2/C1=C/c1[nH]cc2c1CCOC2=O
CHEMBL417924,CC1=C(N2CC2C)C(=O)c2c(COC(N)=O)c3n(c2C1=O)CC1C3N1C
CHEMBL7663,CCOC(=O)NCC(C)(C)NCC(O)COC(=O)c1ccccc1F
CHEMBL285592,CC(C)c1ccc(/C(=C\CC(N)C(=O)[O-])c2ccc(C#N)cc2)cc1.[Na+]
CHEMBL42531,CCCN(c1ccncc1F)n1cc(C)c2cc(OC(=O)NC)ccc21
CHEMBL77816,Cc1cc(C)c(NC(=O)Nc2ccc(OC(C)(C)C(=O)O)cc2)c(C)c1
CHEMBL35929,O=C(O)C(CCCCn1cnc2c1NC=NCC2O)Cc1ccccc1
CHEMBL277168,CC(C)c1cccc2ccc(-c3ccc(-c4ccc(C(=O)O)cc4)[nH]3)nc12
CHEMBL48393,Cc1c(N2CCNC(C)C2)c(N)cc2c(=O)c(C(=O)O)cn(C3CC3)c12
CHEMBL416273,Cc1c(N2CCN(C)CC2)c(N)cc2c(=O)c(C(=O)O)cn(C3CC3)c12
CHEMBL36790,CCOC(=O)c1cc(CC)cc(CCn2cnc3c2NC=NCC3O)c1
CHEMBL47675,CC1CN(c2cc3c(cc2N)c(=O)c(C(=O)O)cn3C2CC2)CC(C)N1
CHEMBL288017,CC(C)c1cccc(C(=O)O)c1CCCn1cnc2c1NC=NCC2O
CHEMBL289027,CCCc1ccc(C(=O)OC)cc1CCn1cnc2c1NC=NCC2O
CHEMBL43520,Cc1csc(Sc2cc3c(cc2NS(C)(=O)=O)COC3=O)n1
CHEMBL8829,O=Cc1ccn(-c2cc3c(cc2Cl)nc(O)n2nc(C(=O)O)cc32)c1
CHEMBL285298,CCOC(=O)c1c(C)cc2cnn(-c3ccccc3Cl)c(=O)c2c1C
CHEMBL35508,C#CCOC(=O)Nc1ccc(C)c(-c2nc3cc(Cl)ccc3s2)c1
CHEMBL301550,Cn1c(-c2cccnc2)c(CCCCCC(=O)O)c2cc(Cl)ccc21
CHEMBL418420,Cc1c(C)n(Cc2ccc(Cl)c(Cl)c2)c(=O)n(CC(=O)O)c1=O
CHEMBL291093,CCOC(=O)Nc1cc2c(c(N)n1)N=C(c1ccc([N+](=O)[O-])cc1)CO2
TOLRESTAT,COc1ccc2c(C(=S)N(C)CC(=O)O)cccc2c1C(F)(F)F
CHEMBL306979,COC(=O)CC(=O)Nc1cccc(COc2ccc(C(C)=O)c(O)c2)c1
CHEMBL39397,Cc1c(-c2cccc(-c3ccccc3)c2)nc2ccc(F)cc2c1C(=O)O
CHEMBL70189,Cc1ccnc2c1nc(C)n2Cc1ccc(-c2ccccc2C(=O)O)cc1
CHEMBL57812,CCOC(=O)C1CNc2c(cc(Cc3cnc(N)nc3N)cc2OC)C1
CHEMBL416630,CN1CCN(c2cc3c(c(N)c2N)c(=O)c(C(=O)O)cn3C2CC2)CC1
CHEMBL57807,COc1cc(Cc2cnc(N)nc2N)cc2c1NCC(COC(C)=O)C2
CHEMBL27696,CNC(=O)OCc1c(COC(=O)NC)c(-c2ccccc2)n2c1CCC2
CHEMBL36986,CNOC(=O)c1ccc(C)c(CCCn2cnc3c2NC=NCC3O)c1
CHEMBL45892,Cc1c(N2CCC(O)CC2)c(N)cc2c(=O)c(C(=O)O)cn(C3CC3)c12
CHEMBL312747,CCc1ccc(OCc2cccc(NC(=O)CC(=O)OC)c2)cc1OC
CHEMBL75552,CCCCCOc1nsnc1C1=CCCN(C)C1.O=C(O)C(=O)O
CHEMBL275274,CC(C)C(=O)OCn1c([S+]([O-])Cc2ccccn2)nc2ccccc21
CHEMBL278863,COCCN1CC2(CCN(CCc3c[nH]c4ccccc34)CC2)OC1=O
CHEMBL39342,CCN(CC)CCOC(=O)C(C)(c1ccc(O)cc1)c1ccc(O)cc1
CHEMBL54942,CC(NC(=O)C(Cc1ccccc1)CC(S)c1ccccc1)C(=O)O
CHEMBL300348,CC1=C(/C=C/C(C)=C/C=C/C(C)=C/C(=O)NCC(=O)O)C(C)(C)CCC1
CHEMBL17627,O=C1Nc2ccc(Cl)cc2C(C#Cc2ccsc2)(C(F)(F)F)O1
CHEMBL28976,CSc1ccc(C(=O)c2cc(Cl)cc(CC(=O)[O-])c2N)cc1.[Na+]
CHEMBL37982,COC(=O)C(C)Oc1ccc(Oc2ccc3cc(Cl)ccc3n2)cc1
INDOMETHACIN,COc1ccc2c(c1)c(CC(=O)O)c(C)n2C(=O)c1ccc(Cl)cc1
CLOMETACIN,COc1ccc2c(C(=O)c3ccc(Cl)cc3)c(C)n(CC(=O)O)c2c1
CHEMBL67591,O=C(O)Cc1nn(Cc2nc3ccccc3s2)c2ccc(Cl)cc12
CHEMBL416980,CCN(CC)CCNC(=O)c1cc(Cl)c(N)cc1OCC(=O)OC
CHEMBL16920,O=C(O)CCCCCCCNC(=O)c1cc(Br)ccc1O
CHEMBL304906,COC(=O)NC(=O)CC1C(=O)N(C)C(=O)c2ccc(C(F)(F)F)cc21
CHEMBL43619,CCOC(=O)c1cnc(C(F)(F)F)nc1NN1C(=O)C(C)=C(C)C1=O
CHEMBL37082,CCCCn1c(=O)[nH]c2[nH]c(-c3ccc(OCC(=O)O)cc3)nc2c1=O
CHEMBL290028,COc1cc(NC(=O)c2cccc(NC(=N)N)c2)ccc1OCC(=O)O
CHEMBL423675,CCOC(=O)n1c2cc(O)ccc2c2oc(C(=O)N3CCOCC3)cc21
CHEMBL74246,COC(=O)n1c2cc(OC)ccc2c2oc(C(=O)N3CCOCC3)cc21
CHEMBL284288,CCCn1c(=O)[nH]c2[nH]c(-c3ccc(OCC(=O)OC)cc3)nc2c1=O
CHEMBL7290,CN1Cc2c(C(=O)OC(C)(C)C)ncn2-c2ccc([N+](=O)[O-])cc2C1=O
CHEMBL77777,CC(C)(Oc1ccc(NC(=O)Nc2ccc3c(c2)OCO3)cc1)C(=O)O
CHEMBL289854,Cc1c(-c2ccc(-c3ccccc3F)cc2)nc2cccnc2c1C(=O)O
CHEMBL39971,Cc1c(-c2ccc(-c3ccccc3F)cc2)nc2cnccc2c1C(=O)O
CHEMBL39325,Cc1c(-c2ccc(-c3ccccc3F)cc2)nc2ccncc2c1C(=O)O
CHEMBL289071,Cc1c(-c2ccc(-c3ccccc3F)cc2)nc2ncccc2c1C(=O)O
CHEMBL43610,CCOC(=O)c1cnc(-c2ccsc2)nc1NN1C(=O)C=C(C)C1=O
CHEMBL43549,CCOC(=O)c1cnc(-c2cccs2)nc1NN1C(=O)C=C(C)C1=O
CHEMBL307409,COC(=O)C1=C(C)N=C(C)/C(=C(\O)OC)C1c1ccc(NC(C)=O)cc1
CHEMBL281480,CCOC(=O)CC1CCCN1C(=O)C(=O)c1c[nH]c2c(OC)cccc12
CHEMBL64537,N=C(N)c1ccc(N2CCC3(CCN(C(=O)CC(=O)O)CC3)C2=O)cc1
CHEMBL303200,N=C(N)c1ccc(N2CC3(CCN(C(=O)CC(=O)O)CC3)CC2=O)cc1
CHEMBL290770,COC(=O)c1ccc(OC)c(CCCn2cnc3c2NC=NCC3O)c1
CHEMBL47887,CN1CCN(c2nc3c(c(N)c2N)c(=O)c(C(=O)O)cn3C2CC2)CC1
CHEMBL295509,CCOC(=O)Nc1cc2c(c(N)n1)N=C(c1cccc(OC)c1)CS2
CHEMBL44402,CCOC(=O)Nc1cc2c(c(N)n1)N=C(c1ccc(OC)cc1)CS2
CHEMBL311131,CCOC(=O)c1c(N2CCN(C)CC2)c2ccc(C)nc2n(CC)c1=O
CHEMBL75766,CC(C)N1CCCC(COC(=O)c2ccccc2N2C(=O)CCC2=O)C1
CHEMBL21716,O=C(OC1CN2CCC1CC2)C1=C/C(=C\c2ccccn2)c2ccccc21
CHEMBL278074,O=C(OC1CN2CCC1CC2)C1=C/C(=C\c2ccncc2)c2ccccc21
CHEMBL46266,CN1CCN(c2cc3c(cc2N)c(=O)c(C(=O)O)cn3C(C)(C)C)CC1
CHEMBL6316,Cc1ccc(Sc2cncc3sc(/C=N/OCC(=O)O)cc23)cc1
CHEMBL21321,O=C(OC1CN2CCC1CC2)C1=C/C(=C\c2cccnc2)c2ccccc21
CHEMBL306888,COc1ccc(C2(C#N)CCN(CC(=O)O)CC2)cc1OC1CCCC1
CHEMBL302168,CCCCCCCNC(=O)Oc1ccc2c(c1)C1(C)CCN(CC)C2C1
CHEMBL268445,CCOC(=O)c1cc2c3cc(-n4cnnc4)c(Cl)cc3nc(O)n2n1
CHEMBL286870,COC(=O)C(C)Oc1ccc(Oc2ncc3cc(Cl)ccc3n2)cc1
CHEMBL35359,N=C(N)Nc1cccc(C(=O)Nc2ccc(/C=C/C(=O)O)c(Cl)c2)c1
CHEMBL442541,N=C(N)Nc1cccc(C(=O)Nc2ccc(/C=C/C(=O)O)cc2Cl)c1
CHEMBL413543,CCOC(=O)c1cc(CO)cn1S(=O)(=O)c1cc(Cl)ccc1N
CHEMBL63117,COC(=O)NC(=O)CC1C(=O)N(C)C(=O)c2cc(Cl)c(Cl)cc21
CHEMBL292864,O=C1Nc2ccc(Br)cc2/C1=C/c1[nH]cc2c1CCOC2=O
CHEMBL275906,CC(=O)OC(c1cc([N+](=O)[O-])cc2nc(O)c(O)nc12)P(=O)(O)O
CHEMBL54742,Cc1c2nc(C(=O)[O-])cc(O)c2cc2c(=O)cc(C(=O)[O-])oc12.[Na+].[Na+]
CHEMBL277502,O=C1Nc2ccc(F)c(F)c2C(C#Cc2cccs2)(C(F)(F)F)O1
CHEMBL276066,O=C1Nc2ccc(F)c(F)c2C(C#Cc2ccsc2)(C(F)(F)F)O1
CHEMBL12465,NCc1ccn(-c2cc3c(cc2[N+](=O)[O-])[nH]c(=O)c(=O)n3CC(=O)O)c1
CHEMBL65376,O=C(CCCC(=O)Oc1ccc(/C=C/[N+](=O)[O-])cc1)OCc1ccco1
CHEMBL77604,CC(C)(Oc1ccc(NC(=O)Nc2ccc([N+](=O)[O-])cc2)cc1)C(=O)O
CHEMBL78210,COC(=O)CC(=O)Nc1cccc(COc2ccc(C(C)=O)c(F)c2)c1
CHEMBL29796,O=C(O)C(NCc1cccc(C(F)(F)F)c1)c1cccc2ccccc12
CHEMBL269339,O=C(O)c1ccc(-c2nc(-c3ccc(F)cc3)c(-c3ccccn3)[nH]2)cc1
CHEMBL61160,O=C(O)c1cn2c3c(c(N4CCNCC4)c(F)cc3c1=O)OCC21CC1
CHEMBL308216,O=C(O)Cc1nn(Cc2nc3cc(F)cc(F)c3s2)c2ccccc12
CHEMBL32198,NS(=O)(=O)c1ccc(CNC(=O)CN(CC(=O)O)CC(=O)O)cc1
CHEMBL432491,NS(=O)(=O)c1ccc2c(c1)/C(=C/c1[nH]cc3c1CCOC3=O)C(=O)N2
CHEMBL6252,O=C(O)c1ccc(-c2nc(-c3ccc(F)cc3)c(-c3ccncc3)[nH]2)cc1
CHEMBL41719,O=C(O)c1c(O)c(-c2ccc(-c3ccccc3)cc2)nc2ccc(F)cc12
CHEMBL72448,COC(=O)C1=C(C)N=C(C)/C(=C(\O)OC)C1c1ccc(C(=O)OC)cc1
CHEMBL28035,CCCCC1=C(NC(C)=O)C(=O)c2nc3n(c2C1=O)CCC3OC(C)=O
CHEMBL273906,O=C(O)c1ccc(-c2nnc3c4ccccc4c(N4CCCC4)nn23)cc1
CHEMBL16181,CCc1c(F)c(N2CCNCC2)cc2c1c(=O)c(C(=O)O)cn2C1CC1
CHEMBL274980,CC1CN(c2cc3c(cc2F)c(=O)c(C(=O)O)cn3C2CCC2)CCN1
ENROFLOXACIN,CCN1CCN(c2cc3c(cc2F)c(=O)c(C(=O)O)cn3C2CC2)CC1
CHEMBL29189,C=CCN1CCN(c2cc3c(cc2F)c(=O)c(C(=O)O)cn3CC)CC1
CHEMBL15322,CC1CN(c2cc3c(cc2F)c(=O)c(C(=O)O)cn3C2CC2)CC(C)N1
CHEMBL26141,CC(C)(C)n1cc(C(=O)O)c(=O)c2cc(F)c(N3CC4CC3CN4)cc21
CHEMBL279853,CNCC1CCN(c2cc3c(cc2F)c(=O)c(C(=O)O)cn3C2CC2)C1
CHEMBL15767,CCc1c(F)c(N2CCC(N)C2)cc2c1c(=O)c(C(=O)O)cn2C1CC1
CHEMBL15210,NCC1CCCN(c2cc3c(cc2F)c(=O)c(C(=O)O)cn3C2CC2)C1
CHEMBL278648,CC1(CN)CCN(c2cc3c(cc2F)c(=O)c(C(=O)O)cn3C2CC2)C1
CHEMBL15531,CCC1CN(c2cc3c(cc2F)c(=O)c(C(=O)O)cn3C2CC2)CCN1
GREPAFLOXACIN,Cc1c(F)c(N2CCNC(C)C2)cc2c1c(=O)c(C(=O)O)cn2C1CC1
CHEMBL38777,CCOC(=O)C1=C(C)N=C(C)/C(=C(/O)OCC)C1c1ccccc1OC
CHEMBL287902,CCOC(=O)C1=C(C)N=C(C)/C(=C(/O)OCC)C1c1cccc(OC)c1
CHEMBL43024,CNC(=O)OCc1c(COC(=O)NC)c(-c2ccc(C)cc2)n(C)c1C
CHEMBL76366,COC(=O)c1[nH]c2ccc(CCN3CCOC3=O)cc2c1CCN(C)C
CHEMBL32960,O=C(O)CCNC(=O)c1ccc2c(c1)C(=O)N(CCC1CCNCC1)C2
CHEMBL58523,CCOC(=O)c1c(C)nc2c(c1N)c1ccccc1n2Cc1ccccc1
CHEMBL37599,COc1cc(/C=C2\CCCc3cc4ccccc4nc32)ccc1OC(C)=O
CHEMBL15418,CC1(C)C=C(C(=O)NCCNC(=O)c2ccccc2C(=O)O)C(C)(C)N1
CHEMBL48072,Cc1c(N2CCSCC2)c(N)cc2c(=O)c(C(=O)O)cn(C3CC3)c12
CHEMBL19451,CSc1cc2n(c1C(=O)c1ccc(OC(C)C)cc1)CCC2C(=O)O
CHEMBL303436,COC(=O)C1=C(C)N=C(C)/C(=C(\O)OC)C1c1cccc([N+](C)(C)C)c1
CHEMBL11495,O=C(NC(Cc1ccc(O)cc1)C(=O)O)C(CS)Cc1ccccc1
CHEMBL26354,O=C(O)CCCCC(=O)N1CCC2(CC1)CCN(c1ccncc1)CC2
CHEMBL306941,CCCCSc1nsnc1C1=CCCN(C)C1.O=C(O)C(=O)O
CHEMBL26067,O=C(O)CCCNC(=O)C1CCC2(CC1)CCN(c1ccncc1)CC2
CHEMBL50795,CC(C)(C)C(=O)C(=O)N1CCCCC1C(=O)OCCCc1ccccc1
CHEMBL62706,CCOC(=O)N1CCCC(OCC2CCCCC2)(c2ccccc2)C1=O
CHEMBL13002,O=C(O)CCCCCC(=O)N1CCC2(CCN(c3ccncc3)CC2)C1
CHEMBL14423,COc1oc(=O)c2cc(NC(=O)OCc3ccccc3)ccc2c1Cl
CHEMBL37447,COC(=O)C(C)Oc1ccc(Oc2nnc3cc(Cl)ccc3n2)cc1
CHEMBL29061,O=C(CCCCC(=O)c1ccc(Cl)cc1)Nc1ccc(C(=O)O)cc1
CHEMBL417356,CCOC(=O)C(=O)CC(=O)/C=C/c1cccn1Cc1ccc(Cl)cc1
CHEMBL71633,CC1(C)CCOc2c(Cl)cc(C(=O)Nc3ccc(C(=O)O)cc3)cc21
CHEMBL19284,COC(=O)c1cc(OCc2cccc(Cl)c2)ccc1OCCCC#N
CHEMBL16267,CC(=O)NCC1CN(c2cccc(I)c2)C(=O)O1
CHEMBL28557,Cc1cc(CC(=O)[O-])c(N)c(C(=O)c2ccc(Cl)cc2Cl)c1.[Na+]
CHEMBL62905,CCCCN(C)C(=O)Oc1nsnc1-c1c(Cl)cccc1Cl
CHEMBL417969,CC1(C)CC(=O)OC1CC(=O)NC(Cn1cncn1)CP(=O)(O)O
CHEMBL76018,CCOC(=O)n1c2cc(F)ccc2c2oc(C(=O)N3CCOCC3)cc21
CHEMBL285408,NS(=O)(=O)c1ccc(COC(=O)CN(CC(=O)O)CC(=O)O)cc1
CHEMBL72093,NS(=O)(=O)c1ccc(-c2coc(=O)n2-c2cccc(C(=O)O)c2)cc1
CHEMBL66504,O=C(O)c1cccc(S(=O)(=O)N2C(=O)CN(c3ccccc3)C2=O)c1
CHEMBL31949,CO/N=C1\CCN(c2nc3c(cc2F)c(=O)c(C(=O)O)cn3C2CC2)C1
CHEMBL285170,NS(=O)(=O)c1ccc(NNC(=O)CN(CC(=O)O)CC(=O)O)cc1
CHEMBL307606,NS(=O)(=O)c1ccc(-c2coc(=O)n2-c2ccc(C(=O)O)cc2)cc1
CHEMBL289877,C=Cn1cc(C(=O)O)c(=O)c2cc(F)c(N3CCC(NC(C)=O)C3)nc21
CHEMBL304154,O=C(O)c1ccc(S(=O)(=O)N2C(=O)CN(c3ccccc3)C2=O)cc1
CHEMBL287173,COC(=O)C1=C(C)N=C(C)/C(=C(/O)OC)C1(C)c1cccc([N+](=O)[O-])c1
CHEMBL21178,O=C(O)C(NCCNC(C(=O)O)c1ccccc1O)c1ccccc1O
CHEMBL40438,CCO/C(O)=C1\C(C)=NC(C)=C(C(=O)OC)C1c1ccccc1[N+](=O)[O-]
CHEMBL32205,CCCn1c(=O)c2nc(-c3cc(C(=O)O)n(C)n3)[nH]c2n(CCC)c1=O
CHEMBL418426,CCO/C(O)=C1\C(C)=NC(C)=C(C(=O)OC)C1c1ccc([N+](=O)[O-])cc1
CHEMBL12763,C=CCNn1cc(C(=O)O)c(=O)c2cc(F)c(N3CCN(C)CC3)cc21
CHEMBL47829,CN1CCN(c2c(N)cc3c(=O)c(C(=O)O)cn(C4CC4)c3c2F)CC1
CHEMBL276049,CC1CN(c2cc3c(c(N)c2F)c(=O)c(C(=O)O)cn3C2CC2)CCN1
CHEMBL275358,CNCC1CCN(c2nc3c(cc2F)c(=O)c(C(=O)O)cn3C2CC2)C1
CHEMBL294685,Cc1c(N2CCNCC2)c(F)c2c(c1N)c(=O)c(C(=O)O)cn2C1CC1
CHEMBL36842,CC(C)CCOC(=O)COc1ccc(C(=O)Nc2ccc(F)cc2)cn1
CHEMBL283387,CC(C)(C)n1cc(C(=O)O)c(=O)c2cc(F)c(N3CC4CC3CN4)nc21
CHEMBL55420,Cc1c(N2CCC(N)C2)c(F)c2c(c1N)c(=O)c(C(=O)O)cn2C1CC1
CHEMBL274696,CC1(CN)CCN(c2nc3c(cc2F)c(=O)c(C(=O)O)cn3C2CC2)C1
CARBAZERAN,CCNC(=O)OC1CCN(c2nncc3cc(OC)c(OC)cc23)CC1
CHEMBL63665,CN(CC(=O)N1CCC(CC(=O)O)CC1)C(=O)c1ccc(C(=N)N)cc1
CHEMBL58152,O=C(O)CCNC(=O)CN1CCc2ccc(N3CCNCC3)cc2C1=O
CHEMBL64969,N=C(N)c1ccc(C(=O)NCCC(=O)N2CCC(CC(=O)O)CC2)cc1
CHEMBL62948,CCOC(=O)N1CCN(CCCOc2ccc(C(=O)C3CC3)cc2)CC1
CHEMBL67294,O=C(O)CN1CCc2cc(OCCCCC3CCNCC3)ccc2C1=O
CHEMBL264761,C=C(C)C(=O)c1ccc(OCCCN2CCN(C(=O)OCC)CC2)cc1
CHEMBL291487,CC1(C)Cc2c(-c3ccccc3)c(-c3ccc(N)cc3)c(CC(=O)O)n2C1
CHEMBL12464,O=C(O)CCCCNC(=O)N1CCC2(CC1)CCN(c1ccncc1)C2
CHEMBL275580,CCOC(=O)c1sc(C(C)(C)C)cc1NC(=O)Nc1ccc(C)cc1
CHEMBL18763,CCc1ccc(NC(=O)Nc2cc(C(C)(C)C)sc2C(=O)OC)cc1
CHEMBL57141,CCC(C)OC(=O)c1cc(CN2CCCC2)c(O)c(CN2CCCC2)c1
CHEMBL56825,CCCOC(=O)Cc1cc(CN2CCCC2)c(O)c(CN2CCCC2)c1
CHEMBL56452,CC(C)COC(=O)c1cc(CN2CCCC2)c(O)c(CN2CCCC2)c1
CHEMBL300564,CC(C)OC(=O)Cc1cc(CN2CCCC2)c(O)c(CN2CCCC2)c1
CHEMBL267805,CCn1ncc2c(NCc3ccc(OC)c(Cl)c3)c(C(=O)O)cnc21
CHEMBL32894,C#CCOC(=O)Nc1ccc(Cl)c(-c2nc3cc(Cl)ccc3o2)c1
CHEMBL69993,CCn1nc(C(=O)O)cc1-c1ccc(-c2ccc(Cl)cc2Cl)cc1
CHEMBL25687,O=C(O)c1cn2c3c(nc(O)c2n1)-c1cccc(CP(=O)(O)O)c1C3
CHEMBL283446,O=C(O)Cc1cccc2c1Cc1c-2nc(O)c2nc(P(=O)(O)O)cn12
SUCCINYLCHOLINE CHLORIDE,C[N+](C)(C)CCOC(=O)CCC(=O)OCC[N+](C)(C)C.[Cl-].[Cl-]
CHEMBL29943,NS(=O)(=O)c1ccc(-n2nc(C(=O)O)cc2-c2ccc(F)cc2)cc1
CHEMBL42568,COC1=C(C)C(=O)c2c(c(COC(C)=O)c3n2CCC3OC(C)=O)C1=O
CHEMBL36329,COc1c(OC)c(OC(C)=O)c2c(NC(C)=O)cccc2c1OC(C)=O
CHEMBL417346,COC1=CC(=O)c2c(c(COC(C)=O)c3n2CCCC3OC(C)=O)C1=O
CHEMBL274898,Cc1cn(C2CC(O)C(CNC(=O)Oc3ccccc3)O2)c(=O)[nH]c1=O
CHEMBL35585,COc1ccc(-c2nc(CC(=O)[O-])sc2-c2ccc(OC)cc2)cc1.[Li+]
CHEMBL307594,COC(=O)C1=C(C)N=C(C)/C(=C(\O)OC)C1c1ccc(N)c([N+](=O)[O-])c1
CHEMBL34266,O=C(O)c1cn(C2CC2)c2cc(N3CCNCC(O)C3)c(F)cc2c1=O
CHEMBL275359,COc1c(N2CCC(N)C2)c(F)cc2c(=O)c(C(=O)O)cn(C3CC3)c12
CHEMBL283829,CCn1cc(C(=O)O)c(=O)c2cc(F)c(N3CCC(C(N)=O)CC3)cc21
4-N-ACETYL-1-PIPERAZINYL-NORFLOXACIN,CCn1cc(C(=O)O)c(=O)c2cc(F)c(N3CCN(C(C)=O)CC3)cc21
CHEMBL14937,COc1c(N2CCNCC2)c(F)cc2c(=O)c(C(=O)O)cn(C3CC3)c12
CHEMBL27345,NCC1CN(c2cc3c(cc2F)c(=O)c(C(=O)O)cn3C2CC2)CCO1
OFLOXACIN,CC1COc2c(N3CCN(C)CC3)c(F)cc3c(=O)c(C(=O)O)cn1c23
CHEMBL59808,CN1CCN(c2nc3c(cc2F)c(=O)c(C(=O)O)c2n3CCN2C)CC1
CHEMBL295748,CC(C)(C)Nc1cc2c(cc1[N+](=O)[O-])c(=O)c(C(=O)O)cn2C(C)(C)C
CHEMBL301513,CCOC(=O)c1ncn2c1CN(Cc1ccccc1)C(=O)c1ccccc1-2
CHEMBL68291,CN(CC(=O)N1CCC(C(=O)O)CC1)C(=O)c1ccc(NC(=N)N)cc1
CHEMBL7432,CN(C)CC(=O)Oc1ccc2[nH]c(C(=O)c3cc4ccccc4[nH]3)cc2c1
CHEMBL303159,CC(C)CC(C(=O)NO)C(=O)NC(Cc1c[nH]c2ccccc12)C(=O)O
CHEMBL68128,CC(C)C(CC(=O)NO)C(=O)NC(Cc1c[nH]c2ccccc12)C(=O)O
CHEMBL40892,CCc1cc2cc(OC(C)=O)ccc2c2cc3ccc(OC(C)=O)cc3n12
CHEMBL308517,C/C(=C\C(=O)O)c1ccc2c(C)cc(Oc3ccc(C(=N)N)cc3)nc2c1
CHEMBL306913,N=C(N)Nc1ccc(C(=O)NCCC(=O)N2CCC(C(=O)O)CC2)cc1
CHEMBL296689,O=C(O)C1(C(=O)O)CC=C(c2c(-c3ccccc3)[nH]c3ccccc23)CC1
BISACODYL,CC(=O)Oc1ccc(C(c2ccc(OC(C)=O)cc2)c2ccccn2)cc1
CHEMBL286507,CC(C)(C)n1cc(C(=O)O)c(=O)c2cc(F)c(N3CCC(CN)C3)cc21
CHEMBL15164,CC1CN(c2cc3c(cc2F)c(=O)c(C(=O)O)cn3C(C)(C)C)CCN1
CHEMBL275411,CCN1CCN(c2cc3c(cc2F)c(=O)c(C(=O)O)cn3C(C)C)CC1
CHEMBL15371,CC1CN(c2cc3c(cc2F)c(=O)c(C(=O)O)cn3C(C)C)CC(C)N1
CHEMBL25916,CC1(N)CCN(c2cc3c(cc2F)c(=O)c(C(=O)O)cn3C(C)(C)C)C1
CHEMBL16250,CCn1cc(C(=O)O)c(=O)c2c(C)c(F)c(N3CC(C)NC(C)C3)cc21
CHEMBL15993,CCNCC1CCN(c2cc3c(cc2F)c(=O)c(C(=O)O)cn3CC)C1
CHEMBL28748,CCn1cc(C(=O)O)c(=O)c2cc(F)c(N3CCC(N(C)C)CC3)cc21
CHEMBL29964,COc1ccc(/C(=C/CC(N)C(=O)[O-])c2ccc(C(C)C)cc2)cc1.[Na+]
CHEMBL15504,CNCC1CCN(c2cc3c(cc2F)c(=O)c(C(=O)O)cn3C(C)C)C1
CHEMBL54658,CC1(C)Cc2c(-c3ccccc3)c(-c3ccc(O)cc3)c(CC(=O)O)n2C1
CHEMBL34456,CCOC(=O)CNc1c2c(nc3ccccc13)N(Cc1ccccc1)CC2
CHEMBL443515,CCOC(=O)c1ccc(NCc2ccc(OCc3ccccc3)cc2)cc1
CHEMBL32343,O=C(O)c1ccc(NCCCc2ccc(OCc3ccccc3)cc2)cc1
CHEMBL45613,CC(C)(C)n1cc(C(=O)O)c(=O)c2cc(N)c(N3CCSCC3)cc21
CHEMBL284623,CCCC(=O)OC1=C(c2ccccc2)Sc2ccccc2-n2cccc21
CHEMBL52854,CCOC(=O)c1oc2cccc(OCCCCCNC(C)(C)C)c2c1C
CHEMBL303402,O=C(O)C1CCCN(CCC=C2c3ccccc3CCc3ccccc32)C1
CHEMBL7710,CCOC(=O)C1Cc2cc3c(-c4ccccc4F)noc3c(Cl)c2O1
FENOXAPROP-ETHYL,CCOC(=O)C(C)Oc1ccc(Oc2nc3ccc(Cl)cc3o2)cc1
BEZAFIBRATE,CC(C)(Oc1ccc(CCNC(=O)c2ccc(Cl)cc2)cc1)C(=O)O
CHEMBL279411,CC1N=C(S)N(Nc2cccc(Cl)c2)C1c1cccc(C(=O)O)c1
CHEMBL300818,COC(=O)C1C2CC3CCC1N3C/C2=C\c1ccc(Br)cc1
CHEMBL31316,CCOC(=O)c1ccc(NCCCc2cccc(Br)c2)cc1
CHEMBL305288,CCn1cc(C(=O)O)c(=O)c2cc(F)c(-n3cnc(/C=N/O)c3)c(F)c21
CHEMBL279123,COC1=C(C)C(=O)c2c(c(COC(N)=O)c3n2CCC3OC(C)=O)C1=O
CHEMBL39606,CCn1cc(C(=O)O)c(=O)c2cc(F)c(N3CCC(NC(C)=O)C3)nc21
CHEMBL13271,CNn1cc(C(=O)O)c(=O)c2cc(F)c(N3CCN(C(C)=O)CC3)cc21
CHEMBL39864,CCn1cc(C(=O)O)c(=O)c2cc(F)c(N3CCCC(C(N)=O)C3)nc21
CHEMBL273763,CC1COc2c(N3CCC(N)C3)c(F)c(N)c3c(=O)c(C(=O)O)cn1c23
CHEMBL292744,CC1COc2c(C(=O)O)c(=O)c3cc(F)c(N4CCN(C)CC4)nc3n21
CHEMBL41499,CCNC(=O)OCc1c2c(n3c1C(O)CCC3)C(=O)C(C)=C(OC)C2=O
CHEMBL43768,O=C(O)CCn1ccc2cc(NS(=O)(=O)c3ccc(F)cc3)ccc21
CHEMBL72832,CCC1(O)CC(=O)OCc2c1cc1n(c2=O)Cc2cc3ccccc3nc2-1
CHEMBL48908,CCC1(O)C(=O)OCc2c1cc1n(c2=O)Cc2cc3ccc(C)cc3nc2-1
CHEMBL48465,CCC1(O)C(=O)OCc2c1cc1n(c2=O)Cc2cc3cc(C)ccc3nc2-1
CHEMBL418347,COc1cc(Cc2cnc(N)nc2N)cc(OCCCC(=O)O)c1OC
CHEMBL25741,CNC1CCN(c2nc3c(cc2F)c(=O)c(C(=O)O)cn3C(C)(C)C)C1
CHEMBL25808,CN1CCN(c2nc3c(cc2F)c(=O)c(C(=O)O)cn3C(C)(C)C)CC1
CHEMBL26947,CC1(N)CCN(c2nc3c(cc2F)c(=O)c(C(=O)O)cn3C(C)(C)C)C1
CHEMBL12492,CNn1cc(C(=O)O)c(=O)c2cc(F)c(N3CCN(C(C)C)CC3)cc21
CHEMBL29985,CC(C)(C)n1cc(C(=O)O)c(=O)c2cc(F)c(N3CCC(CN)C3)nc21
CHEMBL273901,CCCN1CCN(c2cc3c(cc2F)c(=O)c(C(=O)O)cn3NC)CC1
CHEMBL25807,CC1CN(c2nc3c(cc2F)c(=O)c(C(=O)O)cn3C(C)(C)C)CCN1
CHEMBL39730,CCCNC1CCN(c2nc3c(cc2F)c(=O)c(C(=O)O)cn3CC)C1
CHEMBL16362,C/C(=N\c1c(O)ccc2[nH]c3c(C)c4cc[n+](C)cc4c(C)c3c12)C(=O)O
CHEMBL12967,CCCNn1cc(C(=O)O)c(=O)c2cc(F)c(N3CCN(C)CC3)cc21
CHEMBL54836,CCCn1c(=O)c2nc(C3CCCCC3C(=O)O)[nH]c2n(CCC)c1=O
CHEMBL301041,CCOC(=O)c1c(C)[nH]c2ccc3c(c12)CN1CCc2ccccc2C1O3
CHEMBL57503,CCCn1c(=O)c2nc(C3CCC(C(=O)O)CC3)[nH]c2n(CCC)c1=O
CHEMBL1001,CCC(=O)N(c1ccccc1)C1(C(=O)OC)CCN(CCC(=O)O)CC1
CHEMBL70304,CCC(=O)N(c1ccccc1)C1(C(=O)OC)CCN(CC(=O)OC)CC1
CHEMBL72620,CCOC(=O)C1=C(C)N=C(C)/C(=C(/O)OCC)C1c1c(C)noc1CC
CHEMBL298732,COC(=O)c1cc(-c2ccccc2)c(-c2ccc(N(C)C)cc2)n(C)c1=O
CHEMBL73165,CN(C)CCSc1nc2ccccc2cc1C1CC1.O=C(O)C(=O)O
CHEMBL278976,COC(=O)c1sc(C(C)(C)C)cc1NC(=O)Nc1ccc(OC)cc1
CHEMBL288551,CN(C)C(=O)OC1=C(c2ccccc2)Sc2ccccc2-n2cccc21
CHEMBL304714,CCCC(=O)c1ccc(OCCCN2CCN(C(=O)OCC)CC2)cc1
CHEMBL305675,COC(=O)n1c2cc(Cl)ccc2c2oc(C(=O)N3CCOCC3)cc21
CHEMBL63903,CCOC(=O)Cc1cn2cc(Br)nc(Br)c2n1
CHEMBL9579,Cc1cn(C2CC(O)C(CC(=O)OCBr)O2)c(=O)[nH]c1=O
CHEMBL34371,NS(=O)(=O)c1ccc(NC(=O)CN(CC(=O)O)CC(=O)O)c(F)c1
CHEMBL28844,O=C(O)c1cn(C2CC2)c2c(F)c(N3CC/C(=N\O)C3)c(F)cc2c1=O
CHEMBL430126,COC1=C(C)C(=O)c2c(c(COC(N)=O)c3n2CCC3OC(N)=O)C1=O
CHEMBL77401,COC(=O)c1ccc(S(=O)(=O)Oc2ccc(/C=C/[N+](=O)[O-])cc2)cc1
CHEMBL43693,CCn1cc(C(=O)O)c(=O)c2cc(F)c(N3CCC(NC(N)=O)C3)nc21
CHEMBL32672,O=C(O)c1cn(C2CC2)c2cc(N3CCNC(CF)C3)c(F)cc2c1=O
CHEMBL14919,NCC1CCN(c2c(F)cc3c(=O)c(C(=O)O)cn(C4CC4)c3c2F)C1
CHEMBL34203,O=C(O)c1cn(C2CC2)c2cc(N3CCNCC(F)C3)c(F)cc2c1=O
CHEMBL277797,Cc1c(F)c(N2CCC(N)C2)c(F)c2c1c(=O)c(C(=O)O)cn2C1CC1
CHEMBL15613,CC1CN(c2c(F)cc3c(=O)c(C(=O)O)cn(C4CC4)c3c2F)CCN1
CHEMBL16001,Cc1c(F)c(N2CCNCC2)c(F)c2c1c(=O)c(C(=O)O)cn2C1CC1
CHEMBL47255,CN1CCN(c2c(F)cc3c(=O)c(C(=O)O)cn(C4CC4)c3c2F)CC1
CHEMBL48739,CCC1(O)C(=O)OCc2c1cc1n(c2=O)Cc2cc3ccc(N)cc3nc2-1
CHEMBL48156,CCC1(O)C(=O)OCc2c1cc1n(c2=O)Cc2cc3cc(N)ccc3nc2-1
CHEMBL29597,CCn1cc(C(=O)O)c(=O)c2cc(F)c(N3CCN(CCO)CC3)cc21
CHEMBL46705,O=C(c1ccc2c(c1)C(C(=O)Nc1ccccc1)C(=O)O2)c1cccs1
CHEMBL285175,COC(=O)CCC(=O)Nc1cccc(COc2ccc3ccccc3c2)c1
CHEMBL288381,Cc1c(-c2ccc(-c3ccccc3)s2)nc2ccc(F)cc2c1C(=O)O
CHEMBL296893,Nc1cc2c(=O)c(C(=O)O)cn(C3CC3)c2c(F)c1N1CCSCC1
CHEMBL290451,CCC1Cc2cc(OC(C)=O)ccc2-c2cc3cc(OC(C)=O)ccc3n21
CHEMBL433625,CCC1Cn2c(cc3cc(OC(C)=O)ccc32)-c2ccc(OC(C)=O)cc21
CHEMBL416039,COC(=O)CCNC(=O)c1cccc(COc2ccc3ccccc3c2)c1
CHEMBL289926,CCC1Cc2cc(OC(C)=O)ccc2-c2cc3ccc(OC(C)=O)cc3n21
CHEMBL284824,COC(=O)CCNC(=O)c1cccc(OCc2ccc3ccccc3c2)c1
CHEMBL33844,COC(=O)CCC(=O)Nc1ccccc1OCc1ccc2ccccc2c1
CHEMBL43664,COc1ccc(-c2ccc(CCC(=O)O)n2-c2ccc(C(C)=O)cc2)cc1
CHEMBL418218,COC(=O)CCC(=O)Nc1ccc(OCc2ccc3ccccc3c2)cc1
CHEMBL289901,COC(=O)CCC(=O)Nc1cccc(OCc2ccc3ccccc3c2)c1
RUFLOXACIN,CN1CCN(c2c(F)cc3c(=O)c(C(=O)O)cn4c3c2SCC4)CC1
CHEMBL21960,C/N=C(/NC#N)Nc1cccc(/C(=C\CCCC(=O)O)c2cccnc2)c1
CHEMBL310265,CCOC(=O)Cc1ccc2c(C)cc(Oc3ccc(C(=N)N)cc3)nc2c1
CHEMBL288521,O=C(O)CCNC(=O)c1cc2n(n1)CCN(CCC1CCNCC1)C2=O
CHEMBL58224,O=C1Nc2cccc(C3CCNCC3)c2/C1=C/c1[nH]cc2c1CCOC2=O
CHEMBL301264,CC1(C)Cc2c(-c3ccccc3)c(-c3ccc(F)cc3)c(CC(=O)O)n2C1
CHEMBL39396,Cc1c(-c2ccc(C3CCCCC3)cc2)nc2ccc(F)cc2c1C(=O)O
CHEMBL40736,O=C(O)c1ccc2c(c1)C(SCc1cccnc1)c1ccccc1CO2
CHEMBL33165,COc1ccc(C2=C(OC(C)=O)c3cccn3-c3ccccc3S2)cc1
CHEMBL71789,O=C(O)C1CCCN(CCOC2c3ccccc3C=Cc3ccccc32)C1
CHEMBL52740,O=C(O)c1cc2ccccc2cc1C(=O)NCC12CC3CC(CC(C3)C1)C2
CHEMBL15593,CC1(C)C=C(C(=O)NCCNC(=O)C2CC=CCC2C(=O)O)C(C)(C)N1
CHEMBL288436,Cc1cc2c(cc1C1(c3ccc(C(=O)O)cn3)CC1)C(C)(C)CCC2(C)C
CHEMBL40383,O=C(O)CNC12CC3CC(C1)CC(NC(=O)CCC1CCNCC1)(C3)C2
CHEMBL55613,CCC(C)C(CC(S)Cc1ccccc1)C(=O)N1CCCC1C(=O)O
CHEMBL52256,O=C([O-])c1cc(Cl)c2cc3c(=O)cc(C(=O)[O-])oc3cc2n1.[Na+].[Na+]
CHEMBL282096,CS(=O)(=O)c1ccc2c(c1)cc(C(=O)O)n2Cc1ccc(Cl)cc1
CHEMBL29324,O=C(OCC(O)CO)c1ccc(NCCCc2ccc(Cl)cc2)cc1
CHEMBL29291,Nc1c(CC(=O)[O-])cc(F)cc1C(=O)c1ccc(Cl)cc1Cl.[Na+]
CHEMBL34717,COC(=O)CC(CC(=O)OC)OC[n+]1ccc(N)nc1.[Br-]
CHEMBL307312,CCn1cc(C(=O)O)c(=O)c2cc(F)c(-n3cnc([N+](=O)[O-])c3)c(F)c21
CHEMBL14305,COC(=O)C1C(c2ccc(/C=C\Br)cc2)CC2CCC1N2C
CHEMBL77950,CCOC(=O)c1cc([N+](=O)[O-])cnc1SNC(=O)Nc1ncccn1
CHEMBL274469,Nc1c(F)c(N2CCNCC2)c(F)c2c1c(=O)c(C(=O)O)cn2C1CC1
CHEMBL15186,Nc1c(F)c(N2CCC(N)C2)c(F)c2c1c(=O)c(C(=O)O)cn2C1CC1
CHEMBL58984,CNC(=O)OCc1c2c(n(C)c1COC(C)=O)C(=O)C(C)=C(OC)C2=O
CHEMBL278310,CC1C(N)CN1c1c(F)c(N)c2c(=O)c(C(=O)O)cn(C3CC3)c2c1F
CHEMBL45164,CC(=O)c1ccc(N2CC(CN3C(=O)c4ccccc4C3=O)OC2=O)cc1
CHEMBL300031,CNC(=O)OCc1c2c(n(C)c1COC(=O)NC)C(O)=C(C)C(=N)C2=O
CHEMBL286350,CCCn1c(=O)[nH]c2[nH]c(-c3ccc4cc(C(=O)O)ccc4c3)nc2c1=O
CHEMBL301951,CCC1(O)C(=O)OCc2c1cc1n(c2=O)Cc2cc3ccc(O)cc3nc2-1
DIAZIQUONE,CCOC(=O)NC1=C(N2CC2)C(=O)C(NC(=O)OCC)=C(N2CC2)C1=O
CHEMBL75761,CCOC(=O)CN(C)Cc1c(CC)c([N+](=O)[O-])cc2nc(O)c(O)nc12
CHEMBL60224,CN1CCN(c2nc3c(cc2F)c(=O)c(C(=O)O)c2n3CCS2)CC1
CHEMBL288778,COC(=O)CCC(=O)Nc1cccc(OCc2ccc3ccccc3n2)c1
CHEMBL7407,COC(=O)c1cccnc1N1CCN(C(=O)c2cc3ccccc3[nH]2)CC1
CHEMBL33437,CCOC(=O)CC(=O)Nc1cccc(OCc2ccc3ccccc3n2)c1
CHEMBL286431,COC(=O)CCC(=O)Nc1cccc(OCc2cccc3cccnc23)c1
CHEMBL306218,COC(c1ccccc1)(c1ccccc1)C(Oc1nccc(C)n1)C(=O)O
CHEMBL34106,COC(=O)CCC(=O)Nc1ccc(OCc2ccc3ccccc3n2)cc1
CHEMBL34445,COC(=O)CCNC(=O)c1cccc(OCc2ccc3ccccc3n2)c1
CHEMBL286619,COC(=O)CCC(=O)Nc1ccccc1OCc1ccc2ccccc2n1
CHEMBL417330,O=C(O)/C=C/c1ccc(NC(=O)c2cccc(NC3=NCCCN3)c2)cc1
CHEMBL39389,O=C(O)c1ccc2ccccc2c1CCCn1cnc2c1NC=NCC2O
CHEMBL266151,N=C(N)NCCCCC(=O)NNC(=O)NC(CC(=O)O)c1ccccc1
CHEMBL286265,Cc1cc(Nc2ccc(SCC(=O)O)cc2)c2c(ccc3c[nH]nc32)n1
CHEMBL301847,CC(=O)[O-].CCOc1ccc2[nH]c3c(C)c4cc[n+](C)cc4c(C)c3c2c1
CHEMBL76109,CCCc1cc2ccccc2nc1SCCN(C)C.O=C(O)C(=O)O
CHEMBL36452,NS(=O)(=O)c1ccc(NC(=O)CNCCNCC(=O)O)c(Cl)c1
CHEMBL284426,CCCCc1nc(Cl)c(CC(=O)O)n1Cc1ccc(CC(=O)O)cc1
CHEMBL37612,O=C(O)CN1C(=O)N(Cc2ccc(Cl)c(Cl)c2)Cc2ccccc21
CHEMBL35015,O=C(O)CN1Cc2ccccc2N(Cc2ccc(Cl)c(Cl)c2)C1=O
CHEMBL28685,COC(=O)c1[nH]cc(-c2ccc(Br)cc2)c1N1CCOCC1
CHEMBL71404,CCOC(=O)P(=O)(O)OCC1OC(n2ccc(N)nc2=O)CS1
CHEMBL77688,O=C(O)c1ccc(S(=O)(=O)Oc2ccc(/C=C/[N+](=O)[O-])cc2)c(O)c1
CHEMBL449093,O=C(O)c1ccc(S(=O)(=O)Oc2ccc(/C=C/[N+](=O)[O-])cc2)cc1O
CHEMBL15803,O=C(O)c1cn(C2CC2)c2c(F)c(N3CCNCC3)c(F)c(O)c2c1=O
CHEMBL15579,NC1CCN(c2c(F)c(O)c3c(=O)c(C(=O)O)cn(C4CC4)c3c2F)C1
CHEMBL290851,COc1cc(C(=O)OCCn2c([N+](=O)[O-])cnc2C)cc(OC)c1OC
CHEMBL73560,Cc1c(CC(=O)O)nn(Cc2nc3cc(F)cc(F)c3s2)c(=O)c1C
CHEMBL15973,CCn1cc(C(=O)O)c(=O)c2cc(F)c(N3CC(C)NC(C)C3)c(F)c21
CHEMBL6287,CCNCC1CCN(c2c(F)cc3c(=O)c(C(=O)O)cn(C)c3c2F)C1
CHEMBL48418,COC(=O)N1c2ccccc2-n2cnc(-c3noc(C4CC4)n3)c2C1(C)C
CHEMBL54131,CC(C)(C)OC(=O)CNC(=O)c1ccc2c(c1)-c1ccccc1C(=O)C2=O
CHEMBL49992,CC(C)(C)OC(=O)CNC(=O)c1ccc2c(c1)C(=O)C(=O)c1ccccc1-2
CHEMBL72738,CCOC(=O)CN1C(=O)C(NC=O)N=C(c2ccccc2)c2ccccc21
CHEMBL299326,CC(C)OC(=O)N1Cc2c(-c3noc(C4CC4)n3)ncn2-c2ccccc21
CHEMBL284018,Cc1ccc2c(=O)n(Cc3nc4ccccc4s3)nc(CC(=O)O)c2c1
CHEMBL418008,Cc1ccc2nc(Cn3nc(CC(=O)O)c4ccccc4c3=O)sc2c1
CHEMBL282017,CC(c1nc2ccccc2s1)n1nc(CC(=O)O)c2ccccc2c1=O
CHEMBL19966,Cc1ccc2sc(Cn3nc(CC(=O)O)c4ccccc4c3=O)nc2c1
CHEMBL19838,Cc1cccc2c(CC(=O)O)nn(Cc3nc4ccccc4s3)c(=O)c12
CHEMBL32449,CCc1c(-c2ccc(OC(C)=O)cc2)n(CC)c2cc(OC(C)=O)ccc12
CHEMBL18490,CCOC(=O)CCCOc1ccc(OCc2ccc3ccccc3n2)cc1
CHEMBL278924,COC(=O)c1[nH]c(C(C)(C)C)cc1NC(=O)Nc1cccc2ccccc12
CHEMBL33931,CCCn1c(-c2ccc(OC(C)=O)cc2)c(C)c2cc(OC(C)=O)ccc21
CHEMBL13025,COC(=O)CC(C(=O)Oc1c(OC)cc(C)cc1OC)N1CCCCC1
CHEMBL12944,COC(=O)CC(C(=O)Oc1c(OC)cccc1OC)N1CCCCCC1
CHEMBL18703,CCOC(=O)CCCOc1cccc(OCc2ccc3ccccc3n2)c1
CHEMBL36981,CCCCCCc1ccc(-c2nc3ccc(F)cc3c(C(=O)O)c2C)cc1
CHEMBL299635,COC(=O)C1C(c2ccc(-c3ccccc3OC)cc2)CC2CCC1N2C
CHEMBL67871,CN(C(=O)c1ccc(C(=O)O)cc1)c1ccc2c(c1)C(C)(C)CCC2(C)C
CHEMBL51454,COC(=O)C1C(c2ccc(-c3cccc(OC)c3)cc2)CC2CCC1N2C
CHEMBL70450,CN(C(=O)c1ccc2c(c1)C(C)(C)CCC2(C)C)c1ccc(C(=O)O)cc1
CHEMBL296394,COC(=O)C1C(c2ccc(-c3ccc(OC)cc3)cc2)CC2CCC1N2C
CHEMBL69255,Cc1cc2c(cc1NC(=O)c1ccc(C(=O)O)cc1)C(C)(C)CCC2(C)C
CHEMBL279565,CC1(C)C=C(C(=O)NCCNC(=O)C2CCCCC2C(=O)O)C(C)(C)N1
CHEMBL70252,CCc1nc2c(C)cc(C)nc2n1Cc1ccc(C(C)C(C)C(=O)O)cc1
CHEMBL19328,CC1C(N)CN1c1c(F)cc2c(=O)c(C(=O)O)cn(C3CC3)c2c1Cl
CHEMBL278036,O=C(O)c1cn(C2CC2)c2c(Cl)c(N3CCNCC3)c(F)cc2c1=O
CLINAFLOXACIN,NC1CCN(c2c(F)cc3c(=O)c(C(=O)O)cn(C4CC4)c3c2Cl)C1
CHEMBL45841,CCCCc1ccc(-c2cc(C(=O)O)cc(-c3ccc(Cl)cc3)n2)cc1
CHEMBL35532,NS(=O)(=O)c1ccc(NC(=O)CNCC(=O)O)c(Br)c1
CHEMBL417960,CC(=O)OCC1C2CC3CCC1N3C/C2=C\c1ccc(Cl)c(Cl)c1
CHEMBL304050,CN1C(=O)Nc2ccc(OC(=O)c3ccccc3)cc2C12NC(=O)NC2=O
RIDOGREL,O=C(O)CCCCO/N=C(/c1cccnc1)c1cccc(C(F)(F)F)c1
CHEMBL40080,O=C(COc1ccc(C(=O)Nc2ccc(F)cc2)cn1)Oc1ccccc1
CHEMBL288634,CN(C)C1CCN(c2nc3c(cc2F)c(=O)c(C(=O)O)cn3CCF)C1
CHEMBL15608,CCn1cc(C(=O)O)c(=O)c2c(N)c(F)c(N3CCNC(C)C3)c(F)c21
CHEMBL292795,N=C(N)c1ccc(NC(=O)c2ccc3c(c2)CCN(CC(=O)O)C3=O)cc1
CHEMBL286108,NS(=O)(=O)c1nnc(NC(=O)CCNC(=O)CNCC(=O)O)s1
CHEMBL303597,N=C(N)c1ccc(C(=O)Nc2ccc3c(c2)CCN(CC(=O)O)C3=O)cc1
CHEMBL416627,CCOC(=O)c1cnc(-c2ccccc2)nc1N(C)N1C(=O)C=C(C)C1=O
CHEMBL298418,CCOC(=O)c1cnc(Cc2ccccc2)nc1NN1C(=O)C=C(C)C1=O
CHEMBL20519,CCOC(=O)N1Cc2c(OC)nc3nc(C(=O)c4ccccc4)cn3c2C1
CHEMBL16763,COC(=O)c1cccc(Sc2c(C)c(=O)[nH]c(=O)n2COCCO)c1
CHEMBL11392,CCOC(=O)N(c1ccccc1)C1c2cc(C#N)ccc2OC(C)(C)C1O
CHEMBL290608,CCN(CC)OC(=O)c1ccc(-n2c(C)ccc2-c2ccc(F)cc2)cc1
CHEMBL18991,COC(=O)c1sc(-c2ccccc2)cc1NC(=O)Nc1ccc(C)cc1
CHEMBL431561,CC1(C)CCC(C)(C)c2cc(NC(=O)c3ccc(C(=O)O)cc3)c(N)cc21
CHEMBL265024,CCOC(=O)COC(=O)CCCNC(=O)NC12CC3CC(CC(C3)C1)C2
CHEMBL57765,CC1=C(/C=C/C(C)=C/C=C/C(C)=C/C(=O)O)C(C)(C)CCC1n1ccnc1
CHEMBL278737,COC(=O)c1sc(C(C)(C)C)cc1NC(=O)Nc1ccc(Cl)cc1
CHEMBL434983,Cc1noc(NS(=O)(=O)c2ccsc2C(=O)O)c1Br
CHEMBL39743,NC(Cc1nc2cc(C(F)(F)F)ccc2n1CP(=O)(O)O)C(=O)O
CHEMBL416629,O=C(O)c1cn(C2CC2)c2c(F)c(N3CCNCC3)c(F)c(F)c2c1=O
CHEMBL15287,CCn1cc(C(=O)O)c(=O)c2c(O)c(F)c(N3CCNC(C)C3)c(F)c21
CHEMBL28858,CCn1cc(C(=O)O)c(=O)c2cc(F)c(N3CCOC(CN)C3)c(F)c21
CHEMBL56328,CCOC(=O)CCn1c(=O)c(C)cn(C2CC(N=[N+]=[N-])C(CO)O2)c1=O
CHEMBL37431,COc1cc(/C=C/c2ccc3ccc(C(=O)O)c(O)c3n2)cc(OC)c1O
CHEMBL28746,CC(C)c1ccc(/C(=C\CC(N)C(=O)[O-])c2ccc(F)cc2F)cc1.[Na+]
CHEMBL277059,CCOC(=O)c1cn2c3c(nc(O)c2n1)-c1ccc(NC(=O)NC)cc1C3
CHEMBL34646,Cn1nc(S(N)(=O)=O)s/c1=N/C(=O)CN(CC(=O)O)CC(=O)O
CHEMBL416203,CC(C)c1ccc(/C(=C/CC(N)C(=O)[O-])c2ccc(F)cc2F)cc1.[Na+]
CHEMBL28549,CC(C)c1cccc(/C(=C\CC(N)C(=O)[O-])c2ccc(F)cc2F)c1.[Na+]
CHEMBL38394,O=C(O)c1cn(-c2ccccc2)c2cc(N3CCNCC3)c(F)cc2c1=O
CHEMBL417643,O=C(O)Cc1nn(Cc2nc3cc(O)ccc3s2)c(=O)c2ccccc12
CHEMBL20441,O=C(O)Cc1nn(Cc2nc3c(O)cccc3s2)c(=O)c2ccccc12
CHEMBL278832,O=C(O)Cc1nn(Cc2nc3ccc(O)cc3s2)c(=O)c2ccccc12
CHEMBL431712,COc1cc2c(c(OC)c1OC)C(C)N(C)CC2.O=C(O)/C=C/C(=O)O
CHEMBL64972,Cc1oc(-c2ccccc2)nc1CCOc1ccc(OC(C)C(=O)O)cc1
CHEMBL41059,CCOC(=O)Nc1cc2c(c(/N=C/N(C)C)n1)N=C(c1ccccc1)CO2
CHEMBL6839,C/N=c1\ccc(-c2ccc(N3CC(CNC(C)=O)OC3=O)cc2)ccc1O
CHEMBL47435,N#CCN1CCN(c2cc3c(cc2N)c(=O)c(C(=O)O)cn3C2CC2)CC1
CHEMBL18565,COc1ccc(-c2nc(/C=C/C(=O)O)sc2-c2ccc(OC)cc2)cc1
CHEMBL32296,CC1=C(C(=O)O)N2C(=O)C(NC(=O)CCON=C3CCCC3)C2SC1
CHEMBL58044,CCOCCC(C(=O)Oc1c(OC)cccc1OC)N1CCCOCC1
CHEMBL299034,CCOC(=O)c1oc2cccc(OCCCNCc3ccccc3)c2c1C
CHEMBL416362,Cc1cc(C)cc(NC(=O)Cc2ccc(OC3(C(=O)O)CCCC3)cc2)c1
CHEMBL23451,COC(=O)C1=C(C)N=C(SC)NC1c1cc([N+](=O)[O-])ccc1SC
CHEMBL280926,COC(=O)C1=C(C)N=C(SC)NC1c1cccc([N+](=O)[O-])c1SC
CHEMBL10853,C/C(CC1CCc2c(cccc2OCC(=O)O)C1)=N\OCc1ccccc1
CHEMBL24362,C=CCc1cc(CCC(=O)OCC)ccc1C#CC1(O)CN2CCC1CC2
CHEMBL53449,CC1=C(/C=C/C(C)=C/C=C/C(C)=C/C(=O)O)C(C)(C)CCC1n1cnnc1
CHEMBL417769,CC1=C(/C=C/C(C)=C/C=C/C(C)=C/C(=O)O)C(C)(C)CCC1n1cncn1
CHEMBL276208,COc1cccc(OC)c1OC(=O)C(CCSC)N1CCCCCC1
CHEMBL15404,CCn1cc(C(=O)O)c(=O)c2cc(F)c(N3CCNC(C)C3)c(Cl)c21
CHEMBL65121,O=C(O)CCc1cccc(CCNS(=O)(=O)c2ccc(Cl)cc2)c1
CHEMBL33042,CC(=O)OC1=C(c2ccccc2)Sc2ccc(Cl)cc2-n2cccc21
CHEMBL285281,NC(Cc1nc2cc(Cl)c(Cl)cc2n1CP(=O)(O)O)C(=O)O
CHEMBL73704,C=Cc1c(Br)cc2nc(O)c(O)nc2c1CN(C)CC(=O)O
CHEMBL74741,CC(C)(Oc1ccc(NC(=O)c2cc(Cl)cc(Cl)c2)cc1)C(=O)O
GABAZINE BROMIDE,Br.COc1ccc(-c2ccc(=N)n(CCCC(=O)O)n2)cc1
CHEMBL27774,Cc1ccccc1C(=O)n1c(=O)c(F)cn(C(=O)Oc2ccccc2)c1=O
CHEMBL77826,O=C(O)c1ccc(-c2cc3cccnc3c(-c3ccc4nonc4c3)n2)cc1
CHEMBL42167,CCOC(=O)c1cnc(Oc2ccccc2)nc1NN1C(=O)C=C(C)C1=O
CHEMBL284164,N=C(N)Nc1cccc(C(=O)Nc2ccc(/C=C/C(=O)O)c(C(=O)O)c2)c1
CHEMBL6476,COc1ccc(-c2ccc(N3CC(CNC(C)=O)OC3=O)cc2)ccc1=O
CHEMBL428159,COc1cc(-c2ccc(N3CC(CNC(C)=O)OC3=O)cc2)cccc1=O
CHEMBL269368,COc1cccc(-c2ccc(N3CC(CNC(C)=O)OC3=O)cc2)cc1=O
CHEMBL65096,O=C(CCCC(=O)Oc1ccc(/C=C/[N+](=O)[O-])cc1)NCc1ccccc1
CHEMBL77852,O=C(CN1CCCN(C(=O)OCc2ccccc2)C1)OCc1ccccc1
CHEMBL301315,CCOC(=O)c1oc2cccc(OCCCNCc3cccnc3)c2c1C
CHEMBL27272,CCOC(=O)C(/C=N/c1cccc(-c2cc(C)nc(C)c2)c1)=C(\O)OCC
CHEMBL37713,O=C(O)C1(CCCCn2cnc3c2NC=NCC3O)Cc2ccccc2C1
CHEMBL41405,C=Cc1csc(Sc2cc3c(cc2NS(C)(=O)=O)COC3=O)n1
CHEMBL21588,CC(C)c1cccc(C(C)C)c1OC(=O)NS(=O)(=O)N1CCCCC1
CHEMBL274048,CCn1cc(C(=O)O)c(=O)c2c(N)c(F)c(N3CCNCC3)c(Cl)c21
CHEMBL25729,C=C(c1cc(Cl)ccc1OCc1ccc(C(=O)OC)cc1)n1ccnc1
CHEMBL63375,CCOC(=O)C(C(=O)OCC)N1CCN(Cc2ccc(Cl)cc2)CC1
CHEMBL265228,COC(=O)NC(=O)CC1C(=O)N(C)C(=O)c2ccc(Br)cc21
CHEMBL68586,Cc1c(CC(=O)O)nn(Cc2ccc(Br)cc2F)c(=O)c1C
CHEMBL69183,O=C(O)Cc1ccc(=O)n(Cc2nc3cc(C(F)(F)F)ccc3s2)n1
CHEMBL429766,CC(=O)c1c(O)n(O)c2cc(NC(=O)Nc3cccc(C(=O)O)c3)ccc12
CHEMBL287730,Cc1c(-c2ccc(-n3ccnc3)cc2)nc2ccc(F)cc2c1C(=O)[O-].[Na+]
CHEMBL68561,CCn1cc(C(=O)O)c(=O)c2cc(F)c(-n3cnc4ccccc43)c(F)c21
CHEMBL25569,CCn1cc(C(=O)O)c(=O)c2c(F)c(F)c(N3CCN(C)CC3)c(F)c21
CHEMBL25339,CCn1cc(C(=O)O)c(=O)c2c(N3CCN(C)CC3)c(F)c(F)c(F)c21
FLEROXACIN,CN1CCN(c2c(F)cc3c(=O)c(C(=O)O)cn(CCF)c3c2F)CC1
CHEMBL19983,CSc1cc2n(c1C(=O)c1ccc(C(F)(F)F)cc1)CCC2C(=O)O
CHEMBL67009,O=C(CCCC(=O)Oc1ccc(/C=C/[N+](=O)[O-])cc1)OCc1ccccc1
CHEMBL20440,O=C(O)Cc1nn(Cc2nc3ccccc3s2)c(=O)c2c(F)cccc12
CHEMBL283996,O=C(O)Cc1nn(Cc2nc3cc(F)ccc3s2)c(=O)c2ccccc12
CHEMBL20024,O=C(O)Cc1nn(Cc2nc3c(F)cccc3s2)c(=O)c2ccccc12
CHEMBL289470,O=C(O)c1c2c(nc3ccc(F)cc13)-c1ccc(-c3ccccc3)cc1CC2
CHEMBL52574,CCOC(=O)c1oc2cccc(OCCCOCc3cccnc3)c2c1C
CHEMBL416815,COC(=O)c1ccccc1NC(=O)c1ccc(OC)c(OC2CCCC2)c1
CHEMBL55893,O=C(O)c1cccc(-c2ccc(NCc3c[nH]cn3)cc2-c2ccccc2)c1
CHEMBL37380,COC(=O)Cc1nc(-c2ccc(OC)cc2)c(-c2ccc(OC)cc2)s1
CHEMBL415995,COc1ccc(-c2nc(CCC(=O)O)sc2-c2ccc(OC)cc2)cc1
PIRODAVIR,CCOC(=O)c1ccc(OCCC2CCN(c3ccc(C)nn3)CC2)cc1
CHEMBL307837,CCCCCCCc1nsnc1C1=CCCN(C)C1.O=C(O)C(=O)O
CHEMBL65263,Cc1c(COC(=O)NC(C)C)c(COC(=O)NC(C)C)c2n1CSC2
CHEMBL10375,CCC1(CC)C(=O)N(COC(=O)c2ccccc2)C1Sc1ccccc1
CHEMBL441960,Cc1cc(CC(=O)[O-])c(N)c(C(=O)c2ccc(Br)cc2)c1.[Na+]
CHEMBL277227,O=C(Cc1ccc(I)cc1)OCCCc1c[nH]cn1
CHEMBL20211,Cc1ccc(C(=O)OCCCc2c[nH]cn2)cc1I
CHEMBL307667,CCc1c(Br)cc2nc(O)c(O)nc2c1CN(C)CC(=O)O
CHEMBL44898,O=C(O)CNS(=O)(=O)c1ccc(-c2ccc(Br)cc2)cc1
CHEMBL19401,O=C(O)C[n+]1ccc(/C=C/c2cccc3ccccc23)cc1.[Br-]
CHEMBL304540,CC(=O)OCC1OC(n2ccc(=O)[nH]c2=O)C(OC(C)=O)C1OC(C)=O
CHEMBL43251,CCOC(=O)c1cnc(C(=O)c2ccco2)nc1NN1C(=O)C=C(C)C1=O
CHEMBL43451,CCOC(=O)c1cnc(-c2ccc(F)cc2)nc1NN1C(=O)C=C(C)C1=O
WIN-57294,Cc1cc(-c2c(F)cc3c(=O)c(C(=O)O)cn(C4CC4)c3c2F)cc(C)n1
CHEMBL49387,CCOC(=O)C(=O)CC(=O)/C=C/c1cccn1Cc1ccc([N+](=O)[O-])cc1
CHEMBL44534,COC1=C(C(=O)[O-])N2C(=O)C(NC(=O)Cc3ccccc3)C2SC1.[Na+]
CHEMBL39059,O=C(O)c1cn(-c2ccc(F)cc2)c2cc(N3CCCC3)c(F)cc2c1=O
CHEMBL69591,O=C(O)Cc1nn(Cc2nc3cc(F)ccc3s2)c(=O)c2cccnc12
CHEMBL35257,N=C(N)Nc1cccc(C(=O)Nc2ccc(CCC(=O)O)c(C(=O)O)c2)c1
CHEMBL47053,CCOC(=O)c1cnc(-n2nc(C)cc2C)nc1NN1C(=O)C=C(C)C1=O
CHEMBL37418,O=C(CC(Cc1ccccc1)C(=O)NC(Cc1ccccc1)C(=O)O)NO
CHEMBL57623,O=C(CC(Cc1ccccc1)NC(=O)C(Cc1ccccc1)C(=O)O)NO
CHEMBL300419,COc1cc(Cc2cnc(N)nc2N)cc(C#CCCCC(=O)O)c1OC
CHEMBL31087,NC(=O)c1coc(C2C3CCC(O3)C2Cc2ccccc2CCC(=O)O)n1
CHEMBL67948,COC(Cc1ccc(OCCN(C)c2nc3ccccc3o2)cc1)C(=O)O
SR-2640,O=C(O)c1ccccc1Nc1cccc(OCc2ccc3ccccc3n2)c1
CHEMBL76511,CCCCOC(=O)n1c2ccccc2c2oc(C(=O)N3CCOCC3)cc21
CHEMBL76157,Cc1ccc2c3oc(C(=O)N4CCOCC4)cc3n(C(=O)OC(C)C)c2c1
CHEMBL73456,CCCOC(=O)n1c2cc(C)ccc2c2oc(C(=O)N3CCOCC3)cc21
CHEMBL36783,CCCn1c(=O)c2nc(-c3ccc(OC(C)=O)cc3)[nH]c2n(CCC)c1=O
CHEMBL43388,CCOC(=O)c1cnc(CC2=CCCCC2)nc1NN1C(=O)C=C(C)C1=O
CHEMBL430754,CC(=O)NC1CCN(c2cc3c(cc2N)c(=O)c(C(=O)O)cn3C2CC2)C1
CHEMBL278104,CCCn1c(=O)c2c(nc(-c3ccc(C(=O)O)cc3)n2C)n(CCC)c1=O
CHEMBL73507,CC(C)COC(=O)n1c2ccccc2c2oc(C(=O)N3CCOCC3)cc21
CHEMBL6814,CN1Cc2c(C(=O)OC(C)(C)C)ncn2-c2ccc(N=C=S)cc2C1=O
CHEMBL37027,COC(=O)c1cccc(C(C)C)c1CCCn1cnc2c1NC=NCC2O
CHEMBL46664,Cc1c(N2CC(C)NC(C)C2)c(N)cc2c(=O)c(C(=O)O)cn(C3CC3)c12
CHEMBL288266,CCOC(=O)C(CCCCn1cnc2c1NC=NCC2O)c1ccccc1
CHEMBL19894,Cc1cc(-c2ccc(-c3ccc(C(=O)O)cc3)[nH]2)nc2c(C(C)C)cccc12
CHEMBL22058,CC(C)c1cccc(C(C)C)c1OC(=O)NS(=O)(=O)N1CCOCC1
CHEMBL43461,CCc1csc(Sc2cc3c(cc2NS(C)(=O)=O)COC3=O)n1
CHEMBL34886,COC(=O)Nc1ccc(Cl)c(-c2nc3cc(C(F)(F)F)ccc3o2)c1
CHEMBL37339,COC(=O)C(C)Oc1ccc(N(C)c2ccc3cc(Cl)ccc3n2)cc1
CHEMBL282070,O=C(O)c1ccccc1Nc1cc(Br)cc(Br)c1
CHEMBL282688,O=C(Nc1ccccc1I)OCCCc1c[nH]cn1
CHEMBL16874,O=C(Nc1ccc(I)cc1)OCCCc1c[nH]cn1
CHEMBL20064,O=C(Nc1cccc(I)c1)OCCCc1c[nH]cn1
CHEMBL14613,COC(=O)C1C2CCC(CC1c1ccc(I)cc1)N2
CHEMBL66068,COC(=O)C1C2CCC(CC1c1cccc(I)c1)N2
CHEMBL32915,CCCc1c2nc(C(=O)[O-])ccc2cc2c(=O)cc(C(=O)[O-])oc12.[Na+].[Na+]
CHEMBL74078,O=C(O)c1ccc(-c2cc3cccnc3c(-c3cccc([N+](=O)[O-])c3)n2)cc1
CHEMBL294155,CC(C)CCn1c(C(=O)O)cc(=O)c2cc3c(=O)cc(C(=O)O)oc3cc21
NEDOCROMIL,CCCc1c2oc(C(=O)O)cc(=O)c2cc2c(=O)cc(C(=O)O)n(CC)c12
CHEMBL77631,COC(=O)CCC(=O)Nc1cccc(COc2ccc(C(C)=O)c(O)c2)c1
CHEMBL307264,COC(=O)CC(=O)Nc1cccc(COc2ccc(C(C)=O)c(OC)c2)c1
CHEMBL10750,O=C(O)c1c(-c2ccc3c(c2)OCO3)c2ccccc2n1Cc1ccccc1
CHEMBL291178,CCCOc1ccc(NC(=O)OC)cc1-c1nc2c(c(C)nn2C)c(=O)[nH]1
CHEMBL38440,COC(=O)c1c(C)c(-c2ccc(-c3ccccc3)cc2)nc2ccc(F)cc12
CHEMBL36047,CCc1c(-c2ccc(-c3ccccc3)cc2)nc2ccc(F)cc2c1C(=O)O
CHEMBL40005,O=C(O)C(=O)O.c1ccc(OCc2ccc(CN3CCCCC3)cc2)cc1
CHEMBL309048,CCc1ccc(OCc2cccc(NC(=O)CCC(=O)OC)c2)cc1OC
CHEMBL309145,CCc1nc2c(C)ccnc2n1Cc1ccc(-c2ccccc2C(=O)O)cc1
CHEMBL69861,CCCc1nc2cccnc2n1Cc1ccc(-c2ccccc2C(=O)O)cc1
CHEMBL298448,NCCN1CCN(c2cc3c(cc2N)c(=O)c(C(=O)O)cn3C2CC2)CC1
CHEMBL73149,CCCCCCOc1nsnc1C1=CCCN(C)C1.O=C(O)C(=O)O
CHEMBL49443,CCOC(=O)c1sc(SC)c2c1ccc1c3cc(OC)ccc3[nH]c12
CHEMBL75915,CCOC(=O)c1[nH]c2ccc(CCN3CCCC3=O)cc2c1CCN(C)C
CHEMBL54601,CC(NC(=O)C(Cc1ccccc1)C(S)CCc1ccccc1)C(=O)O
CHEMBL293794,CC(NC(=O)C(Cc1ccccc1)CC(S)Cc1ccccc1)C(=O)O
CHEMBL14287,CCNC(=O)/C(C(=O)O)=C(C)\C=C\C=C(C)\C=C\C1=C(C)CCCC1(C)C
CHEMBL269199,CCNC(=O)/C(C(=O)O)=C(C)/C=C/C=C(C)/C=C/C1=C(C)CCCC1(C)C
CHEMBL308223,O=C1OC(O)(c2ccc(O)c(Cl)c2)c2ccc([N+](=O)[O-])c3cccc1c23
CHEMBL45751,O=C(O)Cc1cccc(Cc2nc3c(F)c(F)cc(F)c3s2)c1Cl
CHEMBL288748,O=C(O)Cc1cc(Cl)cc(Cc2nc3c(F)c(F)cc(F)c3s2)c1
CHEMBL307210,COC(=O)Cc1c(C)n(C(=O)c2ccccc2Cl)c2ccc(OC)cc12
CHEMBL73572,COC(=O)Cc1c(C)n(C(=O)c2ccc(Cl)cc2)c2ccc(OC)cc12
CHEMBL287040,CCOC(=O)C(C)Oc1ccc(Oc2cc3ccc(Cl)cc3cn2)cc1
CHEMBL280107,O=C(O)CC1CCCc2c1n(Cc1ccc(Cl)cc1)c1ccc(F)cc21
CHEMBL47068,CN1CCC(c2ccc(Cl)cc2)C(C(=O)OCCCc2ccccc2)C1
CHEMBL46229,O=C(O)c1ccc(-c2ccc(-c3cc4c(Cl)ccc(Cl)c4o3)[nH]2)cc1
CHEMBL7044,CCOC(=O)c1cc2ccccn2/c(=N/c2ccc(Br)cc2)n1
CHEMBL41601,CC(C)N(C)c1cc2c(cc1F)c(=O)c(C(=O)O)cn2-c1ccc(F)cc1
CHEMBL282930,CCn1cc(C(=O)O)c(=O)c2c(F)c(F)c(N3CCSCC3)c(F)c21
CHEMBL38922,CCOC(=O)c1c(C)nc(C)c(C(=O)OCC)c1-c1cccc([N+](=O)[O-])c1
CHEMBL311685,CCOC(=O)n1c2cc(OC)ccc2c2oc(C(=O)N3CCOCC3)cc21
CHEMBL416621,CC(=O)OCc1c2c(n3c1C(OC(C)=O)CC3)C(=O)C(C)=C(N1CC1)C2=O
CHEMBL34816,CCc1cc(C(C)=O)c(O)cc1OCc1cccc(C(=O)NCC(=O)O)n1
CHEMBL76311,CC(=O)Oc1ccc(NC(=O)Nc2ccc(OC(C)(C)C(=O)O)cc2)cc1
CHEMBL289656,O=C(COc1ccc(C(=O)Nc2ccc(F)cc2)cn1)OC1CCCCC1
CHEMBL42650,CCOC(=O)c1cnc(-c2ccc(C)s2)nc1NN1C(=O)C=C(C)C1=O
CHEMBL42547,CCOC(=O)c1cnc(-c2cccs2)nc1N(C)N1C(=O)C=C(C)C1=O
CHEMBL65934,N=C(N)c1ccc(N2CC3(CCN(C(=O)CCC(=O)O)CC3)CC2=O)cc1
CHEMBL65985,N=C(N)c1ccc(N2CCC3(CCN(C(=O)CCC(=O)O)CC3)C2=O)cc1
CHEMBL290777,CNc1cc(NC(=O)OC)ccc1Nc1c2ccccc2nc2ccccc12
CHEMBL292056,CCOc1ccc(C2(C#N)CCN(CC(=O)O)CC2)cc1OC1CCCC1
CHEMBL278405,CN1Cc2c(NC(=O)OCc3ccccc3)cccc2C(c2ccccc2)C1
CHEMBL441017,O=C(O)C1CCN(C(=O)N2CCC3(CC2)CCN(c2ccncc2)C3)CC1
CHEMBL62764,N=C(N)c1ccc(N2CCC3(CCN(CCCCC(=O)O)CC3)C2=O)cc1
CHEMBL73449,CC1CC(=O)N(c2ccccc2C(=O)OCC2CCCN(C(C)C)C2)C1=O
QUIZALOFOP ETHYL ESTER,CCOC(=O)C(C)Oc1ccc(Oc2cnc3cc(Cl)ccc3n2)cc1
CHEMBL37784,COC(=O)C(C)Oc1ccc(N(C)c2nnc3cc(Cl)ccc3n2)cc1
CHEMBL56824,CC(C)OC(=O)c1cc(CO)cn1S(=O)(=O)c1cc(Cl)ccc1N
CHEMBL54958,CCOC(=O)c1cc(C(C)O)cn1S(=O)(=O)c1cc(Cl)ccc1N
CHEMBL294469,CCOC(=O)c1cc(COC)cn1S(=O)(=O)c1cc(Cl)ccc1N
CHEMBL54844,CCn1c(C(=O)[O-])cc(=O)c2cc3c(=O)cc(C(=O)[O-])oc3cc21.[Na+].[Na+]
CHEMBL63650,O=C(CCCC(=O)Oc1ccc(/C=C/[N+](=O)[O-])cc1)Oc1ccc(F)cc1
CHEMBL71942,CCn1cc(C(=O)O)c(=O)c2cc(F)c(-n3cnc4c3CCCC4)c(F)c21
CHEMBL299574,CCC1(O)C(=O)OCc2c1cc1n(c2=O)Cc2cc3ccc(C#N)cc3nc2-1
CHEMBL290674,Cc1c(-c2cccc(Oc3ccccc3)c2)nc2ccc(F)cc2c1C(=O)O
CHEMBL77048,COC(=O)CCC(=O)Nc1cccc(COc2ccc(C(C)=O)c(F)c2)c1
CHEMBL47311,CN1CCN(c2c(F)cc3c(=O)c(C(=O)O)cn4c3c2OCC42CC2)CC1
CHEMBL40093,COc1c(-c2ccc(-c3ccccc3)cc2)nc2ccc(F)cc2c1C(=O)O
CHEMBL38614,Cc1c(-c2ccc(Oc3ccccc3)cc2)nc2ccc(F)cc2c1C(=O)O
CHEMBL60541,CNS(=O)(=O)c1ccc2c(c1)/C(=C/c1[nH]cc3c1CCOC3=O)C(=O)N2
CHEMBL17722,COC(=O)c1ccc(-c2nc(-c3ccc(F)cc3)c(-c3ccncc3)[nH]2)cc1
CHEMBL43158,CCOC(=O)c1cnc(-c2csc(C)n2)nc1NN1C(=O)C=C(C)C1=O
CHEMBL289112,COC(=O)Nc1ccc(Nc2c3ccccc3nc3ccccc23)c(OC)c1
CHEMBL277680,CCOC(=O)c1ccc(N)c(C[S+]([O-])c2nc3cc(OC)ccc3[nH]2)c1
CHEMBL16559,Cc1c(F)c(N2CCC(C)(CN)C2)cc2c1c(=O)c(C(=O)O)cn2C1CC1
CHEMBL15148,CCN1CCN(c2cc3c(cc2F)c(=O)c(C(=O)O)cn3C2CCC2)CC1
CHEMBL31060,COC(=O)c1cc2cc(S(C)(=O)=O)ccc2n1Cc1ccc(OC)cc1
CHEMBL312115,CCn1cc(C(=O)O)c(=O)c2cc(F)c(N3CCC4(CCN(C)C4)C3)cc21
CHEMBL277308,CCc1c(F)c(N2CCNC(C)C2)cc2c1c(=O)c(C(=O)O)cn2C1CC1
CHEMBL26023,CC(C)(C)n1cc(C(=O)O)c(=O)c2cc(F)c(N3CC4CCC3CN4)cc21
CHEMBL15266,CCNCC1CCN(c2cc3c(cc2F)c(=O)c(C(=O)O)cn3C2CC2)C1
CHEMBL15389,CNCC1CCN(c2cc3c(cc2F)c(=O)c(C(=O)O)cn3C2CCC2)C1
CHEMBL15324,CN(C)CC1CCN(c2cc3c(cc2F)c(=O)c(C(=O)O)cn3C2CC2)C1
CHEMBL15362,CC(C)N1CCN(c2cc3c(cc2F)c(=O)c(C(=O)O)cn3C2CC2)CC1
CHEMBL14866,CC1CN(c2cc3c(cc2F)c(=O)c(C(=O)O)cn3C2CCC2)CC(C)N1
CHEMBL72557,COC(=O)C1=C(C)N=C(C)/C(=C(/O)OC)C1c1ccc2[nH]c(S)nc2c1
CHEMBL15468,CC1(C)C=C(C(=O)NCCCNC(=O)c2ccccc2C(=O)O)C(C)(C)N1
CHEMBL11616,CC(c1ccccc1)C(CS)C(=O)NC(Cc1ccc(O)cc1)C(=O)O
CHEMBL283017,CC(C)c1ccc(C(=CCC(N)C(=O)[O-])c2ccc(C(C)C)cc2)cc1.[Na+]
CHEMBL40175,CC(C)(C)NCC(O)c1cc2cccc(CC(=O)OC3CCCCC3)c2o1
CHEMBL49964,CCC(C)(C)C(=O)C(=O)N1CCCCC1C(=O)OCCCc1ccccc1
CHEMBL25897,CC(CNC(=O)C1CCC2(CC1)CCN(c1ccncc1)CC2)CC(=O)O
CHEMBL277885,O=C(O)CCCCCC(=O)N1CCC2(CC1)CCN(c1ccncc1)CC2
CHEMBL275088,O=C(O)CCCCCCC(=O)N1CCC2(CCN(c3ccncc3)CC2)C1
CHEMBL308381,CCCCCSc1nsnc1C1=CCCN(C)C1.O=C(O)C(=O)O
CHEMBL14141,COc1oc(=O)c2cc(NC(=O)c3ccccc3C(=O)O)ccc2c1Cl
CHEMBL7866,COC(=O)Cn1cc(-c2cccc(Cl)c2)c(=O)c2c(O)cc(OC)cc21
CHEMBL40220,Cc1c(-c2ccc(-c3ccccc3)cc2)nc2cc(Cl)ccc2c1C(=O)O
CHEMBL19182,COC(=O)c1cc(OCc2cccc(Cl)c2)ccc1OCCCCC#N
CHEMBL40846,Cc1c(-c2ccc(-c3ccccc3)cc2)nc2cccc(Cl)c2c1C(=O)O
CHEMBL38986,Cc1c(-c2ccc(-c3ccccc3)cc2)nc2ccc(Cl)cc2c1C(=O)O
CHEMBL40182,Cc1c(-c2ccc(-c3ccccc3)cc2)nc2c(Cl)cccc2c1C(=O)O
CHEMBL28296,CCOC(=O)c1ccc(NC(=O)CCCCCc2ccc(Cl)cc2)cc1
CHEMBL29047,Nc1c(CC(=O)[O-])cc(F)cc1C(=O)c1ccc(Br)cc1.[Na+]
CHEMBL268714,COC(=O)NC(c1cc([N+](=O)[O-])cc2nc(O)c(O)nc12)P(=O)(O)O
CHEMBL39388,CC(=O)Oc1cccc2c1Cc1sc(N)nc1-2.I
CHEMBL418604,C#CCOC(=O)Nc1ccc(Cl)c(-c2nc3cc(Cl)ccc3n2C)c1
CHEMBL51167,CN(C(=O)c1ccc(OCCCC(=O)O)c(Cl)c1Cl)C1CCCC1
CHEMBL293613,O=C(O)Cn1c(=O)c(=O)[nH]c2cc([N+](=O)[O-])c(-n3ccc(C(=O)O)c3)cc21
CHEMBL274945,CC1=C(N2CC2)C(=O)c2c(COC(N)=O)c3n(c2C1=O)CCC3OC(N)=O
CHEMBL418891,CCCOC(=O)n1c2cc(F)ccc2c2oc(C(=O)N3CCOCC3)cc21
CHEMBL308616,CC(C)OC(=O)n1c2cc(F)ccc2c2oc(C(=O)N3CCOCC3)cc21
CHEMBL40118,C=Cn1cc(C(=O)O)c(=O)c2cc(F)c(N3CCC(N(C)C(C)=O)C3)nc21
CHEMBL304838,COC(=O)c1cccc(S(=O)(=O)N2C(=O)CN(c3ccccc3)C2=O)c1
CHEMBL73244,CO/N=C1/CN(c2cc3c(cc2F)c(=O)c(C(=O)O)cn3C2CC2)CC1N
CHEMBL69677,COC(=O)c1ccc(S(=O)(=O)N2C(=O)CN(c3ccccc3)C2=O)cc1
CHEMBL76708,COc1ccc(NC(=O)Nc2ccc(OC(C)(C)C(=O)O)cc2)cc1OC
CHEMBL50745,CC(=O)OCC(=O)N1C(=O)C(C)C2C1CCN2C(=O)OCc1ccccc1
CHEMBL292917,O=C(O)CCCn1nc(-c2c(-c3ccccc3)nn3ccccc23)ccc1=O
CHEMBL34293,COc1ccc(C#Cc2ccc(C(=O)O)cc2)cc1Cc1cnc(N)nc1N
CHEMBL60073,COc1ccc(-c2nc3cc(C(=O)O)ccc3[nH]2)cc1OCc1ccccc1
CHEMBL35020,COc1ccc(C#Cc2cccc(C(=O)O)c2)cc1Cc1cnc(N)nc1N
CHEMBL34378,COc1ccc(C#Cc2ccccc2C(=O)O)cc1Cc1cnc(N)nc1N
CHEMBL15021,CC(N)C1CCN(c2cc3c(c(N)c2F)c(=O)c(C(=O)O)cn3C2CC2)C1
CHEMBL26903,CC(C)(C)n1cc(C(=O)O)c(=O)c2cc(F)c(N3CC4CCC3CN4)nc21
CHEMBL56631,Cc1c(N2CCC(CN)C2)c(F)c2c(c1N)c(=O)c(C(=O)O)cn2C1CC1
CHEMBL15260,CCNCC1CCN(c2nc3c(cc2F)c(=O)c(C(=O)O)cn3C2CC2)C1
CHEMBL298740,Nc1ccn(CCN2C(=O)CSC2COC(=O)c2ccccc2)c(=O)n1
CHEMBL73955,CCn1cc(C(=O)O)c(=O)c2cc(F)c(N3CCC4(CCN(C)C4)C3)nc21
CHEMBL440119,Cc1c(N2CCNC(C)C2)c(F)c2c(c1N)c(=O)c(C(=O)O)cn2C1CC1
CHEMBL273464,CCOC(=O)c1[nH]cc2nc3ccc(OCc4ccccc4)cc3c-2c1CC
CHEMBL296229,CCO/C(O)=C1\C(COCCN)=NC(C)=C(C(=O)OC)C1c1ccccc1
CHEMBL67124,CN(CCC(=O)N1CCC(CC(=O)O)CC1)C(=O)c1ccc(C(=N)N)cc1
CHEMBL39565,CC(C)c1cccc(C(=O)O)c1SCCn1cnc2c1NC=NCC2O
CARMOXIROLE,O=C(O)c1ccc2[nH]cc(CCCCN3CC=C(c4ccccc4)CC3)c2c1
CHEMBL305313,CCOC(=O)N1CCN(CCCOc2ccc(C(=O)C=C(C)C)cc2)CC1
CHEMBL12524,O=C(O)CCCCCNC(=O)N1CCC2(CC1)CCN(c1ccncc1)C2
CHEMBL294253,CC(C)COC(=O)Cc1cc(CN2CCCC2)c(O)c(CN2CCCC2)c1
CHEMBL294245,CC(C)OC(=O)CCc1cc(CN2CCCC2)c(O)c(CN2CCCC2)c1
CHEMBL57790,CCCCOC(=O)Cc1cc(CN2CCCC2)c(O)c(CN2CCCC2)c1
CHEMBL56514,CCCOC(=O)CCc1cc(CN2CCCC2)c(O)c(CN2CCCC2)c1
CHEMBL296095,O=C(Cc1ccccc1)NC1C(=O)N2C(C(=O)[O-])=C(Cl)CSC12.[Na+]
CHEMBL67098,CN(CCOc1ccc(CC(Cl)C(=O)O)cc1)c1nc2ccccc2o1
CHEMBL76178,O=C(O)c1cc(C(=O)O)c2cc(Br)cc(Br)c2n1
CHEMBL286639,CC#CCOC(=O)Nc1ccc(Cl)c(-c2nc3cc(Cl)ccc3o2)c1
GAVESTINEL,O=C(/C=C/c1c(C(=O)O)[nH]c2cc(Cl)cc(Cl)c12)Nc1ccccc1
CHEMBL32553,C#CCCOC(=O)Nc1ccc(Cl)c(-c2nc3cc(Cl)ccc3o2)c1
CHEMBL278615,O=C(O)Cc1cccc2c1Cc1c-2nc(O)c2nc(CP(=O)(O)O)cn12
CHEMBL28577,NC(C/C=C(\c1ccc2ccccc2c1)c1ccc(F)cc1F)C(=O)[O-].[Na+]
CHEMBL70645,CO/N=C1\CN(c2nc3c(cc2F)c(=O)c(C(=O)O)cn3C2CC2)CC1N
BREQUINAR,Cc1c(-c2ccc(-c3ccccc3F)cc2)nc2ccc(F)cc2c1C(=O)O
CHEMBL54611,CNC(=O)OCc1c2c(n(C)c1COC(C)=O)C(=O)C(C)=C(N1CC1)C2=O
CHEMBL309358,CNc1ccc(C2C(C(=O)OC)=C(C)N=C(C)/C2=C(/O)OC)cc1[N+](=O)[O-]
CHEMBL29576,COC(=O)c1cc(-c2ccc(F)cc2)n(-c2ccc(S(N)(=O)=O)cc2)n1
CHEMBL41133,COC1=C(C)C(=O)c2c(c(COC(C)=O)c3n2CCCC3OC(C)=O)C1=O
CHEMBL293948,CC1=C(/N=C/N(C)C)C(=O)c2c(COC(N)=O)c3n(c2C1=O)CC(N)C3O
CHEMBL275216,COc1c(N2CCN(C)CC2)c(F)cc2c(=O)c(C(=O)O)cn(C3CC3)c12
CHEMBL62625,CCn1cc(C(=O)O)c(=O)c2cc(F)c(N3CCN(CC(C)=O)CC3)cc21
CHEMBL416462,CN1CCN(c2c(N)c(N)c3c(=O)c(C(=O)O)cn(C4CC4)c3c2F)CC1
CHEMBL15532,COc1c(N2CCC(CN)C2)c(F)cc2c(=O)c(C(=O)O)cn(C3CC3)c12
CHEMBL15129,COc1c(N2CCCC(N)C2)c(F)cc2c(=O)c(C(=O)O)cn(C3CC3)c12
GATIFLOXACIN,COc1c(N2CCNC(C)C2)c(F)cc2c(=O)c(C(=O)O)cn(C3CC3)c12
CHEMBL69259,CN1CCC2(CC1)OC(C)(c1ccccc1)CC2=O.O=C(O)/C=C/C(=O)O
CHEMBL68343,CN(CC(=O)N1CCC(CC(=O)O)CC1)C(=O)c1ccc(NC(=N)N)cc1
CHEMBL47579,Cc1c(N2CCc3ccccc32)c(N)cc2c(=O)c(C(=O)O)cn(C3CC3)c12
CHEMBL28150,CNC(=O)OCc1c(COC(=O)NC)c(-c2ccc(OC)cc2)n(C)c1C
CHEMBL66379,N=C(N)Nc1ccc(C(=O)NCCC(=O)N2CCC(CC(=O)O)CC2)cc1
CHEMBL67606,CN(CC(=O)N1CCC(C(=O)O)CC1)C(=O)c1ccc(CN=C(N)N)cc1
CHEMBL16204,CCNCC1CCN(c2cc3c(c(C)c2F)c(=O)c(C(=O)O)cn3CC)C1
CHEMBL14960,CNCC1CCN(c2cc3c(cc2F)c(=O)c(C(=O)O)cn3C(C)(C)C)C1
CHEMBL15417,CC1CN(c2cc3c(cc2F)c(=O)c(C(=O)O)cn3C(C)(C)C)CC(C)N1
CHEMBL15350,CCN1CCN(c2cc3c(cc2F)c(=O)c(C(=O)O)cn3C(C)(C)C)CC1
CHEMBL308033,CC1(C)CCC(C)(C)c2cc(-c3cc(-c4ccc(C(=O)O)cc4)no3)ccc21
CHEMBL78266,CC1(C)CCC(C)(C)c2cc(-c3cc(-c4ccc(C(=O)O)cc4)on3)ccc21
CHEMBL56161,COc1ccc(-c2c(-c3ccccc3)c3n(c2CC(=O)O)CC(C)(C)C3)cc1
CHEMBL28059,O=C1NC(c2ccccc2)C2(CCN(CCc3c[nH]c4ccccc34)CC2)O1
CHEMBL31843,CCOC(=O)c1ccc(NCCc2ccc(OCc3ccccc3)cc2)cc1
CHEMBL57019,COc1cc2ccccc2cc1C(=O)OCC1CCN(Cc2ccccc2)C1
CHEMBL66109,Cc1cc(C)c(NC(=O)c2sc(NC(=O)OC(C)(C)C)nc2C)c(C)c1
CHEMBL416040,CCCCC(=O)OC1=C(c2ccccc2)Sc2ccccc2-n2cccc21
CHEMBL73505,O=C(O)Cc1nn(Cc2nc3cc(F)ccc3s2)c2ccc(Cl)cc12
CHEMBL38391,COC(=O)c1cccc(C2C(C)N=C(S)N2Nc2cccc(Cl)c2)c1
CHEMBL273484,O=C(O)CN1C(=O)c2cccc3cc(C(=O)CBr)cc(c23)C1=O
CHEMBL71966,Cc1c(CC(=O)O)nn(Cc2nc(-c3cccc(F)c3F)no2)c(=O)c1C
CHEMBL412453,CCn1cc(C(=O)O)c(=O)c2cc(F)c(-n3cnc(CN(C)C)c3)c(F)c21
CHEMBL50197,CCC1(O)C(=O)OCc2c1cc1n(c2=O)Cc2cc3ccc(C=O)cc3nc2-1
CHEMBL57923,COC(=O)c1nc(C(=O)OC)c(N)c(-c2ccc(OC)c(OC)c2O)c1C
CHEMBL284174,CCCCCCOC(=O)n1cc(F)c(=O)n(C(=O)c2ccccc2C)c1=O
CHEMBL442526,COc1c(N2CCC(N)C2)c(F)c(N)c2c(=O)c(C(=O)O)cn(C3CC3)c12
CHEMBL39292,CCn1cc(C(=O)O)c(=O)c2cc(F)c(N3CCC(N(C)C(C)=O)C3)nc21
CHEMBL435769,CCn1cc(C(=O)O)c(=O)c2cc(F)c(N3CC(N4CCOCC4)C3)nc21
CHEMBL8222,COC(=O)c1cc(Nc2ccccc2)c(Nc2ccccc2)cc1C(=O)OC
CHEMBL421494,Cn1c(=O)c(Cc2ccc(C(=N)N)cc2)nc2cc(C3(C(=O)O)CC3)ccc21
CHEMBL430742,O=C(O)c1cc(CCn2cnc3c2NC=NCC3O)cc(-c2ccccc2)c1
ENTINOSTAT,Nc1ccccc1NC(=O)c1ccc(CNC(=O)OCc2cccnc2)cc1
CHEMBL274234,COC(=O)c1sc(C(C)(C)C)cc1NC(=O)Nc1ccc(C(=O)O)cc1
CHEMBL15505,CCNCC1CCN(c2cc3c(c(N)c2F)c(=O)c(C(=O)O)cn3CC)C1
CHEMBL282078,CCNC1CCN(c2nc3c(cc2F)c(=O)c(C(=O)O)cn3C(C)(C)C)C1
CHEMBL283385,CN(C)C1CCN(c2nc3c(cc2F)c(=O)c(C(=O)O)cn3C(C)(C)C)C1
CHEMBL282196,CC1CN(c2nc3c(cc2F)c(=O)c(C(=O)O)cn3C(C)(C)C)CCN1C
CHEMBL290807,O=C([O-])CN1CCN(CCOC(c2ccccc2)c2ccccc2)CC1.[Na+]
CHEMBL25991,CCOC(=O)C(CCc1ccccc1)NC(C)C(=O)N1CCCC1C(=O)O
CHEMBL27383,CC(C)N1CC2(CCN(CC(O)C3COc4ccccc4O3)CC2)OC1=O
REMIFENTANIL,CCC(=O)N(c1ccccc1)C1(C(=O)OC)CCN(CCC(=O)OC)CC1
CHEMBL303758,CCOC(=O)c1c(C)[nH]c2ccc3c(c12)CN1CCc2cc(C)ccc2C1O3
CHEMBL299699,CCCn1c(=O)c2nc(C3CCC(C(=O)OC)CC3)[nH]c2n(CCC)c1=O
CHEMBL304036,CCOC(=O)c1c(C)[nH]c2ccc3c(c12)CN1CCc2cccc(C)c2C1O3
CHEMBL277003,CCCCc1nc(C)cc(=O)n1Cc1ccc(-c2ccccc2C(=O)O)cc1
CHEMBL61231,CCOC(=O)N1CCN(CCCOc2ccc(C(=O)CC(C)C)cc2)CC1
CHEMBL430561,COC(=O)C1C2CCC3CCC1N(C/C2=C\c1ccc(-n2cccc2)cc1)C3
CHEMBL280231,O=C1Nc2ccc(Cl)cc2C(OCC=C(Cl)Cl)(C(F)(F)F)O1
CHEMBL66962,CC(C(=O)O)N1C(=O)C(NC(=O)Oc2ccc(Cl)cc2)CS1(=O)=O
CHEMBL75650,CCOC(=O)n1c2cc(Cl)ccc2c2oc(C(=O)N3CCOCC3)cc21
CHEMBL295654,CS(=O)(=O)c1ccc(-n2cc(C(=O)O)nc2-c2ccc(Cl)cc2)cc1
CHEMBL277110,CN(C)C(=O)N1Cc2c(C(=O)OC(C)(C)C)ncn2-c2ccc(Cl)cc21
CHEMBL30894,CCOC(=O)c1sc2c(=O)n(CC)nc(-c3cccc(Cl)c3)c2c1C
CHEMBL43372,O=C(CCc1c(C(=O)O)[nH]c2cc(Cl)cc(Cl)c12)Nc1ccccc1
CHEMBL74009,O=C(O)c1cc(-c2ccc(-c3ccc(Cl)cc3Cl)cc2)n(CCO)n1
CHEMBL34896,C#CCOC(=O)Nc1ccc(Cl)c(-c2nc3cc(Cl)ccc3s2)c1
CHEMBL420548,CCn1cc(C(=O)O)c(=O)c2cc(F)c(-n3cnc(C(=O)OC)c3)c(F)c21
CHEMBL303299,O=C(O)CC1C(=O)N(Cc2ccc(C(F)(F)F)cc2)C(=O)c2ccccc21
CHEMBL64919,O=C(O)CC1C(=O)N(Cc2cccc(C(F)(F)F)c2)C(=O)c2ccccc21
CHEMBL36268,Cc1nc(-c2ccc(C(F)(F)F)cc2)oc1COc1ccc(C(=O)O)cc1
CHEMBL29051,O=C(O)c1cn(C2CC2)c2c(F)c(N3CCC(=NO)CC3)c(F)cc2c1=O
CHEMBL18408,CNC(=O)OC1CCn2c3c(c(COC(N)=O)c21)C(=O)C(OC)=C(C)C3=O
CHEMBL302503,COc1cc(Nc2ncc(-c3ccccc3C(=O)O)o2)ccc1-c1cnco1
CHEMBL23567,CN(CCO)S(=O)(=O)c1ccc2oc3ccc(C(=O)O)cc3c(=O)c2c1
CHEMBL28809,CC1COc2c(N3CCOC(CN)C3)c(F)cc3c(=O)c(C(=O)O)cn1c23
CHEMBL15142,NCC1CCCN(c2c(F)cc3c(=O)c(C(=O)O)cn(C4CC4)c3c2F)C1
CHEMBL16030,Cc1c(F)c(N2CCNC(C)C2)c(F)c2c1c(=O)c(C(=O)O)cn2C1CC1
CHEMBL6312,C=Cn1cc(C(=O)O)c(=O)c2cc(F)c(N3CCC(CNCC)C3)c(F)c21
CHEMBL418295,Cc1c(N2CCC(F)(CN)C2)c(F)cn2c(=O)c(C(=O)O)cc(C3CC3)c12
CHEMBL59568,Cc1c(N2CCC(N)(CF)C2)c(F)cn2c(=O)c(C(=O)O)cc(C3CC3)c12
CHEMBL15438,CC1CN(c2c(F)cc3c(=O)c(C(=O)O)cn(C4CC4)c3c2F)CC(C)N1
CHEMBL265532,CCn1cc(C(=O)O)c(=O)c2cc(F)c(N3CCC4(CCNC4)C3)c(F)c21
CHEMBL14949,CC(N)C1CCN(c2c(F)cc3c(=O)c(C(=O)O)cn(C4CC4)c3c2F)C1
CHEMBL429215,CC1(CN)CCN(c2c(F)cc3c(=O)c(C(=O)O)cn(C4CC4)c3c2F)C1
CHEMBL301949,CCC1(O)C(=O)OCc2c1cc1n(c2=O)Cc2cc3ccc(CN)cc3nc2-1
CHEMBL43544,Cc1cc(NC(=O)C(=O)O)cc(C)c1Oc1ccc(O)c(-c2ccccc2)c1
CHEMBL62325,CCn1cc(C(=O)O)c(=O)c2cc(F)c(N3CCN(CC(C)O)CC3)cc21
CHEMBL18798,COC(=O)c1sc(C(C)(C)C)cc1NC(=O)Nc1ccc([N+](=O)[O-])cc1
CHEMBL284494,CCOC(=O)C(CCc1ccccc1)OC(C)C(=O)N1CCCC1C(=O)O
CHEMBL286776,COC(=O)CCCC(=O)Nc1cccc(OCc2ccc3ccccc3c2)c1
CHEMBL47399,CC(C)(C)n1cc(C(=O)O)c(=O)c2cc(N)c(N3CCc4ccccc43)cc21
CHEMBL300097,O=C(O)CCNC(=O)c1cc2n(n1)CCCN(CCC1CCNCC1)C2=O
CHEMBL280380,CN(C)/C(=N/c1cccc(/C(=C\CCCC(=O)O)c2cccnc2)c1)NC#N
CHEMBL66633,CC(C)(C)OC(=O)CCn1c(Cn2nnc3ccccc32)nc2ccccc21
CHEMBL22950,CC(C)c1cccc(C(C)C)c1OC(=O)NS(=O)(=O)Oc1ccccc1
CHEMBL54366,O=C(CCS)Nc1ccc(-c2cccc(C(=O)O)c2)c(-c2ccccc2)c1
CHEMBL308064,CC1(C)CCC(C)(C)c2cc(C3CC(c4ccc(C(=O)O)cc4)=NO3)ccc21
CHEMBL52334,COC(=O)C1C(c2ccc(-c3cccc(C(C)=O)c3)cc2)CC2CCC1N2C
CHEMBL305910,CC1(C)CCC(C)(C)c2cc(C3=NOC(c4ccc(C(=O)O)cc4)C3)ccc21
CHEMBL50886,COC(=O)C1C(c2ccc(-c3ccccc3C(C)=O)cc2)CC2CCC1N2C
CHEMBL61335,COC(=O)C1C2CCC3CCC1N(C/C2=C\c1ccc(-c2ccco2)cc1)C3
CHEMBL50997,COC(=O)C1C(c2ccc(-c3ccc(C(C)=O)cc3)cc2)CC2CCC1N2C
CHEMBL277606,CC1(C)C=C(C(=O)NCCCNC(=O)C2CC=CCC2C(=O)O)C(C)(C)N1
CHEMBL48597,O=C(O)CCC/C=C\CC1C2CCC(C2)C1NS(=O)(=O)c1ccccc1
CHEMBL285975,COC(=O)c1cc2cc(S(C)(=O)=O)ccc2n1Cc1ccc(Cl)cc1
CHEMBL49289,COC(=O)COc1ccc(CC(C)NCC(O)c2cccc(Cl)c2)cc1
CHEMBL17662,O=C1Nc2ccc(F)c(F)c2C(OCC=C(Cl)Cl)(C(F)(F)F)O1
CHEMBL7975,O=C(O)C1Cc2cc3c(-c4ccccc4F)noc3c(Br)c2O1
CHEMBL65326,O=C(O)CC1C(=O)N(Cc2ccc(Cl)c(Cl)c2)C(=O)c2ccccc21
CHEMBL64959,CCOC(=O)c1c(F)c(N)c2c(=O)cc(-c3ccc(N)c(F)c3)oc2c1F
CHEMBL65502,CC(=O)OCc1c(F)c(N)c2c(=O)cc(-c3ccc(N)c(F)c3)oc2c1F
CHEMBL74350,NC1CN(c2c(F)cc3c(=O)c(C(=O)O)cn(C4CC4)c3c2F)C/C1=N\O
CHEMBL18199,COC(=O)OC1CCn2c3c(c(COC(N)=O)c21)C(=O)C(OC)=C(C)C3=O
CHEMBL46558,CC1CNCCN1c1c(F)c(N)c2c(=O)c(C(=O)O)cn(C3CC3)c2c1F
CHEMBL15707,CC1CN(c2c(F)c(N)c3c(=O)c(C(=O)O)cn(C4CC4)c3c2F)CCN1
CHEMBL47028,CN1CCN(c2c(F)c(N)c3c(=O)c(C(=O)O)cn(C4CC4)c3c2F)CC1
CHEMBL15391,NCC1CCN(c2c(F)c(N)c3c(=O)c(C(=O)O)cn(C4CC4)c3c2F)C1
CHEMBL55047,CNC(=O)OCc1c2c(n(C)c1C(C)OC(C)=O)C(=O)C(C)=C(OC)C2=O
CHEMBL284543,Cc1oc(-c2ccccc2)nc1COc1ccc(CC2OC(=O)NC2=O)cc1
CHEMBL300947,CCC1(O)C(=O)OCc2c1cc1n(c2=O)Cc2cc3ccc(CO)cc3nc2-1
CHEMBL277981,CC(=O)NC1=C(C)C(=O)c2c(nc3n2CCC3OC(=O)c2ccccc2)C1=N
CHEMBL296062,CCNCC1CCC(c2c(F)cc3c(=O)c(C(=O)O)cn(CC)c3c2F)C1
CHEMBL33322,COC(=O)CCCC(=O)Nc1cccc(OCc2ccc3ccccc3n2)c1
CHEMBL34480,CCc1cc(/C=C/C(=O)O)ccc1NC(=O)c1cccc(NC2=NCCN2)c1
CHEMBL34225,CCOC(=O)CCC(=O)Nc1cccc(OCc2ccc3ccccc3n2)c1
CHEMBL37613,Cc1cc(/C=C/C(=O)O)cc(C)c1NC(=O)c1cccc(NC2=NCCN2)c1
CHEMBL34672,COC(=O)CCC(=O)Nc1cc(OCc2ccc3ccccc3n2)ccc1C
CHEMBL33465,COC(=O)CCC(=O)Nc1cccc(OCc2ccc3ccccc3n2)c1C
CHEMBL418048,Cc1cc(/C=C/C(=O)O)ccc1NC(=O)c1cccc(NC2=NCCCN2)c1
CHEMBL60142,CCOC(=O)c1c[nH]c2ccc3c(c12)CN1CCc2cc(OC)ccc2C1O3
CHEMBL59269,COc1ccc(-c2nc3cc(C(=O)O)ccc3[nH]2)cc1OC1CC2CCC1C2
CHEMBL33167,COC(=O)CCC(=O)N(C)c1cccc(OCc2ccc3ccccc3n2)c1
CHEMBL59567,O=C(O)c1ccc(C(=O)N2CCC(N3C(=O)CCc4ccccc43)CC2)cc1
CHEMBL302753,COC(c1ccccc1)(c1ccccc1)C(Oc1nc(C)cc(C)n1)C(=O)O
CHEMBL63611,Cc1noc(NS(=O)(=O)c2ccsc2C(=O)Oc2ccccc2)c1C
CHEMBL33401,COC(=O)CCC(=O)Nc1cccc(OCc2ccc3ccc(C)cc3n2)c1
CHEMBL43827,COC(=O)Nc1c(OCCN2CCCCC2)c(OC)c2occc2c1OC
CHEMBL37181,COC(=O)c1ccc2ccccc2c1CCCn1cnc2c1NC=NCC2O
CHEMBL59939,COC(=O)c1c(C)[nH]c2ccc3c(c12)CN1CCc2cc(OC)ccc2C1O3
CHEMBL38158,COc1ccc(CCc2ccc(C(=O)O)cc2)cc1Cc1cnc(N)nc1N
CHEMBL38239,O=C(Nc1ccc(C2CC2C(=O)O)cc1)c1cccc(NC2=NCCCN2)c1
CHEMBL69222,CCN(CC)OC(=O)Cn1c(Cn2nnc3ccccc32)nc2ccccc21
CHEMBL22218,CC(C)c1cccc(C(C)C)c1OS(=O)(=O)NC(=O)Oc1cccnc1
CHEMBL44352,CCOC(=O)Nc1cc2c(c(N)n1)N=C(c1ccc3ccccc3c1)CS2
CHEMBL62237,CC(=O)[O-].Cc1c2cc[n+](C)cc2c(C)c2c1[nH]c1ccc(OC(C)C)cc12
CHEMBL290988,CCCCC1=NC(C)(C)C(=O)N1Cc1ccc(-c2ccccc2C(=O)O)cc1
CHEMBL419452,CCSC1=C(C(=O)O)N2C(=O)C(NC(=O)Cc3ccccc3)CC2S1
CHEMBL73422,CN(C)CCSc1nc2ccccc2cc1C(C)(C)C.O=C(O)C(=O)O
CHEMBL420930,Cc1c(C(C)C)c(SCCN(C)C)nc2ccccc12.O=C(O)C(=O)O
CHEMBL73166,CCC(C)c1cc2ccccc2nc1SCCN(C)C.O=C(O)C(=O)O
CHEMBL36197,COC(=O)Nc1ccc(Cl)c(-c2nc3cc(-c4ccccc4)ccc3o2)c1
CHEMBL47611,O=C(O)CCn1ccc2cc(NS(=O)(=O)c3ccc(Cl)cc3)ccc21
CHEMBL34664,O=C(O)Cn1c2ccccc2c(=O)n1Cc1ccc(Br)cc1F
CHEMBL285245,O=C(O)Cn1c(=O)c2ccccc2n1Cc1ccc(Br)cc1F
CHEMBL289788,O=C(O)c1cc(Br)cc(CCn2cnc3c2NC=NCC3O)c1
CHEMBL304136,CC(=O)Nc1ccn(C2CSC(COC(=O)P(=O)(O)O)O2)c(=O)n1
CHEMBL76929,COC(=O)c1ccc(S(=O)(=O)Oc2ccc(/C=C/[N+](=O)[O-])cc2)cc1O
CHEMBL418907,COc1cc(/C=C/[N+](=O)[O-])ccc1OS(=O)(=O)c1ccc(C(=O)O)cc1
CHEMBL29572,NCC1CN(c2c(F)cc3c(=O)c(C(=O)O)cn(C4CC4)c3c2F)CCO1
CHEMBL276102,CC1CN(c2c(F)c(O)c3c(=O)c(C(=O)O)cn(C4CC4)c3c2F)CCN1
CHEMBL43322,CN1CCN(c2c(F)c(O)c3c(=O)c(C(=O)O)cn(C4CC4)c3c2F)CC1
CHEMBL288708,Cc1c(-c2ccc(-c3ccccc3)cc2)nc2ccc(F)cc2c1C(=O)[O-].[Na+]
CHEMBL54787,CNC(=O)OCc1c2c(n(C)c1COC(=O)NC)C(=O)C(C)=C(OC)C2=O
CHEMBL274283,CC(=O)NC1=C(C)C(=O)c2c(nc3n2CCC3OC(=O)c2ccccc2)C1=O
CHEMBL77093,CCOC(=O)c1cccnc1SNC(=O)Nc1nc(OC)cc(OC)n1
CHEMBL288507,CCOC(=O)CCN1C(=O)c2ccccc2C(CC(=O)c2ccccc2)C1=O
MERAFLOXACIN,CCNCC1CCN(c2c(F)cc3c(=O)c(C(=O)O)cn(CC)c3c2F)C1
CHEMBL27029,CC(C)(C)n1cc(C(=O)O)c(=O)c2cc(F)c(N3CCNC(CF)C3)cc21
CHEMBL33734,COC(=O)CCC(=O)N(O)c1cccc(OCc2ccc3ccccc3c2)c1
CHEMBL284706,COC(=O)CCC(=O)N(O)c1cccc(COc2ccc3ccccc3c2)c1
CHEMBL300633,CC(C)(C)OC(=O)N1Cc2c(-c3noc(C4CC4)n3)ncn2-c2ccccc21
CHEMBL268028,COC(=O)Nc1nc2cc(C(=O)N3CCN(c4ccccc4)CC3)ccc2[nH]1
CHEMBL20161,Cc1cc(C)c2sc(Cn3nc(CC(=O)O)c4ccccc4c3=O)nc2c1
CHEMBL64222,CC1(C)CCC(C)(C)c2cc(C3CCCc4oc(/C=C/C(=O)O)nc43)ccc21
CHEMBL303430,CCc1nc2c(C)cc(C)nc2n1Cc1ccc(C(CC)C(C)C(=O)O)cc1
CHEMBL15875,CC1(C)C=C(C(=O)NCCCNC(=O)C2CCCCC2C(=O)O)C(C)(C)N1
CHEMBL34012,NS(=O)(=O)c1ccc(NC(=O)CN(CC(=O)O)CC(=O)O)c(Cl)c1
CHEMBL15461,CC1CN(c2c(F)cc3c(=O)c(C(=O)O)cn(C4CC4)c3c2Cl)CCN1
CHEMBL16159,Cc1c(F)c(N2CCNCC2)c(Cl)c2c1c(=O)c(C(=O)O)cn2C1CC1
CHEMBL279842,Cc1c(F)c(N2CCC(N)C2)c(Cl)c2c1c(=O)c(C(=O)O)cn2C1CC1
LICOFELONE,CC1(C)Cc2c(-c3ccccc3)c(-c3ccc(Cl)cc3)c(CC(=O)O)n2C1
CHEMBL56600,CC1(C)Cc2c(-c3ccc(Cl)cc3)c(-c3ccccc3)c(CC(=O)O)n2C1
CHEMBL56294,CC1(C)Cc2c(-c3ccccc3)c(-c3ccccc3Cl)c(CC(=O)O)n2C1
CHEMBL301693,CC1(C)Cc2c(-c3ccccc3)c(-c3cccc(Cl)c3)c(CC(=O)O)n2C1
CHEMBL9699,CCOC(=O)Nc1cc2c(c(N)n1)N=C(c1ccc(Cl)cc1Cl)CN2
CHEMBL67067,COC(=O)C1=C(C)N=C(C)/C(=C(\O)OC)C1c1ccccc1Br
CHEMBL9517,CCOC(=O)Nc1cc2c(c(N)n1)N=C(c1ccc(Cl)c(Cl)c1)CN2
CHEMBL28792,NCC/N=C(\S)Nc1c(Cl)cccc1Cl.O=C(O)/C=C\C(=O)O
CHEMBL19100,CSc1cc2n(c1C(=O)c1ccc(Br)cc1)CCC2C(=O)O
CHEMBL301275,CC(C)OC(=O)C1C2CC3CCC1N3C/C2=C\c1ccc(Cl)c(Cl)c1
CHEMBL39151,Cc1c(-c2ccc(-c3cccnc3)cc2)nc2ccc(F)cc2c1C(=O)[O-].[Na+]
CHEMBL39528,CC(=O)NC1CCN(c2nc3c(cc2F)c(=O)c(C(=O)O)cn3CCF)C1
CHEMBL51296,CCC1(O)C(=O)OCc2c1cc1n(c2=O)Cc2cc3cc(O)c(O)cc3nc2-1
CHEMBL291140,O=C(COc1ccc(C(=O)Nc2ccc(F)cc2)cn1)OCc1ccccc1
CHEMBL49974,NS(=O)(=O)c1ccc(C(=O)NC(Cc2ccc(O)c(O)c2)C(=O)O)cc1
CHEMBL6256,CCNCC1CCN(c2c(F)cc3c(=O)c(C(=O)O)cn(NC)c3c2F)C1
CHEMBL15151,CCn1cc(C(=O)O)c(=O)c2c(N)c(F)c(N3CC(C)NC(C)C3)c(F)c21
CHEMBL290806,COc1ccc(OCc2ccc(C(=O)O)cc2)cc1Cc1cnc(N)nc1N
CHEMBL56319,CCOC(=O)C(Cc1ccccc1)NC(=O)/C(C#N)=C/c1ccc(O)c(O)c1
CHEMBL50092,CCc1nc(CO)c(C(=O)O)n1Cc1ccc(-c2ccccc2C(=O)O)cc1
CHEMBL17119,CCOC(=O)N1C(c2ccccc2)=NN=C(c2ccccc2)N1C(=O)OCC
CHEMBL288647,COc1ccc(OCc2cccc(C(=O)O)c2)cc1Cc1cnc(N)nc1N
CHEMBL287012,COC(=O)CCC(=O)N(O)c1cccc(OCc2ccc3ccccc3n2)c1
CHEMBL12325,COC(=O)Nc1nc2cc(C(=O)N3CCN(c4ccccn4)CC3)ccc2[nH]1
CHEMBL49853,CCOC(=O)N1CCN(S(=O)(=O)c2ccc3nc(N)nc(N)c3c2)CC1
CHEMBL6714,O=C(C(=O)N1CCCCC1C(=O)OCCCc1cccnc1)c1ccccc1
CHEMBL52601,CCCc1nc(CO)c(CO)n1Cc1ccc(-c2ccccc2C(=O)O)cc1
CHEMBL301174,COC(=O)C1C(c2ccc(-c3cccc([N+](=O)[O-])c3)cc2)CC2CCC1N2C
CHEMBL50675,COC(=O)C1C(c2ccc(-c3ccccc3[N+](=O)[O-])cc2)CC2CCC1N2C
CHEMBL300511,COC(=O)C1C(c2ccc(-c3ccc([N+](=O)[O-])cc3)cc2)CC2CCC1N2C
CHEMBL37325,CCOC(=O)C(C)(CCCCn1cnc2c1NC=NCC2O)C(=O)OCC
CHEMBL66319,CCOC(=O)CCOC(=O)CCCNC(=O)NC12CC3CC(CC(C3)C1)C2
CHEMBL55508,CCCCc1ncc(/C=C(\Cc2cccs2)C(=O)O)n1Cc1ccccc1
CHEMBL301299,CC(=O)O/C(=C1\C(=O)N(C(N)=O)c2cc(Cl)c(F)cc21)c1cccs1
CHEMBL41432,COC(=O)C1=C(C)N=C(C)/C(=C(/O)OC)C1c1ccc(Cl)c([N+](=O)[O-])c1
CHEMBL63315,COC(=O)C1=C(C)N=C(C)/C(=C(\O)OC)C1c1cc([N+](=O)[O-])ccc1Cl
CHEMBL15530,Nc1c(F)c(N2CCNCC2)c(Cl)c2c1c(=O)c(C(=O)O)cn2C1CC1
CHEMBL279156,Nc1c(F)c(N2CCC(N)C2)c(Cl)c2c1c(=O)c(C(=O)O)cn2C1CC1
CHEMBL9120,O=C(c1ccccc1I)c1ccc2n1CCC2C(=O)O
CHEMBL308456,COc1ccc(C(=O)Nc2c(Cl)cncc2Cl)c2cc(C(=O)O)oc12
CHEMBL65531,COC(=O)c1sccc1S(=O)(=O)Nc1onc(C)c1Br
CHEMBL45074,O=C(O)Cc1cc(Cc2nc3c(F)c(F)cc(F)c3s2)cc(C(=O)O)c1
CHEMBL274337,CCN1CC(C(=O)O)C(=O)c2c(O)c3c(c(O)c21)C(=O)c1ccccc1C3=O
CHEMBL277404,CN1CCN(c2c(F)c(F)c3c(=O)c(C(=O)O)cn(C4CC4)c3c2F)CC1
CHEMBL47209,CC1CN(c2c(F)c(F)c3c(=O)c(C(=O)O)cn(C4CC4)c3c2F)CCN1
CHEMBL293053,O=C(O)c1c(=O)c2cc(F)c(N3CCNCC3)cc2n2c1oc1ccccc12
CHEMBL310245,COc1cc2oc(=O)cc(COC(=O)/C=C/c3ccc(N)cc3)c2cc1OC
CHEMBL15894,CCn1cc(C(=O)O)c(=O)c2c(O)c(F)c(N3CC(C)NC(C)C3)c(F)c21
CHEMBL6289,CCNCC1CCN(c2c(F)cc3c(=O)c(C(=O)O)cn(OC)c3c2F)C1
CHEMBL19194,CC1(CCCCC(=O)O)c2ccccc2-c2nc(O)c3nc(C(=O)O)cn3c21
CHEMBL283230,CC(C)(C)c1ccc(/C(=C\CC(N)C(=O)[O-])c2ccc(F)cc2F)cc1.[Na+]
CHEMBL418388,CCc1ccc(/C(=C\CC(N)C(=O)[O-])c2ccc(F)cc2F)cc1CC.[Na+]
CHEMBL283984,COc1ccc2nc(Cn3nc(CC(=O)O)c4ccccc4c3=O)sc2c1
CHEMBL19759,COc1ccc2c(=O)n(Cc3nc4ccccc4s3)nc(CC(=O)O)c2c1
CHEMBL28781,CN1CCN(c2cc3c(cc2F)c(=O)c(C(=O)O)cn3-c2ccccc2)CC1
CHEMBL29384,O=C(O)c1cn(Cc2ccccc2)c2cc(N3CCNCC3)c(F)cc2c1=O
CHEMBL19906,COc1ccc2c(CC(=O)O)nn(Cc3nc4ccccc4s3)c(=O)c2c1
CHEMBL19873,COc1ccc2sc(Cn3nc(CC(=O)O)c4ccccc4c3=O)nc2c1
CHEMBL19373,COc1cccc2sc(Cn3nc(CC(=O)O)c4ccccc4c3=O)nc12
CHEMBL283757,O=C(O)C(CCC(=O)N1c2ccccc2CC1C(=O)O)CCc1ccccc1
CHEMBL66206,Cc1oc(-c2ccccc2)nc1CCOc1ccc(OC(C)(C)C(=O)O)cc1
CHEMBL287005,O=C(O)C(=O)O.c1ccc(OCCNCC2COC3(CCCCC3)O2)cc1
CHEMBL31810,CC1=C(C(=O)O)N2C(=O)C(NC(=O)CCON=C3CCCCC3)C2SC1
CHEMBL21647,CC(C)(C)NC(=O)Nc1cccc(/C(=C\CCCC(=O)O)c2cccnc2)c1
CHEMBL54628,COC(=O)C1C(c2ccc(F)cc2)CC2CCC1N2CCCc1ccccc1
CHEMBL65492,O=C(O)c1ccc2c(c1)/C(=C\CCN1CCSCC1)c1ccccc1CO2
CHEMBL276396,CCOC(=O)/C(=C\c1cc(C(C)(C)C)c(O)c(C(C)(C)C)c1)c1cccnc1
CHEMBL68059,CC(C)(C)OC(=O)N1CCN(c2c3c(nc4ccccc24)CCCCC3)CC1
CHEMBL431135,COC(=O)/C=C(C)/C=C/C=C(C)/C=C/C1=C(C)C(n2cncn2)CCC1(C)C
CHEMBL22172,O=C(Nc1cc(-c2nc(-c3ccco3)no2)ccc1Cl)Oc1ccccc1
CHEMBL281339,O=C(Nc1ccc(-c2nc(-c3ccco3)no2)c(Cl)c1)Oc1ccccc1
CHEMBL42927,O=C(O)Cc1ncc2c(n1)-c1ccc(Cl)cc1C(c1ccccc1F)=NC2
CHEMBL15623,CCn1cc(C(=O)O)c(=O)c2cc(F)c(N3CC(C)NC(C)C3)c(Cl)c21
CHEMBL33619,CCC(=O)OC1=C(c2ccccc2)Sc2ccc(Cl)cc2-n2cccc21
CHEMBL283350,O=C(O)CCCO/N=C1\c2ccccc2-c2nc(O)c3nc(C(=O)O)cn3c21
CHEMBL282030,O=C(O)CCC(=O)NC1c2ccccc2-c2nc(O)c3nc(C(=O)O)cn3c21
CHEMBL417472,Cc1ccccc1C(=O)n1c(=O)c(F)cn(C(=O)OCc2ccccc2)c1=O
CHEMBL292010,CC1=C(NCc2ccco2)C(=O)c2c(COC(N)=O)c3n(c2C1=O)CC1NC31
CHEMBL290202,CCOC(=O)c1cnc(-c2cccc(OC)c2)nc1NN1C(=O)C=C(C)C1=O
CHEMBL34644,COC(=O)c1cc(NC(=O)c2cccc(NC(=N)N)c2)ccc1/C=C/C(=O)O
CHEMBL16724,C=CCn1c(=O)c2nc(-c3ccc(OCC(=O)O)cc3)[nH]c2n(CC=C)c1=O
CHEMBL297842,CCOC(=O)c1cnc(-c2ccc(OC)cc2)nc1NN1C(=O)C=C(C)C1=O
CHEMBL49197,C=CCOC(=O)CNN1CC(NC(=O)/C(=N/OC)c2csc(N)n2)C1=O
CHEMBL16997,CCCn1c(=O)c2nc(-c3ccc(/C=C/C(=O)O)cc3)[nH]c2n(CCC)c1=O
CHEMBL291910,CC(=N)Nc1cccc(C(=O)NNC(=O)CC(CC(=O)O)c2ccccc2)c1
CHEMBL291369,O=C(O)/C=C\C(=O)O.c1ccc2c(COCCCc3c[nH]cn3)cccc2c1
CHEMBL305485,CCOC(=O)c1cc(NC2=CC3=NCCc4cn(C)c(c43)C2=O)cn1COC
CHEMBL44144,CCOC(=O)c1ccc(N2CCN(c3ccc(C(=O)OCC)cc3)CC2)cc1
CHEMBL15079,CC(C)(C)OC(=O)c1ncn2c1CN(C(=O)N1CCCCC1)c1ccccc1-2
CHEMBL52157,CCC1(O)C(=O)OCc2c1cc1n(c2=O)Cc2cc3cc(Cl)ccc3nc2-1
CHEMBL68131,CCCCN1CCC(COC(=O)c2cc(Cl)c(N)c3c2OCCO3)CC1
LORATADINE,CCOC(=O)N1CCC(=C2c3ccc(Cl)cc3CCc3cccnc32)CC1
CHEMBL77833,CC(C)(Oc1ccc(NC(=O)Nc2cccc(Cl)c2Cl)cc1)C(=O)O
CHEMBL76198,CC(C)(Oc1ccc(NC(=O)Nc2ccc(Cl)cc2Cl)cc1)C(=O)O
CHEMBL77193,CC(C)(Oc1ccc(NC(=O)Nc2ccc(Cl)c(Cl)c2)cc1)C(=O)O
CHEMBL303210,Cc1cc(=O)n(Cc2nc3cc(C(F)(F)F)ccc3s2)nc1CC(=O)O
CHEMBL16887,CCC(=O)c1c(O)n(O)c2cc(NC(=O)Nc3cccc(C(=O)O)c3)ccc12
CHEMBL449397,CCCCOC(=O)C(C)Oc1ccc(Oc2ccc(C(F)(F)F)cn2)cc1
CHEMBL39632,CCO/C(O)=C1\C(C)=NC(C)=C(C(=O)OC)C1c1ccccc1C(F)(F)F
CHEMBL25531,CC(C)n1cc(C(=O)O)c(=O)c2c(F)c(F)c(N3CCN(C)CC3)c(F)c21
CHEMBL38719,CCO/C(O)=C1\C(C)=NC(C)=C(C(=O)OC)C1c1cccc(C(F)(F)F)c1
CHEMBL21136,O=C(O)Cc1nn(Cc2nc3cc(O)cc(O)c3s2)c(=O)c2ccccc12
CHEMBL276330,O=C(O)C(=O)CC(=O)c1ccc(-n2c(-c3ccccc3)cc3ccccc32)cc1
CHEMBL20365,Cc1ccc2nc(Cn3nc(CC(=O)O)c4ccccc4c3=O)sc2c1F
CHEMBL36461,CC(=O)NC(Cc1ccc(NC(=O)c2cccc(NC(=N)N)c2)cc1)C(=O)O
CHEMBL49782,Nc1ccccc1C(=O)Oc1ccc2nc(/C=C/c3ccccc3)nc(O)c2c1
CHEMBL58465,N=C(N)Nc1cccc(C(=O)NNC(=O)CC(CC(=O)O)c2ccccc2)c1
CHEMBL59009,O=C(O)CCn1c2ccccc2c2c3c(c4c5ccccc5[nH]c4c21)C(=O)NC3
CHEMBL282817,Cn1cc(C(=O)O)c(=O)c2c3cc(F)c(N4CCCC(C)(C)C4)cc3ncc21
CHEMBL42961,Cc1cc(NC(=O)C(=O)O)cc(C)c1Oc1ccc(O)c(C2CCCCC2)c1
CHEMBL57560,O=C(O)c1ccc(CNc2ccc3c(COc4ccccc4)cccc3c2)cc1
CHEMBL71162,Cc1ccnc2c1nc(C1CC1)n2Cc1ccc(-c2ccccc2C(=O)O)cc1
CHEMBL56949,COC(=O)c1cccc(-c2ccc(NCc3c[nH]cn3)cc2-c2ccccc2)c1
CHEMBL281407,O=C(O)Cc1nn(CSc2nc3ccccc3s2)c(=O)c2ccccc12
CHEMBL70016,C/C=C/c1nc2c(C)ccnc2n1Cc1ccc(-c2ccccc2C(=O)O)cc1
CHEMBL71929,CC(O)C1C(=O)N2C(C(=O)O)=C(SC3CNC(C(=O)N(C)C)C3)C(C)C12
CHEMBL58960,COC(=O)C1C2CC3CCC1N3C/C2=C\c1cc2ccccc2c2ccccc12
CHEMBL21437,CC(C)c1cccc(C(C)C)c1OS(=O)(=O)NC(=O)OC1CCCCC1
CHEMBL277145,CSc1cc2n(c1C(=O)c1ccc(C3CCCCC3)cc1)CCC2C(=O)O
CHEMBL73408,CCCCCCCCc1nsnc1C1=CCCN(C)C1.O=C(O)C(=O)O
CHEMBL59432,CC(/C=C/C=C(\C)C(=O)Nc1cc(C(C)(C)C)ccc1C(C)(C)C)=C\C(=O)O
CHEMBL296564,O=C(O)c1cn(C2CC2)c2c(F)c(N3CCNCC3)c(F)c(Cl)c2c1=O
CHEMBL430989,CCOC(=O)c1cccnc1S(=O)(=O)NC(=O)Nc1ccc(Cl)cc1
CHEMBL62680,COc1ccc2c(c1)c(/C=C/CC(=O)O)c(C)n2C(=O)c1ccc(Cl)cc1
CHEMBL423473,O=C(CCc1ccc(I)cc1)OCCCc1c[nH]cn1
CHEMBL41594,C[S+](C)CC#CCOC(=O)Nc1cccc(Cl)c1.[O-][Cl+3]([O-])([O-])[O-]
CHEMBL41899,C[S+](C)CC#CCOC(=O)Nc1ccc(Cl)cc1.[O-][Cl+3]([O-])([O-])[O-]
CHEMBL18950,COC(=O)c1[nH]c(C(C)(C)C)cc1NC(=O)Nc1cccc(Cl)c1Cl
CHEMBL19388,O=C(O)CC[n+]1ccc(/C=C/c2cccc3ccccc23)cc1.[Br-]
CHEMBL43550,CCOC(=O)c1cnc(-c2ccc(F)cc2)nc1N(C)N1C(=O)C=C(C)C1=O
CHEMBL38136,O=C(O)c1cn(-c2ccc(F)cc2)c2cc(N3CCCCC3)c(F)cc2c1=O
CHEMBL58334,N=C(N)Nc1cccc(C(=O)NNC(=O)NC(CC(=O)O)c2ccccc2)c1
CHEMBL46509,CCOC(=O)c1cnc(Sc2ccccc2)nc1NN1C(=O)C=C(C)C1=O
CHEMBL33621,CNC(=O)c1coc(C2C3CCC(O3)C2Cc2ccccc2CCC(=O)O)n1
CHEMBL290366,CN(C(=O)C(CC(=O)NO)Cc1ccccc1)C(Cc1ccccc1)C(=O)O
CHEMBL308114,Cc1ccc2c3oc(C(=O)N4CCOCC4)cc3n(C(=O)OCC(C)C)c2c1
CHEMBL72942,CCCCOC(=O)n1c2cc(C)ccc2c2oc(C(=O)N3CCOCC3)cc21
CHEMBL416897,CC(C)(C)OC(=O)c1ncn2c1CN(C(=O)N1CCOCC1)c1ccccc1-2
CHEMBL21554,CCCn1c(=O)c2c(nc(-c3ccc(C(=O)OC)cc3)n2C)n(CCC)c1=O
CHEMBL9411,CCOC(=O)Nc1cc2c(c(N)n1)N=C(CN(C)c1ccc(OC)cc1)CN2
CHEMBL416454,CC(=O)NC1CCN(c2c(N)cc3c(=O)c(C(=O)O)cn(C4CC4)c3c2C)C1
CHEMBL63470,COc1ccc(C2(C#N)CCN(C3(C(=O)O)CC3)CC2)cc1OC1CCCC1
CHEMBL7632,CCCCc1nc2ccccc2n1Cc1ccc(-c2ccccc2C(=O)O)cc1
CHEMBL19834,CCc1cc(-c2ccc(-c3ccc(C(=O)O)cc3)[nH]2)nc2c(C(C)C)cccc12
CHEMBL21794,CC(C)c1cccc(C(C)C)c1OC(=O)NS(=O)(=O)N(C(C)C)C(C)C
CHEMBL267006,CCOC(=O)c1cc2c3cc(-n4ccc(C=O)c4)c(Cl)cc3nc(O)n2n1
CHEMBL417322,O=C(O)/C=C/c1ccc(NC(=O)c2cccc(NC3=NCCN3)c2)c(Cl)c1
CHEMBL37720,CCOC(=O)C(C)Oc1ccc(N(C)c2cc3ccc(Cl)cc3cn2)cc1
CHEMBL16496,O=C(NCc1ccc(I)cc1)OCCCc1c[nH]cn1
CHEMBL14391,COC(=O)C1C(c2ccc(I)cc2)CC2CCC1N2C
CHEMBL67387,COC(=O)C1C(c2cccc(I)c2)CC2CCC1N2C
CHEMBL278057,COC(=O)c1oc(C(C)(C)C)cc1NC(=O)Nc1ccc(Cl)c(Cl)c1
CHEMBL67978,Cc1c2cc[n+](CC(=O)O)cc2c(C)c2c1[nH]c1ccccc12.[Br-]
CHEMBL35966,CCCc1c2nc(C(=O)[O-])cc(C)c2cc2c(=O)cc(C(=O)[O-])oc12.[Na+].[Na+]
CHEMBL416936,NCC1CN(c2c(F)cc3c(=O)c(C(=O)O)cn(CCF)c3c2F)CCO1
CHEMBL39249,NC1CCN(c2cc3c(cc2F)c(=O)c(C(=O)O)cn3-c2ccc(F)cc2)C1
CHEMBL68413,COc1ccccc1OC(=O)CCCC(=O)Oc1ccc(/C=C/[N+](=O)[O-])cc1
CHEMBL63559,COc1ccc(OC(=O)CCCC(=O)Oc2ccc(/C=C/[N+](=O)[O-])cc2)cc1
CHEMBL31044,O=C(/C=C/c1ccc(O)c(O)c1)NCCOC(=O)/C=C/c1ccc(O)c(O)c1
CHEMBL302905,COc1cccc(OC(=O)CCCC(=O)Oc2ccc(/C=C/[N+](=O)[O-])cc2)c1
SARAFLOXACIN,O=C(O)c1cn(-c2ccc(F)cc2)c2cc(N3CCNCC3)c(F)cc2c1=O
CHEMBL6250,O=C(O)c1ccc(-c2nc(-c3ccc4c(c3)OCO4)c(-c3ccccn3)[nH]2)cc1
CHEMBL41799,Cc1c(-c2ccc(-c3cccs3)cc2)nc2ccc(F)cc2c1C(=O)[O-].[Na+]
CHEMBL70458,Nc1nc(NC(=O)OCc2ccccc2)c(N=O)c(OCC2CCCCC2)n1
CHEMBL18979,O=C(O)c1cccc(COc2cccc(OCc3ccc4ccccc4n3)c2)c1
CHEMBL77704,COC(=O)CCC(=O)Nc1cccc(COc2ccc(C(C)=O)c(OC)c2)c1
CHEMBL55456,CCOC(=O)N1CCN(CCn2c(=O)[nH]c3c([nH]c4ccccc43)c2=O)CC1
CHEMBL19102,O=C(O)c1ccc(COc2cccc(OCc3ccc4ccccc4n3)c2)cc1
CHEMBL307575,COC(=O)CCCC(=O)Nc1cccc(COc2ccc(C(C)=O)c(O)c2)c1
CHEMBL73411,N=C(N)c1ccc2[nH]c(-c3cc(CC(=O)O)cc(-c4ccccc4)c3O)cc2c1
CHEMBL288137,CC(=O)OCc1c(C)c(-c2ccc(-c3ccccc3)cc2)nc2ccc(F)cc12
CHEMBL34844,Cc1cccc(OCc2ccc(CN3CCCCC3)cc2)c1.O=C(O)C(=O)O
CHEMBL441780,Cc1ccc(OCc2ccc(CN3CCCCC3)cc2)cc1.O=C(O)C(=O)O
CHEMBL76633,CCOC(=O)c1[nH]c2ccc(CCN3C(=O)CCC3=O)cc2c1CCN(C)C
CHEMBL63360,CC(C)(/C=C/C(=O)c1ccc(C(=N)N)cc1)C(=O)N1CCC(CC(=O)O)CC1
CHEMBL63143,CC(C)(C(=O)/C=C/c1ccc(C(=N)N)cc1)C(=O)N1CCC(CC(=O)O)CC1
CHEMBL71730,CCc1nc2c(C)cc(C)nn2c1Cc1ccc(-c2ccccc2C(=O)O)cc1
CHEMBL68598,Cc1ccnc2c1nc(C(C)C)n2Cc1ccc(-c2ccccc2C(=O)O)cc1
CHEMBL69824,CCCc1nc2c(C)ccnc2n1Cc1ccc(-c2ccccc2C(=O)O)cc1
CHEMBL292839,COc1cc(Cc2cnc(N)nc2N)cc2c1N(CCOC(C)=O)CCC2C
CHEMBL63908,Cc1c(COC(=O)NC(C)C)c(COC(=O)NC(C)C)c2n1C[S+]([O-])C2
CHEMBL76161,CCCCCCCOc1nsnc1C1=CCCN(C)C1.O=C(O)C(=O)O
CHEMBL10186,CC(OC(=O)C(C)(C)C)n1c([S+]([O-])Cc2ccccn2)nc2ccccc21
CHEMBL433633,CC(NC(=O)C(CSC(=O)c1ccccc1)C(C)c1ccccc1)C(=O)O
CHEMBL433445,CSc1ccc2nc(-c3ccc(-c4ccccc4)cc3)c(C)c(C(=O)O)c2c1
CHEMBL423654,CC1(C)CCC(C)(C)c2cc(-c3cccc(-c4ccc(C(=O)O)cc4)n3)ccc21
CHEMBL290535,O=C(O)Cn1c2ccc(Cl)cc2c(=O)n1Cc1ccc(Cl)c(Cl)c1
CHEMBL20581,O=C(O)Cc1nn(Cc2nc3ccc(Cl)cc3s2)c(=O)c2ccccc12
CHEMBL20015,O=C(O)Cc1nn(Cc2nc3c(Cl)cccc3s2)c(=O)c2ccccc12
CHEMBL20005,O=C(O)Cc1nn(Cc2nc3ccccc3s2)c(=O)c2ccc(Cl)cc12
CHEMBL20796,O=C(O)Cc1nn(Cc2nc3ccccc3s2)c(=O)c2cc(Cl)ccc12
CHEMBL20197,O=C(O)Cc1nn(Cc2nc3cc(Cl)ccc3s2)c(=O)c2ccccc12
CHEMBL20207,O=C(O)Cc1nn(Cc2nc3cccc(Cl)c3s2)c(=O)c2ccccc12
CHEMBL38166,CCOC(=O)C(C)Oc1ccc(N(C)c2ncc3cc(Cl)ccc3n2)cc1
CHEMBL262388,CCOC(=O)C(C)Oc1ccc(N(C)c2cnc3cc(Cl)ccc3n2)cc1
CHEMBL46202,O=C(O)c1cc(-c2ccc(Cl)cc2)nc(-c2ccc(-c3ccccc3)cc2)c1
CHEMBL301587,CCN1CCN(/C(=N\c2ccccc2Cl)c2ccc(C(=O)OC)cc2)CC1
CHEMBL28309,COc1cc(CC(=O)[O-])c(N)c(C(=O)c2ccc(Br)cc2)c1.[Na+]
CHEMBL274085,O=C(OCN1C(=O)c2ccccc2S1(=O)=O)c1c(Cl)cccc1Cl
CHEMBL36130,CCCc1c2nc(C(=O)[O-])cc(N)c2cc2c(=O)cc(C(=O)[O-])oc12.[Na+].[Na+]
CHEMBL290314,O=C(O)c1cn(-c2ccc(F)cc2)c2cc(N3CCOCC3)c(F)cc2c1=O
CHEMBL288167,O=C(O)c1cn(-c2ccc(F)cc2)c2cc(N3CCC(O)C3)c(F)cc2c1=O
CHEMBL266942,COc1ccc(-c2ccc(N3CC(CNC(C)=O)OC3=O)cc2F)ccc1=O
CHEMBL312544,CCCOC(=O)n1c2cc(OC)ccc2c2oc(C(=O)N3CCOCC3)cc21
CHEMBL35970,CCc1cc(C(C)=O)c(O)cc1OCc1cccc(C(=O)NCCC(=O)O)n1
CHEMBL75607,COc1ccc2c3oc(C(=O)N4CCOCC4)cc3n(C(=O)OC(C)C)c2c1
CHEMBL307313,CCC(=O)OCOc1ccc(-c2nc3c(=O)n(CC)c(=O)n(CC)c3[nH]2)cc1
CHEMBL27041,CCCn1c(=O)c2nc(-c3ccc(OCC(=O)O)cc3)[nH]c2n(CCC)c1=O
CHEMBL286039,CCOC(=O)C(/C=N/c1ccc(F)c(-c2cc(C)nc(C)c2)c1)=C(/O)OCC
CHEMBL14598,COc1ccc(C(=O)/C(=N/O)SCCCN(C)C)cc1.O=C(O)C(=O)O
CHEMBL62637,N=C(N)c1ccc(N2CC3(CCN(C(=O)CCCC(=O)O)CC3)CC2=O)cc1
CHEMBL19530,COc1cc(-c2ccc(-c3ccc(C(=O)O)cc3)[nH]2)nc2c(C(C)C)cccc12
CHEMBL276974,N=C(N)c1ccc(C(=O)N2CCC3(CCN(C(=O)CC(=O)O)CC3)CC2)cc1
CHEMBL64592,N=C(N)c1ccc(N2CCC3(CCN(C(=O)CCCC(=O)O)CC3)C2=O)cc1
CHEMBL7431,CCCCc1nc2cnncc2n1Cc1ccc(-c2ccccc2C(=O)O)cc1
CHEMBL41241,CNc1cc(NC(=O)OC)ccc1Nc1c2ccccc2nc2c(C)cccc12
CHEMBL41483,CNc1cc(NC(=O)OC)ccc1Nc1c2ccccc2nc2cc(C)ccc12
CHEMBL41244,CNc1cc(NC(=O)OC)ccc1Nc1c2ccccc2nc2ccc(C)cc12
CHEMBL288736,COC(=O)Nc1ccc(Nc2c3ccccc3nc3ccccc23)c(N(C)C)c1
CHEMBL63251,CC(C)Oc1ccc(C2(C#N)CCN(CC(=O)O)CC2)cc1OC1CCCC1
CHEMBL63462,COc1ccc(C2(C#N)CCN(C(C)(C)C(=O)O)CC2)cc1OC1CCCC1
CHEMBL282744,N=C(N)c1ccc(N2CCC3(CCC(C(=O)NCCC(=O)O)CC3)CC2)cc1
CHEMBL274835,O=C(O)CN1CCC(C(=O)N2CCC3(CC2)CCN(c2ccncc2)C3)CC1
CHEMBL12878,O=C(O)CC1CCN(C(=O)N2CCC3(CC2)CCN(c2ccncc2)C3)CC1
CHEMBL33960,COC(=O)Nc1ccc(Cl)c(-c2nc3cc(C(F)(F)F)ccc3s2)c1
CHEMBL60886,O=C(O)CCC(=O)OC1N=C(c2ccccc2)c2cc(Cl)ccc2NC1=O
CHEMBL42204,CCOC(=O)c1cnc(-c2ccc(Cl)cc2)nc1NN1C(=O)C=C(C)C1=O
CHEMBL73825,COC(=O)C1=C(C)N=C(C)/C(=C(/O)OC)C1c1cc2ccccc2nc1Cl
CHEMBL285758,CCCc1c2nc(C(=O)[O-])cc(O)c2cc2c(=O)cc(C(=O)[O-])oc12.[Na+].[Na+]
CHEMBL54393,CC(C)(C)C(=O)OCOP(=O)(O)COCCn1cnc2c(N)ncnc21
CHEMBL32833,CCn1cc(C(=O)O)c(=O)c2cc(F)c(N3CCNC(C(F)F)C3)c(F)c21
CHEMBL282689,O=C(O)Cc1nn(Cc2nc3c(F)ccc(F)c3s2)c(=O)c2ccccc12
CHEMBL20306,O=C(O)Cc1nn(Cc2nc3cc(F)c(F)cc3s2)c(=O)c2ccccc12
CHEMBL34676,O=C([O-])CCC(=O)N(O)c1cccc(OCc2ccc3ccccc3c2)c1.[Na+]
CHEMBL422927,O=C(O)Cc1nn(Cc2nc3c(F)c(F)ccc3s2)c(=O)c2ccccc12
CHEMBL20637,O=C(O)Cc1nn(Cc2nc3cc(F)cc(F)c3s2)c(=O)c2ccccc12
CHEMBL273258,COc1ccc2c(c1)c(-c1ccc3c(c1)OCO3)c(C(=O)O)n2-c1ccccc1
CHEMBL10151,COc1ccc(-n2c(C(=O)O)c(-c3ccc4c(c3)OCO4)c3ccccc32)cc1
CHEMBL276615,COc1ccc2c(-c3ccc4c(c3)OCO4)c(C(=O)O)n(-c3ccccc3)c2c1
CHEMBL77722,COC(=O)CCCC(=O)Nc1cccc(COc2ccc(C(C)=O)c(F)c2)c1
CHEMBL280239,CCOC(=O)c1ccc(-c2nc(-c3ccc(F)cc3)c(-c3ccncc3)[nH]2)cc1
CHEMBL57256,CN(C)S(=O)(=O)c1ccc2c(c1)/C(=C/c1[nH]cc3c1CCOC3=O)C(=O)N2
CHEMBL283179,CCOC(=O)c1sc2c(=O)n(CC)nc(-c3cccc([N+](=O)[O-])c3)c2c1C
CHEMBL298231,CS(=O)(=O)c1ccc(-c2ccc(CCC(=O)O)n2-c2ccc(F)cc2)cc1
CHEMBL63043,Cc1nc2c(OCc3ccccc3)cccn2c1NC(=O)OCc1ccccc1
CHEMBL292621,CCOC(=O)C1CNc2c(OC)cc(Cc3cnc(N)nc3N)c(OC)c2C1
CHEMBL282381,CNC(=O)OCc1c(COC(=O)NC)c(-c2ccc(OC)cc2)n2c1CCC2
CHEMBL47051,O=C(NC(Cc1ccccc1)C(=O)O)OCC1c2ccccc2-c2ccccc21
CHEMBL291661,N=C(N)c1ccc(N2CC3(CCN(C(=O)CCCC(=O)O)CC3)NC2=O)cc1
CHEMBL32157,NS(=O)(=O)c1nc2ccc(NC(=O)CNCCNCC(=O)O)cc2s1
CHEMBL445605,N=C(N)c1ccc(N2CC3(CCN(C(=O)NCCC(=O)O)CC3)CC2=O)cc1
CHEMBL281045,CCOC(=O)c1nc2c(O)n(Cc3ccccc3)nc(-c3ccccc3)c-2c1C
CHEMBL65477,N=C(N)c1ccc(N2CCC3(CCN(C(=O)NCCC(=O)O)CC3)C2=O)cc1
CHEMBL69906,COCc1nc2c(C)ccnc2n1Cc1ccc(-c2ccccc2C(=O)O)cc1
CHEMBL72324,COC(=O)Cc1c(C)n(C(=O)c2cccc3ccccc23)c2ccc(OC)cc12
CHEMBL277730,CC(C)NCC1CCN(c2cc3c(cc2F)c(=O)c(C(=O)O)cn3C2CC2)C1
CHEMBL15089,CCCCN1CCN(c2cc3c(cc2F)c(=O)c(C(=O)O)cn3C2CC2)CC1
CHEMBL10209,COc1c(C)cnc(C[S+]([O-])c2nc3ccccc3n2COC(C)=O)c1C
CHEMBL273217,CC(C)COC(=O)OCn1c([S+]([O-])Cc2ccccn2)nc2ccccc21
CHEMBL276516,CC(C)CN1CCN(c2cc3c(cc2F)c(=O)c(C(=O)O)cn3C2CC2)CC1
CHEMBL13177,O=C(O)CN1CCN(C(=O)N2CCC3(CC2)CCN(c2ccncc2)C3)CC1
CHEMBL68449,CC(C)(C(=O)N1CCC(CC(=O)O)CC1)C(O)/C=C/c1ccc(C(=N)N)cc1
CHEMBL66261,CC(C)(CCC(=O)c1ccc(C(=N)N)cc1)C(=O)N1CCC(CC(=O)O)CC1
CHEMBL302492,CC(C)NC(=O)OCc1cn(C)c(-c2ccccc2)c1COC(=O)NC(C)C
CHEMBL286706,CC(C)c1ccc(/C(=C\CC(N)C(=O)[O-])c2ccc(C(C)(C)C)cc2)cc1.[Na+]
CHEMBL416522,Cc1ccccc1C(C)C(CS)C(=O)NC(Cc1ccc(O)cc1)C(=O)O
CHEMBL267766,CCC(c1ccccc1)C(CS)C(=O)NC(Cc1ccc(O)cc1)C(=O)O
CHEMBL287641,O=C(O)CCCCCCC(=O)N1CCC2(CC1)CCN(c1ccncc1)CC2
CHEMBL309093,CCCCCCSc1nsnc1C1=CCCN(C)C1.O=C(O)C(=O)O
CHEMBL28611,CCOC(=O)c1ccc(NC(=O)CCCCC(=O)c2ccc(Cl)cc2)cc1
CHEMBL267547,CCCCc1nc(CO)c(Cl)n1Cc1ccc(-n2cccc2C(=O)O)cc1
CHEMBL12190,CCCCc1nc(Cl)c(CO)n1Cc1ccc(-n2cccc2C(=O)O)cc1
CHEMBL65815,O=C1Cc2c(n(Cc3ccc(Br)cc3F)c(=O)c3ccccc23)O1
CHEMBL39106,CC(=O)Oc1ccc2c(c1)CCc1sc(N)nc1-2.I
CHEMBL304296,CC(=O)OC1c2ccc(Br)cc2C(n2ccccc2=O)=CC1(C)C
CHEMBL304900,COC(=O)N1CCN(C(=O)Cc2ccc(Cl)c(Cl)c2)C(CN(C)C)C1
CHEMBL64381,CCCCCCN(C)C(=O)Oc1nsnc1-c1c(Cl)cccc1Cl
CHEMBL305064,O=C(O)Cc1nn(Cc2nc3cc(F)cc(F)c3s2)c(=O)c2cccnc12
CHEMBL418565,COC(=O)Nc1cn2nc(OCc3cc(OC)c(OC)c(OC)c3)ccc2n1
CHEMBL65988,COc1cccc(-n2ncc3c(N/N=C/c4ccc(C(=O)O)cc4)ncnc32)c1
CHEMBL304785,COC(=O)Cc1ccc(S(=O)(=O)N2C(=O)CN(c3ccccc3)C2=O)cc1
CHEMBL281014,COC(=O)c1cc2cc(S(C)(=O)=O)ccc2n1Cc1ccc([N+](=O)[O-])cc1
CHEMBL75818,CC(C)COC(=O)n1c2cc(F)ccc2c2oc(C(=O)N3CCOCC3)cc21
CHEMBL75820,CCCCOC(=O)n1c2cc(F)ccc2c2oc(C(=O)N3CCOCC3)cc21
CHEMBL304338,COC(=O)Cc1cccc(S(=O)(=O)N2C(=O)CN(c3ccccc3)C2=O)c1
CHEMBL65525,N=C(N)c1ccc(N2CCC3(CCN(C(=O)COCC(=O)O)CC3)C2=O)cc1
CHEMBL441428,CO/C(O)=C1\C(C)=NC(C)=C(C(=O)OCC(C)C)C1c1ccccc1[N+](=O)[O-]
CHEMBL291537,COc1ccc(-c2nc3cc(C(=O)O)ccc3[nH]2)cc1OCCc1ccccc1
CHEMBL298057,CCOC(=O)Nc1cc2c(c(N)n1)N=C(c1ccccc1)C(c1ccccc1)O2
CHEMBL67211,CC(C)n1cc(-c2ccc(Oc3ccccc3C(=O)O)cc2)c2c(N)ncnc21
CHEMBL63721,N=C(N)c1ccc(N2CC3(CCN(C(=O)NCCC(=O)O)CC3)NC2=O)cc1
CHEMBL68773,CC(C)n1cc(-c2ccc(Oc3ccc(C(=O)O)cc3)cc2)c2c(N)ncnc21
CHEMBL35498,NS(=O)(=O)c1nc2ccc(OC(=O)CNCCNCC(=O)O)cc2s1
CHEMBL15113,CCNCC1CCN(c2cc3c(c(N)c2F)c(=O)c(C(=O)O)cn3C2CC2)C1
CHEMBL15197,CNC(C)C1CCN(c2cc3c(c(N)c2F)c(=O)c(C(=O)O)cn3C2CC2)C1
CHEMBL311163,CCN1CCC2(CCN(c3nc4c(cc3F)c(=O)c(C(=O)O)cn4CC)C2)C1
CHEMBL70707,CC(=O)OCN1C(=O)C(Cc2ccccc2)N(Cc2ccccc2)S1(=O)=O
CHEMBL73515,CCn1cc(C(=O)O)c(=O)c2cc(F)c(N3CCCC4(CCCNC4)C3)nc21
CHEMBL68074,CC(C)(CNC(=O)c1ccc(C(=N)N)cc1)C(=O)N1CCC(CC(=O)O)CC1
CHEMBL273672,CC(c1ccc(N)cc1)C(CS)C(=O)NC(Cc1ccc(O)cc1)C(=O)O
CHEMBL58257,CC(=O)OCC#CCN1CCN(C2c3ccccc3CCc3ccccc32)CC1
CHEMBL434014,CSc1csc(Sc2cc3c(cc2NS(C)(=O)=O)COC3=O)n1
CHEMBL55848,CC(C)COC(=O)CCc1cc(CN2CCCC2)c(O)c(CN2CCCC2)c1
CHEMBL268470,CS(=O)(=O)c1ccc(-c2cc(Cl)cnc2-c2ccc(C(=O)O)nc2)cc1
CHEMBL430279,CCCCc1nc(Cl)c(CO)n1Cc1ccc(-c2occc2C(=O)O)cc1
CHEMBL8934,CCOC(=O)Nc1cc2c(c(N)n1)N=C(CN(C)c1ccc(Cl)cc1)CN2
CETIRIZINE,O=C(O)COCCN1CCN(C(c2ccccc2)c2ccc(Cl)cc2)CC1
CHEMBL19597,O=C(CCCCCI)OCn1oc(=O)c2ccccc21
CHEMBL275602,O=C(O)CCCCCCCNC(=O)c1ccccc1I
CHEMBL16726,O=C(O)CCCCCCCNC(=O)c1ccc(I)cc1
CHEMBL16851,O=C(O)CCCCCCCNC(=O)c1cccc(I)c1
CHEMBL72873,CNC1CN(c2nc3c(cc2F)c(=O)c(C(=O)O)cn3C2CC2)C/C1=N\OC
GEMIFLOXACIN,CO/N=C1\CN(c2nc3c(cc2F)c(=O)c(C(=O)O)cn3C2CC2)CC1CN
CHEMBL73202,O=C(O)c1cn(C2CC2)c2c(F)c(N3CCC4(CCNC4)C3)c(F)cc2c1=O
CHEMBL282651,CC(=O)OC1(c2ccccc2)Sc2ccc(C(F)(F)F)cc2-n2cccc21
CHEMBL74011,O=C(O)c1cn(C2CC2)c2c(F)c(N3CCC4(CCCN4)C3)c(F)cc2c1=O
CHEMBL285189,NS(=O)(=O)c1nc2ccc(OCCOC(=O)CNCC(=O)O)cc2s1
CHEMBL33007,COC(=O)CCC(=O)Nc1cccc(OCc2ccc3ccccc3n2)c1C#N
CHEMBL62243,O=C(/N=C(/NCc1ccccc1)NC(=O)Oc1ccccc1)Oc1ccccc1
CHEMBL39791,Fc1ccc(OCc2ccc(CN3CCCCC3)cc2)cc1.O=C(O)C(=O)O
CHEMBL305592,CC1COc2c(N3CCC(CN(C)C)C3)c(F)cc3c(=O)c(C(=O)O)cn1c23
CHEMBL275395,COc1c(N2CCC(C)(CN)C2)c(F)cc2c(=O)c(C(=O)O)cn(C3CC3)c12
CHEMBL15028,COc1c(N2CCC(CN)CC2)c(F)cc2c(=O)c(C(=O)O)cn(C3CC3)c12
CHEMBL418129,CCn1cc(C(=O)O)c(=O)c2cc(F)c(N3CCN(CCC(C)=O)CC3)cc21
CHEMBL418169,COc1c(N2CCCC(CN)C2)c(F)cc2c(=O)c(C(=O)O)cn(C3CC3)c12
CHEMBL44271,CC(=O)c1ccc(N2CC(COS(=O)(=O)c3ccc(C)cc3)OC2=O)cc1
CHEMBL15541,CCNCC1CCN(c2c(F)cc3c(=O)c(C(=O)O)cn4c3c2OCC4C)C1
CHEMBL15170,CCOc1c(N2CCCC(N)C2)c(F)cc2c(=O)c(C(=O)O)cn(C3CC3)c12
CHEMBL60778,CCn1cc(C(=O)O)c(=O)c2cc(F)c(N3CCN(C(C)C(C)=O)CC3)cc21
CHEMBL32048,CC1=C(C(=O)O)N2C(=O)C(NC(=O)CCO/N=C\c3ccccc3)C2SC1
CHEMBL15372,CCOc1c(N2CCNC(C)C2)c(F)cc2c(=O)c(C(=O)O)cn(C3CC3)c12
CHEMBL15426,COc1c(N2CC(C)NC(C)C2)c(F)cc2c(=O)c(C(=O)O)cn(C3CC3)c12
CHEMBL39472,CSc1c(-c2ccc(-c3ccccc3)cc2)nc2ccc(F)cc2c1C(=O)O
CHEMBL21849,N#CN/C(=N/C1CC1)Nc1ccc(/C(=C\CCCC(=O)O)c2cccnc2)cc1
CHEMBL424049,CCOC(=O)/C=C(\C)c1ccc2c(C)cc(Oc3ccc(C(=N)N)cc3)nc2c1
CHEMBL281621,N#CN/C(=N/C1CC1)Nc1cccc(/C(=C\CCCC(=O)O)c2cccnc2)c1
CHEMBL11227,CC(c1ccc(O)cc1)C(CS)C(=O)NC(Cc1ccc(O)cc1)C(=O)O
CHEMBL30188,CCNCC1CCN(c2cc3c(cc2F)c(=O)c(C(=O)O)cn3C(C)(C)C)C1
CHEMBL28948,COc1cccc(Sc2c(C(=O)O)n(Cc3ccccc3)c3ccccc23)c1
CHEMBL303271,CSc1nc2c(C)ccnc2n1Cc1ccc(-c2ccccc2C(=O)O)cc1
CHEMBL19156,COC(=O)c1sc(C(C)(C)C)cc1NC(=O)Nc1ccc(NC(C)=O)cc1
CHEMBL59326,COc1cc2ccccc2cc1C(=O)OCC1CCN(Cc2ccccc2)CC1
CHEMBL283895,O=C1NC(Cc2ccccc2)C2(CCN(CCc3c[nH]c4ccccc34)CC2)O1
CHEMBL433255,COc1cc2ccccc2cc1OC(=O)CC1CCN(Cc2ccccc2)CC1
CHEMBL283477,O=C1OC2(CCN(CCc3c[nH]c4ccccc34)CC2)CN1Cc1ccccc1
CHEMBL70076,CC(C)NC(=O)OCC1=C(COC(=O)NC(C)C)C(c2ccccc2)N(C)C1
CHEMBL416214,CCCCCC(=O)OC1=C(c2ccccc2)Sc2ccccc2-n2cccc21
CHEMBL286210,CCOC(=O)c1ccc(NCCCc2ccc(Cl)cc2)cc1C(=O)OCC
CHEMBL68367,CCn1cc(C(=O)O)c(=O)c2cc(F)c(-n3cnc(C(=O)N(C)C)c3)c(F)c21
CHEMBL417922,CNC(=O)OCc1c2c(n(C)c1COC(=O)NC)C(=O)C(C)=C(N1CC1)C2=O
CHEMBL35771,CCn1cc(C(=O)O)c(=O)c2cc(F)c(N3CCC(CNC(C)=O)CC3)nc21
CHEMBL14714,COc1c(N2CCC(N)CC2)c(F)c(N)c2c(=O)c(C(=O)O)cn(C3CC3)c12
CHEMBL15071,COc1c(N2CCCC(N)C2)c(F)c(N)c2c(=O)c(C(=O)O)cn(C3CC3)c12
CHEMBL290676,CNc1cc(NC(=O)OC)ccc1Nc1c2ccccc2nc2c(F)cccc12
CHEMBL31212,CC(=O)OCC1=C(C(=O)O)N2C(=O)C(NC(=O)Cc3ccccc3)C2SC1
CHEMBL418355,CCOc1c(N2CCC(N)C2)c(F)c(N)c2c(=O)c(C(=O)O)cn(C3CC3)c12
CHEMBL39149,CNc1cc(NC(=O)OC)ccc1Nc1c2ccccc2nc2cc(F)ccc12
CHEMBL301642,CC(=O)OC(CCCN1CCN(c2ncc(F)cn2)CC1)c1ccc(F)cc1
CHEMBL292239,CC1(C)Cc2c(-c3ccccc3)c(-c3ccc([N+](=O)[O-])cc3)c(CC(=O)O)n2C1
CHEMBL282740,O=C(C(=O)N1CCCC(C(=O)OCc2ccccc2)C1)c1c[nH]c2ccccc12
CHEMBL13679,C#CCN(Cc1ccc2nc(N)nc(O)c2c1)c1ccc(CCCC(=O)O)cc1
CHEMBL16842,Cc1c2cc[n+](C)cc2c(C)c2c1[nH]c1ccc(O)c(/N=C(/C(=O)O)C(C)C)c12
CHEMBL29593,CCNCC1CCN(c2nc3c(cc2F)c(=O)c(C(=O)O)cn3C(C)(C)C)C1
CHEMBL289043,O=C([O-])CCN1CCN(CCOC(c2ccccc2)c2ccccc2)CC1.[Na+]
CHEMBL70344,CCOC(=O)CCN1CCC(C(=O)OC)(N(C(=O)CC)c2ccccc2)CC1
CHEMBL420187,CCC(=O)N(c1ccccc1)C1(C(=O)OC)CCN(CCCC(=O)OC)CC1
CHEMBL307590,CN(C)CCSc1nc2ccccc2cc1C1CCCC1.O=C(O)C(=O)O
CHEMBL58213,CCc1c(Sc2cc(C)cc(C)c2)n(CCCCC(=O)OC)c(=O)[nH]c1=O
CHEMBL282824,Nc1c(CC(=O)[O-])cc(Br)cc1C(=O)c1ccc(Cl)cc1.[Na+]
CHEMBL538408,Nc1c(CC(=O)[O-])cccc1C(=O)c1ccc(Br)cc1Cl.[Na+]
CHEMBL28507,Nc1c(CC(=O)[O-])cc(Cl)cc1C(=O)c1ccc(Br)cc1.[Na+]
CHEMBL74186,CC(C)OC(=O)n1c2cc(Cl)ccc2c2oc(C(=O)N3CCOCC3)cc21
CHEMBL72852,CCCOC(=O)n1c2cc(Cl)ccc2c2oc(C(=O)N3CCOCC3)cc21
CHEMBL37142,O=C(O)C(CCCCn1cnc2c1NC=NCC2O)Cc1ccc(Cl)cc1
CHEMBL19727,CC(C)c1cccc2c(Cl)cc(-c3ccc(-c4ccc(C(=O)O)cc4)[nH]3)nc12
CHEMBL433444,O=C(O)C(CCCCn1cnc2c1NC=NCC2O)Cc1cccc(Cl)c1
PONALRESTAT,O=C(O)Cc1nn(Cc2ccc(Br)cc2F)c(=O)c2ccccc12
CHEMBL71727,O=C(O)Cn1nc(C(=O)O)cc1-c1ccc(-c2ccc(Cl)cc2Cl)cc1
CHEMBL24716,COC(=O)C1=C(C)N=C(C)/C(=C(\O)OC)C1c1c(F)c(F)c(F)c(F)c1F
CHEMBL26454,COC(=O)C1=C(C)N=C(C)/C(=C(\O)OC)C1c1ccc([N+](=O)[O-])cc1[N+](=O)[O-]
CHEMBL306244,O=C(O)Cc1nn(Cc2nc3cc(C(F)(F)F)ccc3s2)c2ccccc12
CHEMBL29175,CON=C1CCN(c2c(F)cc3c(=O)c(C(=O)O)cn(C4CC4)c3c2F)CC1
CHEMBL44491,CCOCn1c(C(OC(C)=O)c2cccc([N+](=O)[O-])c2)c(CC)c(=O)[nH]c1=O
CHEMBL46077,N=C(N)c1cccc(Oc2ccc(C(=O)O)c(Oc3cccc(C(=N)N)c3)n2)c1
CHEMBL48604,N=C(N)c1cccc(Oc2cc(C(=O)O)cc(Oc3cccc(C(=N)N)c3)n2)c1
CHEMBL279647,Cc1c(F)c(N2CCC(C)(CN)C2)c(F)c2c1c(=O)c(C(=O)O)cn2C1CC1
CHEMBL282454,CCn1cc(C(=O)O)c(=O)c2c(N3CCCC3)c(F)c(N3CCCC3)c(F)c21
CHEMBL59027,Cc1c(N2CCC(CN)(CF)C2)c(F)cn2c(=O)c(C(=O)O)cc(C3CC3)c12
CHEMBL40406,CCC1Cc2cc(OC(C)=O)ccc2-c2c(C=O)c3cc(OC(C)=O)ccc3n21
PD-117558,CCNCC1CCN(c2c(F)cc3c(=O)c(C(=O)O)cn(C4CC4)c3c2F)C1
CHEMBL307032,CCn1cc(C(=O)O)c(=O)c2cc(F)c(N3CCC4(CCN(C)C4)C3)c(F)c21
DIETHYLCARBAMAZINE CITRATE,CCN(CC)C(=O)N1CCN(C)CC1.O=C(O)CC(O)(CC(=O)O)C(=O)O
CHEMBL48768,CCC1(O)C(=O)OCc2c1cc1n(c2=O)Cc2cc3ccc(N(C)C)cc3nc2-1
CHEMBL6792,C#CCNc1cccc(-c2ccc(N3CC(CNC(C)=O)OC3=O)cc2)cc1=O
CHEMBL303870,COC(=O)c1cc(-c2ccc(S(N)(=O)=O)cc2)c(-c2ccc(F)cc2)s1
CHEMBL307983,COC(=O)c1cc(-c2ccc(F)cc2)c(-c2ccc(S(N)(=O)=O)cc2)s1
CHEMBL273724,CC(c1ccc(F)cc1)C(CS)C(=O)NC(Cc1ccc(O)cc1)C(=O)O
CHEMBL305811,CCOC(=O)C(CC)c1ccc2c(C)cc(Oc3ccc(C(=N)N)cc3)nc2c1
CHEMBL48006,CC(C)(C)n1cc(C(=O)O)c(=O)c2cc(N)c(N3CCc4ccccc4C3)cc21
CHEMBL75255,CCOC(=O)C(C)(C)c1ccc2c(C)cc(Oc3ccc(C(=N)N)cc3)nc2c1
CHEMBL21072,CC(C)(C)/N=C(\NC#N)Nc1cccc(/C(=C\CCC(=O)O)c2cccnc2)c1
CHEMBL22721,CC(C)/N=C(/NC#N)Nc1cccc(/C(=C\CCCC(=O)O)c2cccnc2)c1
CHEMBL33609,CCCC(=O)OC1=C(c2ccc(OC)cc2)Sc2ccccc2-n2cccc21
CHEMBL55676,COC(=O)c1cccc(-c2ccc(NC(=O)CCS)cc2-c2ccccc2)c1
CHEMBL25337,Cc1cc2c(cc1C1=NOC(c3ccc(C(=O)O)cc3)C1)C(C)(C)CCC2(C)C
CHEMBL273488,O=C(O)c1c(-c2ccc3c(c2)OCO3)c2cc(Cl)ccc2n1-c1ccccc1
CHEMBL282185,COC(=O)c1cc2cc(S(C)(=O)=O)ccc2n1C(=O)c1ccc(Cl)cc1
CHEMBL69371,O=C(O)Cc1nn(Cc2ccc(Br)cc2F)c(=O)c2ncccc12
CHEMBL62434,CC1(CC(=O)O)C(=O)N(Cc2ccc(Cl)c(Cl)c2)C(=O)c2ccccc21
CHEMBL6655,CN1Cc2c(C(=O)OC(C)(C)C)ncn2-c2ccc(Br)cc2C1=O
MIPITROBAN,CC(C)(CC(=O)O)Cc1nc2cc(Cl)cnc2n1Cc1ccc(Cl)cc1
CHEMBL65501,CCC(=O)OCc1c(F)c(N)c2c(=O)cc(-c3ccc(N)c(F)c3)oc2c1F
CHEMBL34552,N=C(N)Nc1cccc(C(=O)Nc2ccc(/C=C/C(=O)O)cc2C(F)(F)F)c1
CHEMBL34988,N=C(N)Nc1cccc(C(=O)Nc2ccc(/C=C/C(=O)O)c(C(F)(F)F)c2)c1
CHEMBL73138,CO/N=C1\CN(c2c(F)cc3c(=O)c(C(=O)O)cn(C4CC4)c3c2F)CC1N
CHEMBL52057,CCC1(O)C(=O)OCc2c1cc1n(c2=O)Cc2cc3cc4c(cc3nc2-1)OCO4
CHEMBL63401,CN1C(=O)Nc2ccc(OC(=O)/C=C/c3ccccc3)cc2C12NC(=O)NC2=O
CHEMBL51312,CCC1(O)C(=O)OCc2c1cc1n(c2=O)Cc2cc3ccc(C(=O)O)cc3nc2-1
CHEMBL72026,CCCCCC(=O)N1C/C(=C(\C)Cn2nnc(C(=O)OC)c2C(=O)OC)C1=O
CHEMBL37466,Cc1oc(-c2ccccc2)nc1COc1ccc(CCC2OC(=O)NC2=O)cc1
CHEMBL53302,COC(=O)/C=C/C(=O)Nc1ccc(-c2nccc3cc(OC)c(OC)cc23)cc1
CHEMBL42458,CNc1c(F)c(N2CCN(C)CC2)c(F)c2c1c(=O)c(C(=O)O)cn2C1CC1
CHEMBL15472,NCC1CCCN(c2c(F)c(N)c3c(=O)c(C(=O)O)cn(C4CC4)c3c2F)C1
CHEMBL275830,CC1(CN)CCN(c2c(F)c(N)c3c(=O)c(C(=O)O)cn(C4CC4)c3c2F)C1
CHEMBL275174,CNCC1CCN(c2c(F)c(N)c3c(=O)c(C(=O)O)cn(C4CC4)c3c2F)C1
CHEMBL43379,CC1CN(c2c(F)c(N)c3c(=O)c(C(=O)O)cn(C4CC4)c3c2F)CCN1C
CHEMBL42068,CC1(C)CN(c2c(F)c(N)c3c(=O)c(C(=O)O)cn(C4CC4)c3c2F)CCN1
CHEMBL289497,O=C1NC(=O)C(CCCc2ccc(OCc3coc(-c4ccccc4)n3)cc2)O1
REGLITAZAR,Cc1oc(-c2ccccc2)nc1CCOc1ccc(CC2C(=O)NOC2=O)cc1
CHEMBL10206,CCc1c2c(nc3ccc(O)cc13)-c1cc3c(c(=O)n1C2)COC(=O)C3(O)CC
CHEMBL300654,COC(=O)/C=C\C(=O)Nc1ccc(-c2nccc3cc(OC)c(OC)cc23)cc1
CHEMBL50289,Nc1nc(=O)n(CCN2C(=O)CSC2COC(=O)c2ccccc2)cc1F
CHEMBL15273,CC1CN(c2c(F)c(N)c3c(=O)c(C(=O)O)cn(C4CC4)c3c2F)CC(C)N1
CHEMBL308038,CCOC(=O)c1[nH]c2ccc(CCN3C(=O)CNC3=O)cc2c1-c1ccncc1
CHEMBL297871,CCO/C(O)=C1\C(COCCN)=NC(C)=C(C(=O)OC)C1c1ccccc1F
CHEMBL286336,COC(=O)c1ccccc1C(=O)/C=C/c1ccc(C(=O)Nc2nccs2)cc1
CHEMBL64046,CC(=O)Oc1ccc(C(=O)N2CCC(N3C(=O)CCc4ccccc43)CC2)cc1
CHEMBL64332,CC(=O)Oc1ccccc1C(=O)N1CCC(N2C(=O)CCc3ccccc32)CC1
CHEMBL64836,CC(=O)Oc1cccc(C(=O)N2CCC(N3C(=O)CCc4ccccc43)CC2)c1
CHEMBL305270,CCc1cc(C)nc(OC(C(=O)O)C(OC)(c2ccccc2)c2ccccc2)n1
CHEMBL62344,COC(=O)c1ccc(C(=O)N2CCC(N3C(=O)CCc4ccccc43)CC2)cc1
CHEMBL45011,CCOC(=O)Nc1c(OCCN2CCCCC2)c(OC)c2occc2c1OC
CHEMBL300987,CCOC(=O)c1c(C)[nH]c2ccc3c(c12)CN1CCc2ccc(OC)cc2C1O3
CHEMBL63938,Cc1ccc(OC(=O)c2sccc2S(=O)(=O)Nc2onc(C)c2C)cc1
CHEMBL34592,Cc1cc(/C=C/C(=O)O)cc(C)c1NC(=O)c1cccc(NC2=NCCCN2)c1
CHEMBL56746,COC(=O)c1cc(-c2ccc(OC)cc2)c(-c2ccc(N(C)C)cc2)n(C)c1=O
CHEMBL34993,CCc1cc(/C=C/C(=O)O)ccc1NC(=O)c1cccc(NC2=NCCCN2)c1
CHEMBL59898,CCOC(=O)c1c(C)[nH]c2ccc3c(c12)CN1CCc2cc(OC)ccc2C1O3
CHEMBL33096,COc1ccc(C2=C(OC(=O)N(C)C)c3cccn3-c3ccccc3S2)cc1
CHEMBL7985,COC(=O)c1cc(NC(=O)c2cccs2)ccc1OCC(O)CNC(C)C
CHEMBL8125,CC(C)(C)NCC(O)COc1ccc(NC(=O)c2cccs2)cc1C(=O)O
CHEMBL61750,CC(=O)[O-].Cc1c2cc[n+](C)cc2c(C)c2c1[nH]c1ccc(OC(C)(C)C)cc12
CHEMBL21851,N/C(=N/C1CCCC1)Nc1cccc(/C(=C\CCCC(=O)O)c2cccnc2)c1
CHEMBL43259,CCOC(=O)c1cnc(-c2ccc(Cl)s2)nc1NN1C(=O)C=C(C)C1=O
CHEMBL37553,Cc1ccc2c(c1)c(=O)n(CC(=O)O)c(=O)n2Cc1ccc(Cl)c(Cl)c1
CHEMBL285502,N=C(N)Nc1cccc(C(=O)Nc2cc(Cl)c(/C=C/C(=O)O)c(Cl)c2)c1
CHEMBL12851,O=C1c2ccccc2C(=O)c2c(O)c3c(c(O)c21)C(=O)C(C(=O)O)CN3C1CC1
CHEMBL51175,CCC1(O)C(=O)OCc2c1cc1n(c2=O)Cc2cc3ccc([N+](=O)[O-])cc3nc2-1
CHEMBL417730,CCC1(O)C(=O)OCc2c1cc1n(c2=O)Cc2cc3cc([N+](=O)[O-])ccc3nc2-1
CHEMBL440798,NS(=O)(=O)c1ccc(-n2nc(C(F)F)cc2-c2ccc(C(=O)O)cc2)cc1
CHEMBL77397,COc1cc(/C=C(\C)[N+](=O)[O-])ccc1OS(=O)(=O)c1ccc(C(=O)O)cc1
CHEMBL29296,NCC1CN(c2c(F)cc3c(=O)c(C(=O)O)cn(C4CC4)c3c2F)CCCO1
CHEMBL44366,COc1c(F)c(N2CCN(C)CC2)c(F)c2c1c(=O)c(C(=O)O)cn2C1CC1
CHEMBL283840,CC(C)=CCC(OC(=O)c1cccnc1)C1=CC(=O)c2c(O)ccc(O)c2C1=O
CHEMBL38421,Cc1ccc(-c2ccc(-c3nc4ccc(F)cc4c(C(=O)[O-])c3C)cc2)cc1.[Na+]
CHEMBL29565,NCCC1CN(c2c(F)cc3c(=O)c(C(=O)O)cn(C4CC4)c3c2F)CCO1
CHEMBL282127,CNCC1CN(c2c(F)cc3c(=O)c(C(=O)O)cn(C4CC4)c3c2F)CCO1
CHEMBL73811,CN1Cc2cc(C(=O)Nc3nc4ccccc4[nH]3)ccc2NC(CC(=O)O)C1=O
CHEMBL35965,COc1cc2c(cc1OC)-c1cc(Nc3ccccc3C(=O)O)nc(=O)n1CC2
CHEMBL40511,CC(=O)Oc1ccc2c(c1)cc1n2CCc2cc(OC(C)=O)c(OC(C)=O)cc2-1
CHEMBL417511,CC(=O)Oc1ccc2cc3n(c2c1)CCc1cc(OC(C)=O)c(OC(C)=O)cc1-3
CHEMBL41559,CC(=O)Oc1ccc2c(c1)CCn1c-2cc2cc(OC(C)=O)c(OC(C)=O)cc21
CHEMBL74504,COC(=O)C1=C(C)N=C(C)/C(=C(/O)OC)C1c1cc2ccccc2n2nnnc12
CHEMBL43011,COC(=O)c1ccc(C(CC(=O)NO)S(=O)(=O)c2ccc(OC)cc2)cc1
CHEMBL265664,CCNCC1CCN(c2c(F)cc3c(=O)c(C(=O)O)cn(C(C)C)c3c2F)C1
CHEMBL6519,C=CCNc1ccc(-c2ccc(N3CC(CNC(C)=O)OC3=O)cc2)ccc1=O
CHEMBL50347,COC(=O)CCCCCCC(=O)Nc1ccc2c(c1)C(=O)C(=O)c1ccccc1-2
CHEMBL440267,C=CCNc1cccc(-c2ccc(N3CC(CNC(C)=O)OC3=O)cc2)cc1=O
CHEMBL53631,CCCc1cc(C(=O)O)c(CO)n1Cc1ccc(-c2ccccc2C(=O)O)cc1
CHEMBL298384,COC(=O)CCCCCCC(=O)Nc1ccc2c(c1)-c1ccccc1C(=O)C2=O
CHEMBL26512,CN(CCC(Oc1ccc(-c2ccccc2)cc1)c1ccc(F)cc1)CC(=O)O
CHEMBL20885,CC(C)c1ccc2nc(Cn3nc(CC(=O)O)c4ccccc4c3=O)sc2c1
CHEMBL277928,CC(C)c1ccc2c(=O)n(Cc3nc4ccccc4s3)nc(CC(=O)O)c2c1
CHEMBL282435,CC(C)c1ccc2c(CC(=O)O)nn(Cc3nc4ccccc4s3)c(=O)c2c1
CHEMBL33884,Cn1cc(C(=O)OCC2CCN(CCNS(C)(=O)=O)CC2)c2ccccc21
CHEMBL431970,CCc1nc2c(C)cc(C)nc2n1Cc1ccc(C(C(C)C)C(C)C(=O)O)cc1
CHEMBL64665,COC(=O)C1C2CCC3CCC1N(C/C2=C\c1ccc(-c2cccs2)cc1)C3
CHEMBL61529,COC(=O)C1C2CCC3CCC1N(C/C2=C\c1ccc(-c2ccsc2)cc1)C3
CHEMBL61971,COC(=O)C1C2CCC3CCC1N(C/C2=C\c1ccc(-c2ccccc2)s1)C3
CHEMBL418417,C#CCOC(=O)Nc1ccc(Cl)c(-c2nc3cc(C(F)(F)F)ccc3[nH]2)c1
CHEMBL419254,O=C(O)Cc1nn(Cc2nc3cc(F)cc(F)c3s2)c2ccc(Cl)cc12
CHEMBL15347,NCC1CCCN(c2c(F)cc3c(=O)c(C(=O)O)cn(C4CC4)c3c2Cl)C1
CHEMBL29374,O=C(O)CCc1cccc2c1CCC(NS(=O)(=O)c1ccc(Cl)cc1)C2
CHEMBL292469,O=C(OCC1C2CC3CCC1N3C/C2=C\c1cccc(Cl)c1)c1ccccc1
CHEMBL27540,CCn1cc(C(=O)O)c(=O)c2cc(Br)c(N3CCN(C)CC3)cc21
CHEMBL44743,O=C(O)CN(C(=O)CCc1nc2c(F)c(F)cc(F)c2s1)c1ccccc1
CHEMBL49569,Cc1c(Nc2ccc(-c3ccccc3)cc2)nc2ccc(F)cc2c1C(=O)[O-].[Na+]
CHEMBL45365,Nc1c(F)c(N2CCNC(CO)C2)c(F)c2c1c(=O)c(C(=O)O)cn2C1CC1
CHEMBL290843,CC(=O)N(C)C1CCN(c2nc3c(cc2F)c(=O)c(C(=O)O)cn3CCF)C1
CHEMBL50441,Cc1c(Nc2cccc(-c3ccccc3)c2)nc2ccc(F)cc2c1C(=O)[O-].[Na+]
CHEMBL297420,CCOC(=O)c1cnc(-c2ccccc2)nc1N(C(C)=O)N1C(=O)C=C(C)C1=O
CHEMBL37296,O=C(O)c1cc(CCn2cnc3c2NC=NCC3O)cc(-c2ccc(F)cc2)c1
CHEMBL63353,N#CC1(c2ccc(OC(F)F)c(OC3CCCC3)c2)CCN(CC(=O)O)CC1
CHEMBL15169,CCNCC1CCN(c2c(F)c(N)c3c(=O)c(C(=O)O)cn(CC)c3c2F)C1
CHEMBL38334,COc1cc(NC(=O)c2cccc(NC3=NCCCN3)c2)ccc1/C=C/C(=O)O
CHEMBL417366,CCCc1nc(CO)c(C(=O)O)n1Cc1ccc(-c2ccccc2C(=O)O)cc1
CHEMBL303631,COc1cc(C)nc(OC(C(=O)O)C(OC)(c2ccccc2)c2ccccc2)n1
CHEMBL53322,CCCc1nc(C(=O)O)c(CO)n1Cc1ccc(-c2ccccc2C(=O)O)cc1
CHEMBL280951,COC(=O)c1c2c(c3c4cc(OC)c(OC)cc4n4c3c1CCC4=O)CCNC2
CHEMBL6918,C=CCOc1ccc(-c2ccc(N3CC(CNC(C)=O)OC3=O)cc2)ccc1=O
CHEMBL17400,CC(=O)Oc1ccc(-c2nc3n(c2-c2ccc(OC(C)=O)cc2)CCS3)cc1
CHEMBL51951,CCCCCC(=O)Nc1ccc2ccn(Cc3ccc(C(=O)O)cc3OC)c2c1
CHEMBL7750,CC(C)(CNC(=O)C1CCCCC1)NCC(O)COC(=O)c1ccccc1F
CHEMBL273554,COC(=O)c1sc(CCc2ccccc2)cc1NC(=O)Nc1ccc(C)cc1
CARFENTANIL,CCC(=O)N(c1ccccc1)C1(C(=O)OC)CCN(CCc2ccccc2)CC1
CHEMBL16753,CC(C)(C)c1cc(-c2nnc(SCCC(=O)O)s2)cc(C(C)(C)C)c1O
CHEMBL35051,C#CCOC(=O)Nc1ccc(Cl)c(-c2nc3cc(C(F)(F)F)ccc3o2)c1
CHEMBL302046,O=C(O)c1ccc(N2CC(=O)N(S(=O)(=O)c3ccc(Cl)cc3)C2=O)cc1
CHEMBL303908,O=C(O)c1ccccc1N1CC(=O)N(S(=O)(=O)c2ccc(Cl)cc2)C1=O
CHEMBL69849,O=C(O)c1cccc(N2CC(=O)N(S(=O)(=O)c3ccc(Cl)cc3)C2=O)c1
CHEMBL299757,CCC(=O)O/C(=C1\C(=O)N(C(N)=O)c2cc(Cl)c(F)cc21)c1cccs1
CHEMBL15341,CC1CN(c2c(F)c(N)c3c(=O)c(C(=O)O)cn(C4CC4)c3c2Cl)CCN1
CHEMBL66006,O=C(O)Cc1nn(Cc2ccc(Br)cc2F)c(=O)c2c1CCCC2
CHEMBL49516,Cc1c(Oc2ccc(-c3ccccc3)cc2)nc2ccc(F)cc2c1C(=O)[O-].[Na+]
CHEMBL49129,Cc1c(Oc2cccc(-c3ccccc3)c2)nc2ccc(F)cc2c1C(=O)[O-].[Na+]
CHEMBL74763,COc1ccc(/C=C/C(=O)OCc2cc(O)nc3cc(OC)c(OC)cc23)cc1
CHEMBL15740,CCNCC1CCN(c2c(F)c(O)c3c(=O)c(C(=O)O)cn(CC)c3c2F)C1
CHEMBL57534,Cc1oc(-c2ccccc2)nc1CCOc1ccc(CC(C(=O)O)C(=O)O)cc1
CHEMBL70783,C=CC1=C(C(=O)O)N2C(=O)C(NC(=O)/C(=N\O)c3csc(N)n3)C2SC1
CHEMBL283229,Cc1ccc(-n2cc(C(=O)O)c(=O)c3cc(F)c(N4CCN(C)CC4)cc32)cc1
CHEMBL31969,Cc1ccccc1-n1cc(C(=O)O)c(=O)c2cc(F)c(N3CCN(C)CC3)cc21
CHEMBL42347,CN1CCN(c2c(F)c(S)c3c(=O)c(C(=O)O)cn(C4CC4)c3c2F)CC1
CHEMBL283980,CC(C)c1cccc(C(C)C)c1OS(=O)(=O)NC(=O)Oc1ccc(F)cc1
CHEMBL12877,O=C(O)COc1ccc(C(=O)N2CCC3(CC2)CCN(c2ccncc2)C3)cc1
CHEMBL7639,COc1ccc(CCNCC(O)C(=O)Oc2cccc3ccccc23)cc1OC
CHEMBL12953,O=C(O)COc1cccc(C(=O)N2CCC3(CC2)CCN(c2ccncc2)C3)c1
CHEMBL18876,CCOC(=O)/C=C/c1nc(-c2ccc(OC)cc2)c(-c2ccc(OC)cc2)s1
CHEMBL50389,CCN(CC)C(=O)/C=C(\C)c1ccc(OC(C)c2ccccc2)c(CC(=O)O)c1
CHEMBL67712,CC(C)(C)OC(=O)N1CCCN(c2c3c(nc4ccccc24)CCCCC3)CC1
CHEMBL6849,NS(=O)(=O)c1cc(C(=O)NN2Cc3ccccc3C2C(=O)O)ccc1Cl
CHEMBL284218,NCC1CN(c2c(F)cc3c(=O)c(C(=O)O)cn(C4CC4)c3c2Cl)CCO1
CHEMBL416404,O=C([O-])c1cc(=O)c2ccccc2n1Cc1cc2c(cc1Cl)OCO2.[K+]
CHEMBL40371,CCOC(=O)c1cnc2ccc(C#N)cc2c1NCc1ccc(OC)c(Cl)c1
CHEMBL54069,CCOC(=O)c1ncn2c1CN(Cc1ccccc1)C(=O)c1c(Cl)cccc1-2
CHEMBL52934,CCOC(=O)c1ncn2c1CN(Cc1ccccc1)C(=O)c1cc(Cl)ccc1-2
CHEMBL15592,CCNCC1CCN(c2c(F)cc3c(=O)c(C(=O)O)cn(CC)c3c2Cl)C1
CHEMBL38110,O=C(O)Cn1c2ccc([N+](=O)[O-])cc2c(=O)n1Cc1ccc(Cl)c(Cl)c1
CHEMBL418739,C[S+]([O-])c1cc2n(c1C(=O)c1ccc(Br)cc1)CCC2C(=O)O
CHEMBL416225,CCCc1c2nc(C(=O)[O-])cc(C#N)c2cc2c(=O)cc(C(=O)[O-])oc12.[Na+].[Na+]
CHEMBL63409,C[N+]1(C)C2CCC1CC(OC(=O)n1c(=O)[nH]c3ccccc31)C2.[Br-]
CHEMBL307109,O=C(O)C1C2C(=O)N(CO)C(=O)C2C(C(=O)O)C2C3C(=O)N(CO)C(=O)C3C12
CHEMBL73209,COC(=O)n1c2cc(C(F)(F)F)ccc2c2oc(C(=O)N3CCOCC3)cc21
CHEMBL35544,Cc1cn(C2CC(N=[N+]=[N-])C(COC(=O)CCC(N)C(=O)O)O2)c(=O)[nH]c1=O
CHEMBL301405,CC(=O)OCC(COC(C)=O)OC(COC(C)=O)n1cnc2c(O)ncnc21
CHEMBL295028,Nc1c(F)c(N2CCNC(CF)C2)c(F)c2c1c(=O)c(C(=O)O)cn2C1CC1
CHEMBL278522,O=C(O)Cc1nn(Cc2nc3ccccc3s2)c(=O)c2ccc([N+](=O)[O-])cc12
CHEMBL20116,O=C(O)Cc1nn(Cc2nc3ccccc3s2)c(=O)c2cc([N+](=O)[O-])ccc12
CHEMBL63648,COc1cc(OC)nc(OC(C(=O)O)C(O)(c2ccccc2)c2ccccc2)n1
CHEMBL289738,Cc1oc(-c2ccco2)nc1COc1ccc(CCCC2OC(=O)NC2=O)cc1
CHEMBL45890,CN1CCN(c2cc3c(cc2N)c(=O)c(C(=O)O)cn3-c2ccc(F)cc2)CC1
CHEMBL264027,CCCN(CCNC(C)=O)C1COc2cccc(OC)c2C1.O=C(O)C(=O)O
CHEMBL27157,COc1ccc(C(=O)N2CCC(N3C(=O)OCc4ccccc43)CC2)c(OC)c1
CHEMBL69135,CC1(C)CCC(C)(C)c2cc([N+](=O)[O-])c(NC(=O)c3ccc(C(=O)O)cc3)cc21
CHEMBL432123,CCCCOC(=O)Nc1ccc2ccn(Cc3ccc(C(=O)O)cc3OC)c2c1
CHEMBL58480,CC(NC(CCc1ccccc1)C(=O)O)C(=O)N1Cc2ccccc2C1C(=O)O
CHEMBL37557,COc1cc(NC(=O)c2cccc(NC3=NCCCN3)c2)ccc1CCC(=O)O
CHEMBL288584,CC(c1ccccc1)C(CS)C(=O)NC(Cc1c[nH]c2ccccc12)C(=O)O
CHEMBL287936,CCCCc1ncc(/C=C(\Cc2cccs2)C(=O)O)n1Cc1ccccc1O
CHEMBL57596,COC(=O)C1C2CC3CCC1N3C/C2=C\c1ccc(Br)c(Cl)c1
CHEMBL15806,CCn1cc(C(=O)O)c(=O)c2c(N)c(F)c(N3CC(C)NC(C)C3)c(Cl)c21
CHEMBL428706,COC(=O)C1C2CCC(CC1c1ccc(/C=C\I)cc1)N2
CHEMBL296896,CCOC(=O)c1cnc(-c2cccc([N+](=O)[O-])c2)nc1NN1C(=O)C=C(C)C1=O
CHEMBL39188,Cc1c(-c2ccc(-c3ccc(F)cc3)cc2)nc2ccc(F)cc2c1C(=O)[O-].[Na+]
CHEMBL38978,Cc1c(-c2ccc(-c3cccc(F)c3)cc2)nc2ccc(F)cc2c1C(=O)[O-].[Na+]
BREQUINAR SODIUM,Cc1c(-c2ccc(-c3ccccc3F)cc2)nc2ccc(F)cc2c1C(=O)[O-].[Na+]
CHEMBL69350,Cc1c(CC(=O)O)nn(Cc2nc3cc(C(F)(F)F)ccc3s2)c(=O)c1C
CHEMBL415287,CCNCC1CCN(c2c(F)cc3c(=O)c(C(=O)O)cn(CCF)c3c2F)C1
CHEMBL32347,CN1CCN(c2cc3c(cc2F)c(=O)c(C(=O)O)cn3-c2ccc(O)cc2)CC1
CHEMBL11705,COC(=O)Nc1nc2cc(C(=O)Nc3nc4ccc(OC)cc4s3)ccc2[nH]1
CHEMBL38591,O=C(O)c1c(=O)c2cc(F)c(N3CCNCC3)cc2n2c1sc1ccccc12
CHEMBL48829,CCCCOC(=O)Nc1ccc2cnn(Cc3ccc(C(=O)O)cc3OC)c2c1
CHEMBL6935,CC(C)(CNC(=O)N1CCOCC1)NCC(O)COC(=O)c1ccccc1F
CHEMBL418007,CSc1ccc2sc(Cn3nc(CC(=O)O)c4ccccc4c3=O)nc2c1
CHEMBL278414,Cc1ccc2c(c1)N(C(=O)N1CCNCC1)Cc1c(C(=O)OC(C)(C)C)ncn1-2
CHEMBL305943,O=C(NCCCN1CCN(C(=O)OCc2ccccc2)C1)OCc1ccccc1
CHEMBL303691,COC(=O)C(Cc1ccc(OCCN(C)c2nc3ccccc3o2)cc1)N(C)C
CHEMBL12861,COc1cc(C)cc(OC)c1OC(=O)C(CCS(C)(=O)=O)N1C=CCCC1
CHEMBL299471,CCC(=O)OC1(c2ccccc2)CCN(CCCC(=O)c2ccc(F)cc2)CC1
CHEMBL72430,CCCC(C)COc1nsnc1C1=CCCN(C)C1.O=C(O)/C=C/C(=O)O
CHEMBL308744,CCC(C)CCOc1nsnc1C1=CCCN(C)C1.O=C(O)/C=C/C(=O)O
CHEMBL306395,CCCCC(C)Oc1nsnc1C1=CCCN(C)C1.O=C(O)/C=C/C(=O)O
CHEMBL76107,CC(C)CCCOc1nsnc1C1=CCCN(C)C1.O=C(O)/C=C\C(=O)O
CHEMBL443795,CC(C)c1ccc2c(CCNS(=O)(=O)c3ccccc3)cc(C(=O)O)c-2cc1
CHEMBL435574,COC(=O)C(C)(C)c1nc(-c2ccc(OC)cc2)c(-c2ccc(OC)cc2)s1
CHEMBL54457,O=C(O)C1CCCN1C(=O)C(Cc1ccccc1)CC(S)Cc1ccccc1
CHEMBL281338,CC(C)(C)/N=C(/S)Nc1cccc(/C(=C\CCCC(=O)O)c2cccnc2)c1
CHEMBL56883,CC(/C=C/C=C(\C)C(=O)Nc1c(C)cc(C(C)(C)C)cc1C(C)(C)C)=C\C(=O)O
CHEMBL60576,COC(=O)/C=C(C)/C=C/C=C(\C)C(=O)Nc1ccc(C(C)(C)C)cc1C(C)(C)C
CHEMBL415919,CN1CCN(c2c(F)c(Cl)c3c(=O)c(C(=O)O)cn(C4CC4)c3c2F)CC1
CHEMBL46555,CC1CN(c2c(F)c(Cl)c3c(=O)c(C(=O)O)cn(C4CC4)c3c2F)CCN1
CHEMBL32657,COc1ccc(C2=C(OC(C)=O)c3cccn3-c3cc(Cl)ccc3S2)cc1
CHEMBL284532,COc1ccc(C2=C(OC(C)=O)c3cccn3-c3cccc(Cl)c3S2)cc1
CHEMBL287390,COc1ccc(C2=C(OC(C)=O)c3cccn3-c3ccc(Cl)cc3S2)cc1
CHEMBL303007,CCn1cc(C(=O)O)c(=O)c2cc(F)c(-n3cnc(Br)c3)c(F)c21
CHEMBL20338,O=C(CCCc1ccc(I)cc1)OCCCc1c[nH]cn1
CHEMBL293927,C[N+]1(C)C2CC(OC(=O)C(CO)c3ccccc3)CC1C1OC12.[Br-]
CHEMBL19337,Cc1c[n+](CCC(=O)O)ccc1/C=C/c1cccc2ccccc12.[Br-]
CHEMBL19487,CCOC(=O)C[n+]1ccc(/C=C/c2cccc3ccccc23)cc1.[Br-]
CHEMBL39464,O=C(COc1ccc(C(=O)Nc2ccc(F)cc2)cn1)OCc1cccc(F)c1
CHEMBL9207,COc1cc(C2c3cc4c(cc3N=C3COC(=O)N32)OCO4)cc(OC)c1OC
SULFASALAZINE,O=C(O)c1cc(/N=N/c2ccc(S(=O)(=O)Nc3ccccn3)cc2)ccc1O
CHEMBL285192,COc1cc(NC(=O)c2cccc(NC3=NCCCN3)c2)ccc1OCC(=O)O
CHEMBL290628,CCCCNC(=O)Oc1ccc2c(c1)c(C)cn2N(CCC)c1ccncc1F
CHEMBL36583,CCN(CC)CCOC(=O)C(C)(c1ccccc1)c1ccc(OC(=O)NC)cc1
CHEMBL36457,O=C(O)/C=C/c1ccc(NC(=O)c2cccc(NC3=NCCCN3)c2)c(Cl)c1
CHEMBL77790,CCOc1ccc(Cl)cc1-c1cc(Nc2ccc(CC(=O)O)cc2)nc(N)n1
CHEMBL291891,Cc1noc(NS(=O)(=O)c2ccsc2C(=O)Oc2ccccc2)c1Cl
CHEMBL34152,O=C(O)/C=C/c1ccc(NC(=O)c2cccc(NC3=NCCCN3)c2)cc1Cl
CHEMBL274447,CCCCc1nc(Cl)c(CO)n1Cc1ccc(-c2ccccc2C(=O)O)cc1
CHEMBL280530,CCCCc1nc(Cl)c(CO)n1Cc1ccc(-c2cccc(C(=O)O)c2)cc1
CHEMBL284012,NC(Cc1cc(I)ccc1CCP(=O)(O)O)C(=O)O
CHEMBL62940,COC(=O)NC(=O)CC1C(=O)N(C)C(=O)c2cc(Br)c(OC)cc21
CHEMBL32482,CCCc1c2nc(C(=O)[O-])cc(C=O)c2cc2c(=O)cc(C(=O)[O-])oc12.[Na+].[Na+]
CHEMBL303848,COC(=O)C[n+]1ccc2c(C)c3[nH]c4ccccc4c3c(C)c2c1.[Br-]
CHEMBL15416,NC1CCN(c2c(F)cc3c(=O)c(C(=O)O)cn(C4CC4)c3c2C(F)(F)F)C1
CHEMBL41933,O=C1CN(c2cc3c(cc2F)c(=O)c(C(=O)O)cn3-c2ccc(F)cc2)CCN1
CHEMBL28932,CN1CCN(c2cc3c(cc2F)c(=O)c(C(=O)O)cn3-c2ccccc2F)CC1
CHEMBL20380,COc1cc2nc(Cn3nc(CC(=O)O)c4ccccc4c3=O)sc2cc1F
CHEMBL288707,O=C(O)c1cn(-c2ccc(F)cc2)c2cc(N3CCCNCC3)c(F)cc2c1=O
CHEMBL38399,CNC1CCN(c2cc3c(cc2F)c(=O)c(C(=O)O)cn3-c2ccc(F)cc2)C1
CHEMBL29334,CN1CCN(c2cc3c(cc2F)c(=O)c(C(=O)O)cn3-c2cccc(F)c2)CC1
DIFLOXACIN,CN1CCN(c2cc3c(cc2F)c(=O)c(C(=O)O)cn3-c2ccc(F)cc2)CC1
CHEMBL45238,COc1ccc(S(=O)(=O)Oc2ccccc2NC(=O)Oc2ccccc2)cc1
CHEMBL30485,CC(=O)OCC1=C(C(=O)O)N2C(=O)C(NC(=O)CCON=C(C)C)C2SC1
CHEMBL77872,CCCc1c(OCc2cccc(NC(=O)CC(=O)OC)c2)ccc(C(C)=O)c1O
CHEMBL290613,CC(=O)c1ccc(OCc2ccc(CN3CCCC3)cc2)cc1.O=C(O)C(=O)O
CHEMBL52480,COC(=O)c1ccc2c(c1)C(NC(C)=O)CCc1cc(OC)c(OC)c(OC)c1-2
CHEMBL39386,O=C(O)C(CCCCn1cnc2c1NC=NCC2O)C(=O)NCc1ccccc1
CHEMBL45779,Nc1cc2c(=O)c(C(=O)O)cn(-c3ccc(F)cc3)c2cc1N1CCSCC1
CHEMBL75931,CN(C)CCSc1nc2ccccc2cc1-c1ccccn1.O=C(O)C(=O)O
CHEMBL39644,CCc1ccc(OCc2ccc(CN3CCCCC3)cc2)cc1.O=C(O)C(=O)O
CHEMBL36590,Cc1ccc(OCc2ccc(CN3CCCCC3)cc2)cc1C.O=C(O)C(=O)O
CHEMBL72384,CCCCCCCCOc1nsnc1C1=CCCN(C)C1.O=C(O)C(=O)O
CHEMBL13967,CCNC(=O)/C(C(=O)OCC)=C(C)\C=C\C=C(C)\C=C\C1=C(C)CCCC1(C)C
CHEMBL14299,CCNC(=O)/C(C(=O)OCC)=C(C)/C=C/C=C(C)/C=C/C1=C(C)CCCC1(C)C
CHEMBL289983,O=C(O)CN1CN(Cc2ccc(Cl)c(Cl)c2)C(=O)c2cc(Cl)ccc21
CHEMBL20009,CC(c1nc2cc(Cl)ccc2s1)n1nc(CC(=O)O)c2ccccc2c1=O
CHEMBL51539,CCCN1CCN(/C(=N\c2ccccc2Cl)c2ccc(C(=O)OC)cc2)CC1
CHEMBL44922,CN1CCC(c2ccc(Cl)cc2)C(C(=O)OCCCCCc2ccccc2)C1
